ANO_ARQUIVO;TEXTO_NORMALIZADO;Ano;MÇ¦s;Empresa;Categoria;Origem;EspÇ¸cie;Desdobramento 1;Desdobramento 2;Desdobramento 3;Tipo de receita;Desdobramento interno 1;Desdobramento interno 2;Desdobramento interno 3;Desdobramento interno 4;Indicador de parcelamento;Indicador de deduÇõÇo;Desdobramento interno 5;Previsto;Arrecadado
2023;2023 | 1 | FUNDO MUNICIPAL DE HABITAO - COHAB | 1 - RECEITAS CORRENTES | 3 - RECEITA PATRIMONIAL | 2 - VALORES MOBILIRIOS | 1 - JUROS E CORREAES MONETRIAS | 05 - JUROS DE TOTULOS DE RENDA | 0 - JUROS DE TOTULOS DE RENDA | 1 - PRINCIPAL | 01 - FUNDOS DE INVESTIMENTOS E APLICAAES EM COTAS - RENDA FIXA | 09 - TESOURO MUNICIPAL - RECURSOS VINCULADOS | 023 - FUNDO MUNICIPAL DE HABITACO - COHAB | 001 - OUTORGA ONEROSA LEI 13.558/2003 ALTERADA PELA LEI 13.876/2004 | 11 - INTEGRAL | 01 - TOTAL | 000 - TOTAL | 60000.00 | .00;2023;1;Fundo Municipal de HabitaÆo - COHAB;1 - RECEITAS CORRENTES;3 - RECEITA PATRIMONIAL;2 - VALORES MOBILIµRIOS;1 - JUROS E CORREåES MONETµRIAS;05 - JUROS DE TÖTULOS DE RENDA;0 - JUROS DE TÖTULOS DE RENDA;1 - Principal;01 - FUNDOS DE INVESTIMENTOS E APLICAåES EM COTAS - RENDA FIXA;09 - TESOURO MUNICIPAL - RECURSOS VINCULADOS;023 - FUNDO MUNICIPAL DE HABITAÇO - COHAB;001 - OUTORGA ONEROSA LEI 13.558/2003 ALTERADA PELA LEI 13.876/2004;11 - Integral;01 - Total;000 - Total;60000.00;.00
2023;2023 | 1 | FUNDO MUNICIPAL DE HABITAO - COHAB | 2 - RECEITAS DE CAPITAL | 9 - OUTRAS RECEITAS DE CAPITAL | 9 - DEMAIS RECEITAS DE CAPITAL | 9 - DEMAIS RECEITAS DE CAPITAL | 99 - OUTRAS RECEITAS DE CAPITAL | 0 - OUTRAS RECEITAS DE CAPITAL | 1 - PRINCIPAL | 01 - DEMAIS RECEITAS DE CAPITAL - PRINCIPAL | 12 - OUTORGA ONEROSA - LEI DE ANISTIA | 000 - OUTORGA ONEROSA - LEI DE ANISTIA | 000 - OUTORGA ONEROSA - LEI DE ANISTIA | 11 - INTEGRAL | 01 - TOTAL | 000 - TOTAL | 1920000.00 | .00;2023;1;Fundo Municipal de HabitaÆo - COHAB;2 - RECEITAS DE CAPITAL;9 - OUTRAS RECEITAS DE CAPITAL;9 - DEMAIS RECEITAS DE CAPITAL;9 - DEMAIS RECEITAS DE CAPITAL;99 - OUTRAS RECEITAS DE CAPITAL;0 - OUTRAS RECEITAS DE CAPITAL;1 - Principal;01 - DEMAIS RECEITAS DE CAPITAL - PRINCIPAL;12 - OUTORGA ONEROSA - LEI DE ANISTIA;000 - OUTORGA ONEROSA - LEI DE ANISTIA;000 - OUTORGA ONEROSA - LEI DE ANISTIA;11 - Integral;01 - Total;000 - Total;1920000.00;.00
2023;2023 | 1 | PREFEITURA DO MUNICOPIO DE SCO PAULO | 1 - RECEITAS CORRENTES | 3 - RECEITA PATRIMONIAL | 2 - VALORES MOBILIRIOS | 1 - JUROS E CORREAES MONETRIAS | 05 - JUROS DE TOTULOS DE RENDA | 0 - JUROS DE TOTULOS DE RENDA | 1 - PRINCIPAL | 01 - FUNDOS DE INVESTIMENTOS E APLICAAES EM COTAS - RENDA FIXA | 09 - TESOURO MUNICIPAL - RECURSOS VINCULADOS | 032 - SECRETARIA MUNICIPAL DE URBANISMO E LICENCIAMENTO | 009 - OPERACO URBANA FARIA LIMA - OUTORGA HIS | 11 - INTEGRAL | 01 - TOTAL | 000 - TOTAL | 3897916.00 | 439919.76;2023;1;PREFEITURA DO MUNICÖPIO DE SÇO PAULO;1 - RECEITAS CORRENTES;3 - RECEITA PATRIMONIAL;2 - VALORES MOBILIµRIOS;1 - JUROS E CORREåES MONETµRIAS;05 - JUROS DE TÖTULOS DE RENDA;0 - JUROS DE TÖTULOS DE RENDA;1 - Principal;01 - FUNDOS DE INVESTIMENTOS E APLICAåES EM COTAS - RENDA FIXA;09 - TESOURO MUNICIPAL - RECURSOS VINCULADOS;032 - SECRETARIA MUNICIPAL DE URBANISMO E LICENCIAMENTO;009 - OPERAÇO URBANA FARIA LIMA - OUTORGA HIS;11 - Integral;01 - Total;000 - Total;3897916.00;439919.76
2023;2023 | 1 | PREFEITURA DO MUNICOPIO DE SCO PAULO | 1 - RECEITAS CORRENTES | 3 - RECEITA PATRIMONIAL | 2 - VALORES MOBILIRIOS | 1 - JUROS E CORREAES MONETRIAS | 05 - JUROS DE TOTULOS DE RENDA | 0 - JUROS DE TOTULOS DE RENDA | 1 - PRINCIPAL | 01 - FUNDOS DE INVESTIMENTOS E APLICAAES EM COTAS - RENDA FIXA | 09 - TESOURO MUNICIPAL - RECURSOS VINCULADOS | 032 - SECRETARIA MUNICIPAL DE URBANISMO E LICENCIAMENTO | 011 - OPERACO URBANA FARIA LIMA - OUTORGA | 11 - INTEGRAL | 01 - TOTAL | 000 - TOTAL | 9933052.00 | .00;2023;1;PREFEITURA DO MUNICÖPIO DE SÇO PAULO;1 - RECEITAS CORRENTES;3 - RECEITA PATRIMONIAL;2 - VALORES MOBILIµRIOS;1 - JUROS E CORREåES MONETµRIAS;05 - JUROS DE TÖTULOS DE RENDA;0 - JUROS DE TÖTULOS DE RENDA;1 - Principal;01 - FUNDOS DE INVESTIMENTOS E APLICAåES EM COTAS - RENDA FIXA;09 - TESOURO MUNICIPAL - RECURSOS VINCULADOS;032 - SECRETARIA MUNICIPAL DE URBANISMO E LICENCIAMENTO;011 - OPERAÇO URBANA FARIA LIMA - OUTORGA;11 - Integral;01 - Total;000 - Total;9933052.00;.00
2023;2023 | 1 | PREFEITURA DO MUNICOPIO DE SCO PAULO | 1 - RECEITAS CORRENTES | 3 - RECEITA PATRIMONIAL | 2 - VALORES MOBILIRIOS | 1 - JUROS E CORREAES MONETRIAS | 05 - JUROS DE TOTULOS DE RENDA | 0 - JUROS DE TOTULOS DE RENDA | 1 - PRINCIPAL | 01 - FUNDOS DE INVESTIMENTOS E APLICAAES EM COTAS - RENDA FIXA | 09 - TESOURO MUNICIPAL - RECURSOS VINCULADOS | 032 - SECRETARIA MUNICIPAL DE URBANISMO E LICENCIAMENTO | 013 - FUNDO ESPECIAL OPERACO URBANA GUA BRANCA - FEAB - OUTORGA | 11 - INTEGRAL | 01 - TOTAL | 000 - TOTAL | 82069353.00 | .00;2023;1;PREFEITURA DO MUNICÖPIO DE SÇO PAULO;1 - RECEITAS CORRENTES;3 - RECEITA PATRIMONIAL;2 - VALORES MOBILIµRIOS;1 - JUROS E CORREåES MONETµRIAS;05 - JUROS DE TÖTULOS DE RENDA;0 - JUROS DE TÖTULOS DE RENDA;1 - Principal;01 - FUNDOS DE INVESTIMENTOS E APLICAåES EM COTAS - RENDA FIXA;09 - TESOURO MUNICIPAL - RECURSOS VINCULADOS;032 - SECRETARIA MUNICIPAL DE URBANISMO E LICENCIAMENTO;013 - FUNDO ESPECIAL OPERAÇO URBANA µGUA BRANCA - FEAB - OUTORGA;11 - Integral;01 - Total;000 - Total;82069353.00;.00
2023;2023 | 1 | PREFEITURA DO MUNICOPIO DE SCO PAULO | 1 - RECEITAS CORRENTES | 3 - RECEITA PATRIMONIAL | 2 - VALORES MOBILIRIOS | 1 - JUROS E CORREAES MONETRIAS | 05 - JUROS DE TOTULOS DE RENDA | 0 - JUROS DE TOTULOS DE RENDA | 1 - PRINCIPAL | 01 - FUNDOS DE INVESTIMENTOS E APLICAAES EM COTAS - RENDA FIXA | 09 - TESOURO MUNICIPAL - RECURSOS VINCULADOS | 032 - SECRETARIA MUNICIPAL DE URBANISMO E LICENCIAMENTO | 014 - FUNDO ESPECIAL OPERACO URBANA GUA BRANCA - FEAB - OUTORGA - HIS | 11 - INTEGRAL | 01 - TOTAL | 000 - TOTAL | 28901.00 | 3134.21;2023;1;PREFEITURA DO MUNICÖPIO DE SÇO PAULO;1 - RECEITAS CORRENTES;3 - RECEITA PATRIMONIAL;2 - VALORES MOBILIµRIOS;1 - JUROS E CORREåES MONETµRIAS;05 - JUROS DE TÖTULOS DE RENDA;0 - JUROS DE TÖTULOS DE RENDA;1 - Principal;01 - FUNDOS DE INVESTIMENTOS E APLICAåES EM COTAS - RENDA FIXA;09 - TESOURO MUNICIPAL - RECURSOS VINCULADOS;032 - SECRETARIA MUNICIPAL DE URBANISMO E LICENCIAMENTO;014 - FUNDO ESPECIAL OPERAÇO URBANA µGUA BRANCA - FEAB - OUTORGA - HIS;11 - Integral;01 - Total;000 - Total;28901.00;3134.21
2023;2023 | 1 | PREFEITURA DO MUNICOPIO DE SCO PAULO | 1 - RECEITAS CORRENTES | 3 - RECEITA PATRIMONIAL | 2 - VALORES MOBILIRIOS | 1 - JUROS E CORREAES MONETRIAS | 05 - JUROS DE TOTULOS DE RENDA | 0 - JUROS DE TOTULOS DE RENDA | 1 - PRINCIPAL | 01 - FUNDOS DE INVESTIMENTOS E APLICAAES EM COTAS - RENDA FIXA | 09 - TESOURO MUNICIPAL - RECURSOS VINCULADOS | 032 - SECRETARIA MUNICIPAL DE URBANISMO E LICENCIAMENTO | 026 - PMSP-SMUL/OU AGUA BRANCA - OUTORGA GERAL | 11 - INTEGRAL | 01 - TOTAL | 000 - TOTAL | .00 | 8782219.06;2023;1;PREFEITURA DO MUNICÖPIO DE SÇO PAULO;1 - RECEITAS CORRENTES;3 - RECEITA PATRIMONIAL;2 - VALORES MOBILIµRIOS;1 - JUROS E CORREåES MONETµRIAS;05 - JUROS DE TÖTULOS DE RENDA;0 - JUROS DE TÖTULOS DE RENDA;1 - Principal;01 - FUNDOS DE INVESTIMENTOS E APLICAåES EM COTAS - RENDA FIXA;09 - TESOURO MUNICIPAL - RECURSOS VINCULADOS;032 - SECRETARIA MUNICIPAL DE URBANISMO E LICENCIAMENTO;026 - PMSP-SMUL/OU AGUA BRANCA - OUTORGA GERAL;11 - Integral;01 - Total;000 - Total;.00;8782219.06
2023;2023 | 1 | PREFEITURA DO MUNICOPIO DE SCO PAULO | 1 - RECEITAS CORRENTES | 3 - RECEITA PATRIMONIAL | 2 - VALORES MOBILIRIOS | 1 - JUROS E CORREAES MONETRIAS | 05 - JUROS DE TOTULOS DE RENDA | 0 - JUROS DE TOTULOS DE RENDA | 1 - PRINCIPAL | 01 - FUNDOS DE INVESTIMENTOS E APLICAAES EM COTAS - RENDA FIXA | 09 - TESOURO MUNICIPAL - RECURSOS VINCULADOS | 032 - SECRETARIA MUNICIPAL DE URBANISMO E LICENCIAMENTO | 028 - PMSP-SMUL/OUC FARIA LIMA - OUTORGA GERAL | 11 - INTEGRAL | 01 - TOTAL | 000 - TOTAL | .00 | 1116035.02;2023;1;PREFEITURA DO MUNICÖPIO DE SÇO PAULO;1 - RECEITAS CORRENTES;3 - RECEITA PATRIMONIAL;2 - VALORES MOBILIµRIOS;1 - JUROS E CORREåES MONETµRIAS;05 - JUROS DE TÖTULOS DE RENDA;0 - JUROS DE TÖTULOS DE RENDA;1 - Principal;01 - FUNDOS DE INVESTIMENTOS E APLICAåES EM COTAS - RENDA FIXA;09 - TESOURO MUNICIPAL - RECURSOS VINCULADOS;032 - SECRETARIA MUNICIPAL DE URBANISMO E LICENCIAMENTO;028 - PMSP-SMUL/OUC FARIA LIMA - OUTORGA GERAL;11 - Integral;01 - Total;000 - Total;.00;1116035.02
2023;2023 | 1 | PREFEITURA DO MUNICOPIO DE SCO PAULO | 1 - RECEITAS CORRENTES | 3 - RECEITA PATRIMONIAL | 3 - DELEGACO DE SERVIOS PEBLICOS MEDIANTE CONCESSCO PERMISSCO AUTORIZACO OU LICENA | 9 - DEMAIS DELEGAAES DE SERVIOS PEBLICOS | 99 - OUTRAS DELEGAAES DE SERVIOS PEBLICOS | 0 - OUTRAS DELEGAAES DE SERVIOS PEBLICOS | 1 - PRINCIPAL | 01 - OUTORGAS PROVENIENTES DE CONCESSAES - FMD | 00 - OUTORGAS PROVENIENTES DE CONCESSAES - FMD | 000 - OUTORGAS PROVENIENTES DE CONCESSAES - FMD | 000 - OUTORGAS PROVENIENTES DE CONCESSAES - FMD | 11 - INTEGRAL | 01 - TOTAL | 000 - TOTAL | 101631444.00 | 6202212.38;2023;1;PREFEITURA DO MUNICÖPIO DE SÇO PAULO;1 - RECEITAS CORRENTES;3 - RECEITA PATRIMONIAL;3 - DELEGAÇO DE SERVIOS PéBLICOS MEDIANTE CONCESSÇO PERMISSÇO AUTORIZAÇO OU LICENA;9 - DEMAIS DELEGAåES DE SERVIOS PéBLICOS;99 - OUTRAS DELEGAåES DE SERVIOS PéBLICOS;0 - OUTRAS DELEGAåES DE SERVIOS PéBLICOS;1 - Principal;01 - OUTORGAS PROVENIENTES DE CONCESSåES - FMD;00 - OUTORGAS PROVENIENTES DE CONCESSåES - FMD;000 - OUTORGAS PROVENIENTES DE CONCESSåES - FMD;000 - OUTORGAS PROVENIENTES DE CONCESSåES - FMD;11 - Integral;01 - Total;000 - Total;101631444.00;6202212.38
2023;2023 | 1 | PREFEITURA DO MUNICOPIO DE SCO PAULO | 1 - RECEITAS CORRENTES | 9 - OUTRAS RECEITAS CORRENTES | 4 - MULTAS E JUROS DE MORA DAS RECEITAS DE CAPITAL | 9 - MULTAS E JUROS DE MORA DE OUTRAS RECEITAS DE CAPITAL | 99 - MULTAS E JUROS DE OUTRAS RECEITAS DE CAPITAL | 0 - MULTAS E JUROS DE OUTRAS RECEITAS DE CAPITAL | 2 - MULTA | 76 - OUTORGA ONEROSA - PLANO DIRETOR - DIREITO DE CONSTRUIR - FUNDURB - MULTAS E JUROS | 00 - OUTORGA ONEROSA - PLANO DIRETOR - DIREITO DE CONSTRUIR - FUNDURB - MULTAS E JUROS | 000 - OUTORGA ONEROSA - PLANO DIRETOR - DIREITO DE CONSTRUIR - FUNDURB - MULTAS E JUROS | 000 - OUTORGA ONEROSA - PLANO DIRETOR - DIREITO DE CONSTRUIR - FUNDURB - MULTAS E JUROS | 11 - INTEGRAL | 01 - TOTAL | 000 - TOTAL | .00 | 58.80;2023;1;PREFEITURA DO MUNICÖPIO DE SÇO PAULO;1 - RECEITAS CORRENTES;9 - OUTRAS RECEITAS CORRENTES;4 - MULTAS E JUROS DE MORA DAS RECEITAS DE CAPITAL;9 - MULTAS E JUROS DE MORA DE OUTRAS RECEITAS DE CAPITAL;99 - MULTAS E JUROS DE OUTRAS RECEITAS DE CAPITAL;0 - MULTAS E JUROS DE OUTRAS RECEITAS DE CAPITAL;2 - Multa;76 - OUTORGA ONEROSA - PLANO DIRETOR - DIREITO DE CONSTRUIR - FUNDURB - MULTAS E JUROS;00 - OUTORGA ONEROSA - PLANO DIRETOR - DIREITO DE CONSTRUIR - FUNDURB - MULTAS E JUROS;000 - OUTORGA ONEROSA - PLANO DIRETOR - DIREITO DE CONSTRUIR - FUNDURB - MULTAS E JUROS;000 - OUTORGA ONEROSA - PLANO DIRETOR - DIREITO DE CONSTRUIR - FUNDURB - MULTAS E JUROS;11 - Integral;01 - Total;000 - Total;.00;58.80
2023;2023 | 1 | PREFEITURA DO MUNICOPIO DE SCO PAULO | 2 - RECEITAS DE CAPITAL | 9 - OUTRAS RECEITAS DE CAPITAL | 9 - DEMAIS RECEITAS DE CAPITAL | 9 - DEMAIS RECEITAS DE CAPITAL | 99 - OUTRAS RECEITAS DE CAPITAL | 0 - OUTRAS RECEITAS DE CAPITAL | 1 - PRINCIPAL | 01 - DEMAIS RECEITAS DE CAPITAL - PRINCIPAL | 09 - OUTORGA ONEROSA COTA SOLIDARIEDADE - FUNDURB | 000 - OUTORGA ONEROSA COTA SOLIDARIEDADE - FUNDURB | 000 - OUTORGA ONEROSA COTA SOLIDARIEDADE - FUNDURB | 11 - INTEGRAL | 01 - TOTAL | 000 - TOTAL | 12135584.00 | 469357.40;2023;1;PREFEITURA DO MUNICÖPIO DE SÇO PAULO;2 - RECEITAS DE CAPITAL;9 - OUTRAS RECEITAS DE CAPITAL;9 - DEMAIS RECEITAS DE CAPITAL;9 - DEMAIS RECEITAS DE CAPITAL;99 - OUTRAS RECEITAS DE CAPITAL;0 - OUTRAS RECEITAS DE CAPITAL;1 - Principal;01 - DEMAIS RECEITAS DE CAPITAL - PRINCIPAL;09 - OUTORGA ONEROSA COTA SOLIDARIEDADE - FUNDURB;000 - OUTORGA ONEROSA COTA SOLIDARIEDADE - FUNDURB;000 - OUTORGA ONEROSA COTA SOLIDARIEDADE - FUNDURB;11 - Integral;01 - Total;000 - Total;12135584.00;469357.40
2023;2023 | 1 | PREFEITURA DO MUNICOPIO DE SCO PAULO | 2 - RECEITAS DE CAPITAL | 9 - OUTRAS RECEITAS DE CAPITAL | 9 - DEMAIS RECEITAS DE CAPITAL | 9 - DEMAIS RECEITAS DE CAPITAL | 99 - OUTRAS RECEITAS DE CAPITAL | 0 - OUTRAS RECEITAS DE CAPITAL | 1 - PRINCIPAL | 01 - DEMAIS RECEITAS DE CAPITAL - PRINCIPAL | 11 - OUTORGA ONEROSA - PLANO DIRETOR - DIREITO DE CONSTRUIR - FUNDURB | 000 - OUTORGA ONEROSA - PLANO DIRETOR - DIREITO DE CONSTRUIR - FUNDURB | 000 - OUTORGA ONEROSA - PLANO DIRETOR - DIREITO DE CONSTRUIR - FUNDURB | 11 - INTEGRAL | 01 - TOTAL | 000 - TOTAL | 708000000.00 | 101044191.40;2023;1;PREFEITURA DO MUNICÖPIO DE SÇO PAULO;2 - RECEITAS DE CAPITAL;9 - OUTRAS RECEITAS DE CAPITAL;9 - DEMAIS RECEITAS DE CAPITAL;9 - DEMAIS RECEITAS DE CAPITAL;99 - OUTRAS RECEITAS DE CAPITAL;0 - OUTRAS RECEITAS DE CAPITAL;1 - Principal;01 - DEMAIS RECEITAS DE CAPITAL - PRINCIPAL;11 - OUTORGA ONEROSA - PLANO DIRETOR - DIREITO DE CONSTRUIR - FUNDURB;000 - OUTORGA ONEROSA - PLANO DIRETOR - DIREITO DE CONSTRUIR - FUNDURB;000 - OUTORGA ONEROSA - PLANO DIRETOR - DIREITO DE CONSTRUIR - FUNDURB;11 - Integral;01 - Total;000 - Total;708000000.00;101044191.40
2023;2023 | 1 | PREFEITURA DO MUNICOPIO DE SCO PAULO | 2 - RECEITAS DE CAPITAL | 9 - OUTRAS RECEITAS DE CAPITAL | 9 - DEMAIS RECEITAS DE CAPITAL | 9 - DEMAIS RECEITAS DE CAPITAL | 99 - OUTRAS RECEITAS DE CAPITAL | 0 - OUTRAS RECEITAS DE CAPITAL | 1 - PRINCIPAL | 01 - DEMAIS RECEITAS DE CAPITAL - PRINCIPAL | 11 - OUTORGA ONEROSA - PLANO DIRETOR - DIREITO DE CONSTRUIR - FUNDURB | 000 - OUTORGA ONEROSA - PLANO DIRETOR - DIREITO DE CONSTRUIR - FUNDURB | 000 - OUTORGA ONEROSA - PLANO DIRETOR - DIREITO DE CONSTRUIR - FUNDURB | 11 - INTEGRAL | 09 - DEDUTORA | 001 - DEDUAES OUTORGA ONEROSA - PLANO DIRETOR - DIREITO DE CONSTRUIR - FUNDURB | .00 | -803.81;2023;1;PREFEITURA DO MUNICÖPIO DE SÇO PAULO;2 - RECEITAS DE CAPITAL;9 - OUTRAS RECEITAS DE CAPITAL;9 - DEMAIS RECEITAS DE CAPITAL;9 - DEMAIS RECEITAS DE CAPITAL;99 - OUTRAS RECEITAS DE CAPITAL;0 - OUTRAS RECEITAS DE CAPITAL;1 - Principal;01 - DEMAIS RECEITAS DE CAPITAL - PRINCIPAL;11 - OUTORGA ONEROSA - PLANO DIRETOR - DIREITO DE CONSTRUIR - FUNDURB;000 - OUTORGA ONEROSA - PLANO DIRETOR - DIREITO DE CONSTRUIR - FUNDURB;000 - OUTORGA ONEROSA - PLANO DIRETOR - DIREITO DE CONSTRUIR - FUNDURB;11 - Integral;09 - Dedutora;001 - Deduäes Outorga Onerosa - Plano Diretor - Direito de Construir - FUNDURB;.00;-803.81
2023;2023 | 1 | SERVIO FUNERRIO DO MUNICOPIO DE SCO PAULO | 1 - RECEITAS CORRENTES | 6 - RECEITA DE SERVIOS | 9 - OUTROS SERVIOS | 9 - OUTROS SERVIOS | 99 - OUTROS SERVIOS | 0 - OUTROS SERVIOS | 1 - PRINCIPAL | 11 - VELARIO | 00 - VELARIO | 000 - VELARIO | 000 - VELARIO | 11 - INTEGRAL | 01 - TOTAL | 000 - TOTAL | 2433285.00 | 1118003.70;2023;1;SERVIO FUNERµRIO DO MUNICÖPIO DE SÇO PAULO;1 - RECEITAS CORRENTES;6 - RECEITA DE SERVIOS;9 - OUTROS SERVIOS;9 - OUTROS SERVIOS;99 - OUTROS SERVIOS;0 - OUTROS SERVIOS;1 - Principal;11 - VELàRIO;00 - VELàRIO;000 - VELàRIO;000 - VELàRIO;11 - Integral;01 - Total;000 - Total;2433285.00;1118003.70
2023;2023 | 1 | SERVIO FUNERRIO DO MUNICOPIO DE SCO PAULO | 1 - RECEITAS CORRENTES | 6 - RECEITA DE SERVIOS | 9 - OUTROS SERVIOS | 9 - OUTROS SERVIOS | 99 - OUTROS SERVIOS | 0 - OUTROS SERVIOS | 1 - PRINCIPAL | 12 - CREMACO | 00 - CREMACO | 000 - CREMACO | 000 - CREMACO | 11 - INTEGRAL | 01 - TOTAL | 000 - TOTAL | 1447902.00 | 521782.92;2023;1;SERVIO FUNERµRIO DO MUNICÖPIO DE SÇO PAULO;1 - RECEITAS CORRENTES;6 - RECEITA DE SERVIOS;9 - OUTROS SERVIOS;9 - OUTROS SERVIOS;99 - OUTROS SERVIOS;0 - OUTROS SERVIOS;1 - Principal;12 - CREMAÇO;00 - CREMAÇO;000 - CREMAÇO;000 - CREMAÇO;11 - Integral;01 - Total;000 - Total;1447902.00;521782.92
2023;2023 | 1 | SERVIO FUNERRIO DO MUNICOPIO DE SCO PAULO | 7 - RECEITAS CORRENTES INTRAORAMENTRIAS | 9 - OUTRAS RECEITAS CORRENTES INTRAORAMENTRIAS | 2 - INDENIZAAES RESTITUIAES E RESSARCIMENTOS | 2 - RESTITUIAES | 99 - OUTRAS RESTITUIAES | 0 - OUTRAS RESTITUIAES | 1 - PRINCIPAL | 02 - REEMBOLSO DE VALORES RELATIVO A FUNERAL - LEI 8.989/79 | 05 - VELARIO | 000 - VELARIO | 000 - VELARIO | 11 - INTEGRAL | 01 - TOTAL | 000 - TOTAL | 45126.00 | .00;2023;1;SERVIO FUNERµRIO DO MUNICÖPIO DE SÇO PAULO;7 - RECEITAS CORRENTES INTRAORAMENTµRIAS;9 - OUTRAS RECEITAS CORRENTES INTRAORAMENTµRIAS;2 - INDENIZAåES RESTITUIåES E RESSARCIMENTOS;2 - RESTITUIåES;99 - OUTRAS RESTITUIåES;0 - OUTRAS RESTITUIåES;1 - Principal;02 - REEMBOLSO DE VALORES RELATIVO A FUNERAL - LEI 8.989/79;05 - VELàRIO;000 - VELàRIO;000 - VELàRIO;11 - Integral;01 - Total;000 - Total;45126.00;.00
2023;2023 | 1 | SERVIO FUNERRIO DO MUNICOPIO DE SCO PAULO | 7 - RECEITAS CORRENTES INTRAORAMENTRIAS | 9 - OUTRAS RECEITAS CORRENTES INTRAORAMENTRIAS | 2 - INDENIZAAES RESTITUIAES E RESSARCIMENTOS | 2 - RESTITUIAES | 99 - OUTRAS RESTITUIAES | 0 - OUTRAS RESTITUIAES | 1 - PRINCIPAL | 03 - REEMBOLSO DE VALORES RELATIVO A FUNERAL - LEI 11.479/94 | 05 - VELARIO | 000 - VELARIO | 000 - VELARIO | 11 - INTEGRAL | 01 - TOTAL | 000 - TOTAL | 23271.00 | .00;2023;1;SERVIO FUNERµRIO DO MUNICÖPIO DE SÇO PAULO;7 - RECEITAS CORRENTES INTRAORAMENTµRIAS;9 - OUTRAS RECEITAS CORRENTES INTRAORAMENTµRIAS;2 - INDENIZAåES RESTITUIåES E RESSARCIMENTOS;2 - RESTITUIåES;99 - OUTRAS RESTITUIåES;0 - OUTRAS RESTITUIåES;1 - Principal;03 - REEMBOLSO DE VALORES RELATIVO A FUNERAL - LEI 11.479/94;05 - VELàRIO;000 - VELàRIO;000 - VELàRIO;11 - Integral;01 - Total;000 - Total;23271.00;.00
2023;2023 | 2 | FUNDO MUNICIPAL DE HABITAO - COHAB | 1 - RECEITAS CORRENTES | 3 - RECEITA PATRIMONIAL | 2 - VALORES MOBILIRIOS | 1 - JUROS E CORREAES MONETRIAS | 05 - JUROS DE TOTULOS DE RENDA | 0 - JUROS DE TOTULOS DE RENDA | 1 - PRINCIPAL | 01 - FUNDOS DE INVESTIMENTOS E APLICAAES EM COTAS - RENDA FIXA | 09 - TESOURO MUNICIPAL - RECURSOS VINCULADOS | 023 - FUNDO MUNICIPAL DE HABITACO - COHAB | 001 - OUTORGA ONEROSA LEI 13.558/2003 ALTERADA PELA LEI 13.876/2004 | 11 - INTEGRAL | 01 - TOTAL | 000 - TOTAL | 60000.00 | .00;2023;2;Fundo Municipal de HabitaÆo - COHAB;1 - RECEITAS CORRENTES;3 - RECEITA PATRIMONIAL;2 - VALORES MOBILIµRIOS;1 - JUROS E CORREåES MONETµRIAS;05 - JUROS DE TÖTULOS DE RENDA;0 - JUROS DE TÖTULOS DE RENDA;1 - Principal;01 - FUNDOS DE INVESTIMENTOS E APLICAåES EM COTAS - RENDA FIXA;09 - TESOURO MUNICIPAL - RECURSOS VINCULADOS;023 - FUNDO MUNICIPAL DE HABITAÇO - COHAB;001 - OUTORGA ONEROSA LEI 13.558/2003 ALTERADA PELA LEI 13.876/2004;11 - Integral;01 - Total;000 - Total;60000.00;.00
2023;2023 | 2 | FUNDO MUNICIPAL DE HABITAO - COHAB | 2 - RECEITAS DE CAPITAL | 9 - OUTRAS RECEITAS DE CAPITAL | 9 - DEMAIS RECEITAS DE CAPITAL | 9 - DEMAIS RECEITAS DE CAPITAL | 99 - OUTRAS RECEITAS DE CAPITAL | 0 - OUTRAS RECEITAS DE CAPITAL | 1 - PRINCIPAL | 01 - DEMAIS RECEITAS DE CAPITAL - PRINCIPAL | 12 - OUTORGA ONEROSA - LEI DE ANISTIA | 000 - OUTORGA ONEROSA - LEI DE ANISTIA | 000 - OUTORGA ONEROSA - LEI DE ANISTIA | 11 - INTEGRAL | 01 - TOTAL | 000 - TOTAL | 1920000.00 | .00;2023;2;Fundo Municipal de HabitaÆo - COHAB;2 - RECEITAS DE CAPITAL;9 - OUTRAS RECEITAS DE CAPITAL;9 - DEMAIS RECEITAS DE CAPITAL;9 - DEMAIS RECEITAS DE CAPITAL;99 - OUTRAS RECEITAS DE CAPITAL;0 - OUTRAS RECEITAS DE CAPITAL;1 - Principal;01 - DEMAIS RECEITAS DE CAPITAL - PRINCIPAL;12 - OUTORGA ONEROSA - LEI DE ANISTIA;000 - OUTORGA ONEROSA - LEI DE ANISTIA;000 - OUTORGA ONEROSA - LEI DE ANISTIA;11 - Integral;01 - Total;000 - Total;1920000.00;.00
2023;2023 | 2 | PREFEITURA DO MUNICOPIO DE SCO PAULO | 1 - RECEITAS CORRENTES | 3 - RECEITA PATRIMONIAL | 2 - VALORES MOBILIRIOS | 1 - JUROS E CORREAES MONETRIAS | 05 - JUROS DE TOTULOS DE RENDA | 0 - JUROS DE TOTULOS DE RENDA | 1 - PRINCIPAL | 01 - FUNDOS DE INVESTIMENTOS E APLICAAES EM COTAS - RENDA FIXA | 09 - TESOURO MUNICIPAL - RECURSOS VINCULADOS | 032 - SECRETARIA MUNICIPAL DE URBANISMO E LICENCIAMENTO | 009 - OPERACO URBANA FARIA LIMA - OUTORGA HIS | 11 - INTEGRAL | 01 - TOTAL | 000 - TOTAL | 3897916.00 | 359094.65;2023;2;PREFEITURA DO MUNICÖPIO DE SÇO PAULO;1 - RECEITAS CORRENTES;3 - RECEITA PATRIMONIAL;2 - VALORES MOBILIµRIOS;1 - JUROS E CORREåES MONETµRIAS;05 - JUROS DE TÖTULOS DE RENDA;0 - JUROS DE TÖTULOS DE RENDA;1 - Principal;01 - FUNDOS DE INVESTIMENTOS E APLICAåES EM COTAS - RENDA FIXA;09 - TESOURO MUNICIPAL - RECURSOS VINCULADOS;032 - SECRETARIA MUNICIPAL DE URBANISMO E LICENCIAMENTO;009 - OPERAÇO URBANA FARIA LIMA - OUTORGA HIS;11 - Integral;01 - Total;000 - Total;3897916.00;359094.65
2023;2023 | 2 | PREFEITURA DO MUNICOPIO DE SCO PAULO | 1 - RECEITAS CORRENTES | 3 - RECEITA PATRIMONIAL | 2 - VALORES MOBILIRIOS | 1 - JUROS E CORREAES MONETRIAS | 05 - JUROS DE TOTULOS DE RENDA | 0 - JUROS DE TOTULOS DE RENDA | 1 - PRINCIPAL | 01 - FUNDOS DE INVESTIMENTOS E APLICAAES EM COTAS - RENDA FIXA | 09 - TESOURO MUNICIPAL - RECURSOS VINCULADOS | 032 - SECRETARIA MUNICIPAL DE URBANISMO E LICENCIAMENTO | 011 - OPERACO URBANA FARIA LIMA - OUTORGA | 11 - INTEGRAL | 01 - TOTAL | 000 - TOTAL | 9933052.00 | 911084.19;2023;2;PREFEITURA DO MUNICÖPIO DE SÇO PAULO;1 - RECEITAS CORRENTES;3 - RECEITA PATRIMONIAL;2 - VALORES MOBILIµRIOS;1 - JUROS E CORREåES MONETµRIAS;05 - JUROS DE TÖTULOS DE RENDA;0 - JUROS DE TÖTULOS DE RENDA;1 - Principal;01 - FUNDOS DE INVESTIMENTOS E APLICAåES EM COTAS - RENDA FIXA;09 - TESOURO MUNICIPAL - RECURSOS VINCULADOS;032 - SECRETARIA MUNICIPAL DE URBANISMO E LICENCIAMENTO;011 - OPERAÇO URBANA FARIA LIMA - OUTORGA;11 - Integral;01 - Total;000 - Total;9933052.00;911084.19
2023;2023 | 2 | PREFEITURA DO MUNICOPIO DE SCO PAULO | 1 - RECEITAS CORRENTES | 3 - RECEITA PATRIMONIAL | 2 - VALORES MOBILIRIOS | 1 - JUROS E CORREAES MONETRIAS | 05 - JUROS DE TOTULOS DE RENDA | 0 - JUROS DE TOTULOS DE RENDA | 1 - PRINCIPAL | 01 - FUNDOS DE INVESTIMENTOS E APLICAAES EM COTAS - RENDA FIXA | 09 - TESOURO MUNICIPAL - RECURSOS VINCULADOS | 032 - SECRETARIA MUNICIPAL DE URBANISMO E LICENCIAMENTO | 013 - FUNDO ESPECIAL OPERACO URBANA GUA BRANCA - FEAB - OUTORGA | 11 - INTEGRAL | 01 - TOTAL | 000 - TOTAL | 82069353.00 | 7262601.55;2023;2;PREFEITURA DO MUNICÖPIO DE SÇO PAULO;1 - RECEITAS CORRENTES;3 - RECEITA PATRIMONIAL;2 - VALORES MOBILIµRIOS;1 - JUROS E CORREåES MONETµRIAS;05 - JUROS DE TÖTULOS DE RENDA;0 - JUROS DE TÖTULOS DE RENDA;1 - Principal;01 - FUNDOS DE INVESTIMENTOS E APLICAåES EM COTAS - RENDA FIXA;09 - TESOURO MUNICIPAL - RECURSOS VINCULADOS;032 - SECRETARIA MUNICIPAL DE URBANISMO E LICENCIAMENTO;013 - FUNDO ESPECIAL OPERAÇO URBANA µGUA BRANCA - FEAB - OUTORGA;11 - Integral;01 - Total;000 - Total;82069353.00;7262601.55
2023;2023 | 2 | PREFEITURA DO MUNICOPIO DE SCO PAULO | 1 - RECEITAS CORRENTES | 3 - RECEITA PATRIMONIAL | 2 - VALORES MOBILIRIOS | 1 - JUROS E CORREAES MONETRIAS | 05 - JUROS DE TOTULOS DE RENDA | 0 - JUROS DE TOTULOS DE RENDA | 1 - PRINCIPAL | 01 - FUNDOS DE INVESTIMENTOS E APLICAAES EM COTAS - RENDA FIXA | 09 - TESOURO MUNICIPAL - RECURSOS VINCULADOS | 032 - SECRETARIA MUNICIPAL DE URBANISMO E LICENCIAMENTO | 014 - FUNDO ESPECIAL OPERACO URBANA GUA BRANCA - FEAB - OUTORGA - HIS | 11 - INTEGRAL | 01 - TOTAL | 000 - TOTAL | 28901.00 | 2602.09;2023;2;PREFEITURA DO MUNICÖPIO DE SÇO PAULO;1 - RECEITAS CORRENTES;3 - RECEITA PATRIMONIAL;2 - VALORES MOBILIµRIOS;1 - JUROS E CORREåES MONETµRIAS;05 - JUROS DE TÖTULOS DE RENDA;0 - JUROS DE TÖTULOS DE RENDA;1 - Principal;01 - FUNDOS DE INVESTIMENTOS E APLICAåES EM COTAS - RENDA FIXA;09 - TESOURO MUNICIPAL - RECURSOS VINCULADOS;032 - SECRETARIA MUNICIPAL DE URBANISMO E LICENCIAMENTO;014 - FUNDO ESPECIAL OPERAÇO URBANA µGUA BRANCA - FEAB - OUTORGA - HIS;11 - Integral;01 - Total;000 - Total;28901.00;2602.09
2023;2023 | 2 | PREFEITURA DO MUNICOPIO DE SCO PAULO | 1 - RECEITAS CORRENTES | 3 - RECEITA PATRIMONIAL | 2 - VALORES MOBILIRIOS | 1 - JUROS E CORREAES MONETRIAS | 05 - JUROS DE TOTULOS DE RENDA | 0 - JUROS DE TOTULOS DE RENDA | 1 - PRINCIPAL | 01 - FUNDOS DE INVESTIMENTOS E APLICAAES EM COTAS - RENDA FIXA | 09 - TESOURO MUNICIPAL - RECURSOS VINCULADOS | 032 - SECRETARIA MUNICIPAL DE URBANISMO E LICENCIAMENTO | 026 - PMSP-SMUL/OU AGUA BRANCA - OUTORGA GERAL | 11 - INTEGRAL | 01 - TOTAL | 000 - TOTAL | .00 | .00;2023;2;PREFEITURA DO MUNICÖPIO DE SÇO PAULO;1 - RECEITAS CORRENTES;3 - RECEITA PATRIMONIAL;2 - VALORES MOBILIµRIOS;1 - JUROS E CORREåES MONETµRIAS;05 - JUROS DE TÖTULOS DE RENDA;0 - JUROS DE TÖTULOS DE RENDA;1 - Principal;01 - FUNDOS DE INVESTIMENTOS E APLICAåES EM COTAS - RENDA FIXA;09 - TESOURO MUNICIPAL - RECURSOS VINCULADOS;032 - SECRETARIA MUNICIPAL DE URBANISMO E LICENCIAMENTO;026 - PMSP-SMUL/OU AGUA BRANCA - OUTORGA GERAL;11 - Integral;01 - Total;000 - Total;.00;.00
2023;2023 | 2 | PREFEITURA DO MUNICOPIO DE SCO PAULO | 1 - RECEITAS CORRENTES | 3 - RECEITA PATRIMONIAL | 2 - VALORES MOBILIRIOS | 1 - JUROS E CORREAES MONETRIAS | 05 - JUROS DE TOTULOS DE RENDA | 0 - JUROS DE TOTULOS DE RENDA | 1 - PRINCIPAL | 01 - FUNDOS DE INVESTIMENTOS E APLICAAES EM COTAS - RENDA FIXA | 09 - TESOURO MUNICIPAL - RECURSOS VINCULADOS | 032 - SECRETARIA MUNICIPAL DE URBANISMO E LICENCIAMENTO | 028 - PMSP-SMUL/OUC FARIA LIMA - OUTORGA GERAL | 11 - INTEGRAL | 01 - TOTAL | 000 - TOTAL | .00 | .00;2023;2;PREFEITURA DO MUNICÖPIO DE SÇO PAULO;1 - RECEITAS CORRENTES;3 - RECEITA PATRIMONIAL;2 - VALORES MOBILIµRIOS;1 - JUROS E CORREåES MONETµRIAS;05 - JUROS DE TÖTULOS DE RENDA;0 - JUROS DE TÖTULOS DE RENDA;1 - Principal;01 - FUNDOS DE INVESTIMENTOS E APLICAåES EM COTAS - RENDA FIXA;09 - TESOURO MUNICIPAL - RECURSOS VINCULADOS;032 - SECRETARIA MUNICIPAL DE URBANISMO E LICENCIAMENTO;028 - PMSP-SMUL/OUC FARIA LIMA - OUTORGA GERAL;11 - Integral;01 - Total;000 - Total;.00;.00
2023;2023 | 2 | PREFEITURA DO MUNICOPIO DE SCO PAULO | 1 - RECEITAS CORRENTES | 3 - RECEITA PATRIMONIAL | 3 - DELEGACO DE SERVIOS PEBLICOS MEDIANTE CONCESSCO PERMISSCO AUTORIZACO OU LICENA | 9 - DEMAIS DELEGAAES DE SERVIOS PEBLICOS | 99 - OUTRAS DELEGAAES DE SERVIOS PEBLICOS | 0 - OUTRAS DELEGAAES DE SERVIOS PEBLICOS | 1 - PRINCIPAL | 01 - OUTORGAS PROVENIENTES DE CONCESSAES - FMD | 00 - OUTORGAS PROVENIENTES DE CONCESSAES - FMD | 000 - OUTORGAS PROVENIENTES DE CONCESSAES - FMD | 000 - OUTORGAS PROVENIENTES DE CONCESSAES - FMD | 11 - INTEGRAL | 01 - TOTAL | 000 - TOTAL | 101631444.00 | 6002712.90;2023;2;PREFEITURA DO MUNICÖPIO DE SÇO PAULO;1 - RECEITAS CORRENTES;3 - RECEITA PATRIMONIAL;3 - DELEGAÇO DE SERVIOS PéBLICOS MEDIANTE CONCESSÇO PERMISSÇO AUTORIZAÇO OU LICENA;9 - DEMAIS DELEGAåES DE SERVIOS PéBLICOS;99 - OUTRAS DELEGAåES DE SERVIOS PéBLICOS;0 - OUTRAS DELEGAåES DE SERVIOS PéBLICOS;1 - Principal;01 - OUTORGAS PROVENIENTES DE CONCESSåES - FMD;00 - OUTORGAS PROVENIENTES DE CONCESSåES - FMD;000 - OUTORGAS PROVENIENTES DE CONCESSåES - FMD;000 - OUTORGAS PROVENIENTES DE CONCESSåES - FMD;11 - Integral;01 - Total;000 - Total;101631444.00;6002712.90
2023;2023 | 2 | PREFEITURA DO MUNICOPIO DE SCO PAULO | 1 - RECEITAS CORRENTES | 9 - OUTRAS RECEITAS CORRENTES | 4 - MULTAS E JUROS DE MORA DAS RECEITAS DE CAPITAL | 9 - MULTAS E JUROS DE MORA DE OUTRAS RECEITAS DE CAPITAL | 99 - MULTAS E JUROS DE OUTRAS RECEITAS DE CAPITAL | 0 - MULTAS E JUROS DE OUTRAS RECEITAS DE CAPITAL | 2 - MULTA | 76 - OUTORGA ONEROSA - PLANO DIRETOR - DIREITO DE CONSTRUIR - FUNDURB - MULTAS E JUROS | 00 - OUTORGA ONEROSA - PLANO DIRETOR - DIREITO DE CONSTRUIR - FUNDURB - MULTAS E JUROS | 000 - OUTORGA ONEROSA - PLANO DIRETOR - DIREITO DE CONSTRUIR - FUNDURB - MULTAS E JUROS | 000 - OUTORGA ONEROSA - PLANO DIRETOR - DIREITO DE CONSTRUIR - FUNDURB - MULTAS E JUROS | 11 - INTEGRAL | 01 - TOTAL | 000 - TOTAL | .00 | 57.00;2023;2;PREFEITURA DO MUNICÖPIO DE SÇO PAULO;1 - RECEITAS CORRENTES;9 - OUTRAS RECEITAS CORRENTES;4 - MULTAS E JUROS DE MORA DAS RECEITAS DE CAPITAL;9 - MULTAS E JUROS DE MORA DE OUTRAS RECEITAS DE CAPITAL;99 - MULTAS E JUROS DE OUTRAS RECEITAS DE CAPITAL;0 - MULTAS E JUROS DE OUTRAS RECEITAS DE CAPITAL;2 - Multa;76 - OUTORGA ONEROSA - PLANO DIRETOR - DIREITO DE CONSTRUIR - FUNDURB - MULTAS E JUROS;00 - OUTORGA ONEROSA - PLANO DIRETOR - DIREITO DE CONSTRUIR - FUNDURB - MULTAS E JUROS;000 - OUTORGA ONEROSA - PLANO DIRETOR - DIREITO DE CONSTRUIR - FUNDURB - MULTAS E JUROS;000 - OUTORGA ONEROSA - PLANO DIRETOR - DIREITO DE CONSTRUIR - FUNDURB - MULTAS E JUROS;11 - Integral;01 - Total;000 - Total;.00;57.00
2023;2023 | 2 | PREFEITURA DO MUNICOPIO DE SCO PAULO | 2 - RECEITAS DE CAPITAL | 9 - OUTRAS RECEITAS DE CAPITAL | 9 - DEMAIS RECEITAS DE CAPITAL | 9 - DEMAIS RECEITAS DE CAPITAL | 99 - OUTRAS RECEITAS DE CAPITAL | 0 - OUTRAS RECEITAS DE CAPITAL | 1 - PRINCIPAL | 01 - DEMAIS RECEITAS DE CAPITAL - PRINCIPAL | 09 - OUTORGA ONEROSA COTA SOLIDARIEDADE - FUNDURB | 000 - OUTORGA ONEROSA COTA SOLIDARIEDADE - FUNDURB | 000 - OUTORGA ONEROSA COTA SOLIDARIEDADE - FUNDURB | 11 - INTEGRAL | 01 - TOTAL | 000 - TOTAL | 12135584.00 | 4472363.03;2023;2;PREFEITURA DO MUNICÖPIO DE SÇO PAULO;2 - RECEITAS DE CAPITAL;9 - OUTRAS RECEITAS DE CAPITAL;9 - DEMAIS RECEITAS DE CAPITAL;9 - DEMAIS RECEITAS DE CAPITAL;99 - OUTRAS RECEITAS DE CAPITAL;0 - OUTRAS RECEITAS DE CAPITAL;1 - Principal;01 - DEMAIS RECEITAS DE CAPITAL - PRINCIPAL;09 - OUTORGA ONEROSA COTA SOLIDARIEDADE - FUNDURB;000 - OUTORGA ONEROSA COTA SOLIDARIEDADE - FUNDURB;000 - OUTORGA ONEROSA COTA SOLIDARIEDADE - FUNDURB;11 - Integral;01 - Total;000 - Total;12135584.00;4472363.03
2023;2023 | 2 | PREFEITURA DO MUNICOPIO DE SCO PAULO | 2 - RECEITAS DE CAPITAL | 9 - OUTRAS RECEITAS DE CAPITAL | 9 - DEMAIS RECEITAS DE CAPITAL | 9 - DEMAIS RECEITAS DE CAPITAL | 99 - OUTRAS RECEITAS DE CAPITAL | 0 - OUTRAS RECEITAS DE CAPITAL | 1 - PRINCIPAL | 01 - DEMAIS RECEITAS DE CAPITAL - PRINCIPAL | 11 - OUTORGA ONEROSA - PLANO DIRETOR - DIREITO DE CONSTRUIR - FUNDURB | 000 - OUTORGA ONEROSA - PLANO DIRETOR - DIREITO DE CONSTRUIR - FUNDURB | 000 - OUTORGA ONEROSA - PLANO DIRETOR - DIREITO DE CONSTRUIR - FUNDURB | 11 - INTEGRAL | 01 - TOTAL | 000 - TOTAL | 708000000.00 | 66458495.98;2023;2;PREFEITURA DO MUNICÖPIO DE SÇO PAULO;2 - RECEITAS DE CAPITAL;9 - OUTRAS RECEITAS DE CAPITAL;9 - DEMAIS RECEITAS DE CAPITAL;9 - DEMAIS RECEITAS DE CAPITAL;99 - OUTRAS RECEITAS DE CAPITAL;0 - OUTRAS RECEITAS DE CAPITAL;1 - Principal;01 - DEMAIS RECEITAS DE CAPITAL - PRINCIPAL;11 - OUTORGA ONEROSA - PLANO DIRETOR - DIREITO DE CONSTRUIR - FUNDURB;000 - OUTORGA ONEROSA - PLANO DIRETOR - DIREITO DE CONSTRUIR - FUNDURB;000 - OUTORGA ONEROSA - PLANO DIRETOR - DIREITO DE CONSTRUIR - FUNDURB;11 - Integral;01 - Total;000 - Total;708000000.00;66458495.98
2023;2023 | 2 | PREFEITURA DO MUNICOPIO DE SCO PAULO | 2 - RECEITAS DE CAPITAL | 9 - OUTRAS RECEITAS DE CAPITAL | 9 - DEMAIS RECEITAS DE CAPITAL | 9 - DEMAIS RECEITAS DE CAPITAL | 99 - OUTRAS RECEITAS DE CAPITAL | 0 - OUTRAS RECEITAS DE CAPITAL | 1 - PRINCIPAL | 01 - DEMAIS RECEITAS DE CAPITAL - PRINCIPAL | 11 - OUTORGA ONEROSA - PLANO DIRETOR - DIREITO DE CONSTRUIR - FUNDURB | 000 - OUTORGA ONEROSA - PLANO DIRETOR - DIREITO DE CONSTRUIR - FUNDURB | 000 - OUTORGA ONEROSA - PLANO DIRETOR - DIREITO DE CONSTRUIR - FUNDURB | 11 - INTEGRAL | 09 - DEDUTORA | 001 - DEDUAES OUTORGA ONEROSA - PLANO DIRETOR - DIREITO DE CONSTRUIR - FUNDURB | .00 | -651842.20;2023;2;PREFEITURA DO MUNICÖPIO DE SÇO PAULO;2 - RECEITAS DE CAPITAL;9 - OUTRAS RECEITAS DE CAPITAL;9 - DEMAIS RECEITAS DE CAPITAL;9 - DEMAIS RECEITAS DE CAPITAL;99 - OUTRAS RECEITAS DE CAPITAL;0 - OUTRAS RECEITAS DE CAPITAL;1 - Principal;01 - DEMAIS RECEITAS DE CAPITAL - PRINCIPAL;11 - OUTORGA ONEROSA - PLANO DIRETOR - DIREITO DE CONSTRUIR - FUNDURB;000 - OUTORGA ONEROSA - PLANO DIRETOR - DIREITO DE CONSTRUIR - FUNDURB;000 - OUTORGA ONEROSA - PLANO DIRETOR - DIREITO DE CONSTRUIR - FUNDURB;11 - Integral;09 - Dedutora;001 - Deduäes Outorga Onerosa - Plano Diretor - Direito de Construir - FUNDURB;.00;-651842.20
2023;2023 | 2 | SERVIO FUNERRIO DO MUNICOPIO DE SCO PAULO | 1 - RECEITAS CORRENTES | 6 - RECEITA DE SERVIOS | 9 - OUTROS SERVIOS | 9 - OUTROS SERVIOS | 99 - OUTROS SERVIOS | 0 - OUTROS SERVIOS | 1 - PRINCIPAL | 11 - VELARIO | 00 - VELARIO | 000 - VELARIO | 000 - VELARIO | 11 - INTEGRAL | 01 - TOTAL | 000 - TOTAL | 2433285.00 | 1012811.17;2023;2;SERVIO FUNERµRIO DO MUNICÖPIO DE SÇO PAULO;1 - RECEITAS CORRENTES;6 - RECEITA DE SERVIOS;9 - OUTROS SERVIOS;9 - OUTROS SERVIOS;99 - OUTROS SERVIOS;0 - OUTROS SERVIOS;1 - Principal;11 - VELàRIO;00 - VELàRIO;000 - VELàRIO;000 - VELàRIO;11 - Integral;01 - Total;000 - Total;2433285.00;1012811.17
2023;2023 | 2 | SERVIO FUNERRIO DO MUNICOPIO DE SCO PAULO | 1 - RECEITAS CORRENTES | 6 - RECEITA DE SERVIOS | 9 - OUTROS SERVIOS | 9 - OUTROS SERVIOS | 99 - OUTROS SERVIOS | 0 - OUTROS SERVIOS | 1 - PRINCIPAL | 12 - CREMACO | 00 - CREMACO | 000 - CREMACO | 000 - CREMACO | 11 - INTEGRAL | 01 - TOTAL | 000 - TOTAL | 1447902.00 | 572737.78;2023;2;SERVIO FUNERµRIO DO MUNICÖPIO DE SÇO PAULO;1 - RECEITAS CORRENTES;6 - RECEITA DE SERVIOS;9 - OUTROS SERVIOS;9 - OUTROS SERVIOS;99 - OUTROS SERVIOS;0 - OUTROS SERVIOS;1 - Principal;12 - CREMAÇO;00 - CREMAÇO;000 - CREMAÇO;000 - CREMAÇO;11 - Integral;01 - Total;000 - Total;1447902.00;572737.78
2023;2023 | 2 | SERVIO FUNERRIO DO MUNICOPIO DE SCO PAULO | 7 - RECEITAS CORRENTES INTRAORAMENTRIAS | 9 - OUTRAS RECEITAS CORRENTES INTRAORAMENTRIAS | 2 - INDENIZAAES RESTITUIAES E RESSARCIMENTOS | 2 - RESTITUIAES | 99 - OUTRAS RESTITUIAES | 0 - OUTRAS RESTITUIAES | 1 - PRINCIPAL | 02 - REEMBOLSO DE VALORES RELATIVO A FUNERAL - LEI 8.989/79 | 05 - VELARIO | 000 - VELARIO | 000 - VELARIO | 11 - INTEGRAL | 01 - TOTAL | 000 - TOTAL | 45126.00 | .00;2023;2;SERVIO FUNERµRIO DO MUNICÖPIO DE SÇO PAULO;7 - RECEITAS CORRENTES INTRAORAMENTµRIAS;9 - OUTRAS RECEITAS CORRENTES INTRAORAMENTµRIAS;2 - INDENIZAåES RESTITUIåES E RESSARCIMENTOS;2 - RESTITUIåES;99 - OUTRAS RESTITUIåES;0 - OUTRAS RESTITUIåES;1 - Principal;02 - REEMBOLSO DE VALORES RELATIVO A FUNERAL - LEI 8.989/79;05 - VELàRIO;000 - VELàRIO;000 - VELàRIO;11 - Integral;01 - Total;000 - Total;45126.00;.00
2023;2023 | 2 | SERVIO FUNERRIO DO MUNICOPIO DE SCO PAULO | 7 - RECEITAS CORRENTES INTRAORAMENTRIAS | 9 - OUTRAS RECEITAS CORRENTES INTRAORAMENTRIAS | 2 - INDENIZAAES RESTITUIAES E RESSARCIMENTOS | 2 - RESTITUIAES | 99 - OUTRAS RESTITUIAES | 0 - OUTRAS RESTITUIAES | 1 - PRINCIPAL | 03 - REEMBOLSO DE VALORES RELATIVO A FUNERAL - LEI 11.479/94 | 05 - VELARIO | 000 - VELARIO | 000 - VELARIO | 11 - INTEGRAL | 01 - TOTAL | 000 - TOTAL | 23271.00 | .00;2023;2;SERVIO FUNERµRIO DO MUNICÖPIO DE SÇO PAULO;7 - RECEITAS CORRENTES INTRAORAMENTµRIAS;9 - OUTRAS RECEITAS CORRENTES INTRAORAMENTµRIAS;2 - INDENIZAåES RESTITUIåES E RESSARCIMENTOS;2 - RESTITUIåES;99 - OUTRAS RESTITUIåES;0 - OUTRAS RESTITUIåES;1 - Principal;03 - REEMBOLSO DE VALORES RELATIVO A FUNERAL - LEI 11.479/94;05 - VELàRIO;000 - VELàRIO;000 - VELàRIO;11 - Integral;01 - Total;000 - Total;23271.00;.00
2023;2023 | 3 | FUNDO MUNICIPAL DE HABITAO - COHAB | 1 - RECEITAS CORRENTES | 3 - RECEITA PATRIMONIAL | 2 - VALORES MOBILIRIOS | 1 - JUROS E CORREAES MONETRIAS | 05 - JUROS DE TOTULOS DE RENDA | 0 - JUROS DE TOTULOS DE RENDA | 1 - PRINCIPAL | 01 - FUNDOS DE INVESTIMENTOS E APLICAAES EM COTAS - RENDA FIXA | 09 - TESOURO MUNICIPAL - RECURSOS VINCULADOS | 023 - FUNDO MUNICIPAL DE HABITACO - COHAB | 001 - OUTORGA ONEROSA LEI 13.558/2003 ALTERADA PELA LEI 13.876/2004 | 11 - INTEGRAL | 01 - TOTAL | 000 - TOTAL | 60000.00 | .00;2023;3;Fundo Municipal de HabitaÆo - COHAB;1 - RECEITAS CORRENTES;3 - RECEITA PATRIMONIAL;2 - VALORES MOBILIµRIOS;1 - JUROS E CORREåES MONETµRIAS;05 - JUROS DE TÖTULOS DE RENDA;0 - JUROS DE TÖTULOS DE RENDA;1 - Principal;01 - FUNDOS DE INVESTIMENTOS E APLICAåES EM COTAS - RENDA FIXA;09 - TESOURO MUNICIPAL - RECURSOS VINCULADOS;023 - FUNDO MUNICIPAL DE HABITAÇO - COHAB;001 - OUTORGA ONEROSA LEI 13.558/2003 ALTERADA PELA LEI 13.876/2004;11 - Integral;01 - Total;000 - Total;60000.00;.00
2023;2023 | 3 | FUNDO MUNICIPAL DE HABITAO - COHAB | 2 - RECEITAS DE CAPITAL | 9 - OUTRAS RECEITAS DE CAPITAL | 9 - DEMAIS RECEITAS DE CAPITAL | 9 - DEMAIS RECEITAS DE CAPITAL | 99 - OUTRAS RECEITAS DE CAPITAL | 0 - OUTRAS RECEITAS DE CAPITAL | 1 - PRINCIPAL | 01 - DEMAIS RECEITAS DE CAPITAL - PRINCIPAL | 12 - OUTORGA ONEROSA - LEI DE ANISTIA | 000 - OUTORGA ONEROSA - LEI DE ANISTIA | 000 - OUTORGA ONEROSA - LEI DE ANISTIA | 11 - INTEGRAL | 01 - TOTAL | 000 - TOTAL | 1920000.00 | 381443.93;2023;3;Fundo Municipal de HabitaÆo - COHAB;2 - RECEITAS DE CAPITAL;9 - OUTRAS RECEITAS DE CAPITAL;9 - DEMAIS RECEITAS DE CAPITAL;9 - DEMAIS RECEITAS DE CAPITAL;99 - OUTRAS RECEITAS DE CAPITAL;0 - OUTRAS RECEITAS DE CAPITAL;1 - Principal;01 - DEMAIS RECEITAS DE CAPITAL - PRINCIPAL;12 - OUTORGA ONEROSA - LEI DE ANISTIA;000 - OUTORGA ONEROSA - LEI DE ANISTIA;000 - OUTORGA ONEROSA - LEI DE ANISTIA;11 - Integral;01 - Total;000 - Total;1920000.00;381443.93
2023;2023 | 3 | PREFEITURA DO MUNICOPIO DE SCO PAULO | 1 - RECEITAS CORRENTES | 3 - RECEITA PATRIMONIAL | 2 - VALORES MOBILIRIOS | 1 - JUROS E CORREAES MONETRIAS | 05 - JUROS DE TOTULOS DE RENDA | 0 - JUROS DE TOTULOS DE RENDA | 1 - PRINCIPAL | 01 - FUNDOS DE INVESTIMENTOS E APLICAAES EM COTAS - RENDA FIXA | 09 - TESOURO MUNICIPAL - RECURSOS VINCULADOS | 032 - SECRETARIA MUNICIPAL DE URBANISMO E LICENCIAMENTO | 009 - OPERACO URBANA FARIA LIMA - OUTORGA HIS | 11 - INTEGRAL | 01 - TOTAL | 000 - TOTAL | 3897916.00 | 459635.10;2023;3;PREFEITURA DO MUNICÖPIO DE SÇO PAULO;1 - RECEITAS CORRENTES;3 - RECEITA PATRIMONIAL;2 - VALORES MOBILIµRIOS;1 - JUROS E CORREåES MONETµRIAS;05 - JUROS DE TÖTULOS DE RENDA;0 - JUROS DE TÖTULOS DE RENDA;1 - Principal;01 - FUNDOS DE INVESTIMENTOS E APLICAåES EM COTAS - RENDA FIXA;09 - TESOURO MUNICIPAL - RECURSOS VINCULADOS;032 - SECRETARIA MUNICIPAL DE URBANISMO E LICENCIAMENTO;009 - OPERAÇO URBANA FARIA LIMA - OUTORGA HIS;11 - Integral;01 - Total;000 - Total;3897916.00;459635.10
2023;2023 | 3 | PREFEITURA DO MUNICOPIO DE SCO PAULO | 1 - RECEITAS CORRENTES | 3 - RECEITA PATRIMONIAL | 2 - VALORES MOBILIRIOS | 1 - JUROS E CORREAES MONETRIAS | 05 - JUROS DE TOTULOS DE RENDA | 0 - JUROS DE TOTULOS DE RENDA | 1 - PRINCIPAL | 01 - FUNDOS DE INVESTIMENTOS E APLICAAES EM COTAS - RENDA FIXA | 09 - TESOURO MUNICIPAL - RECURSOS VINCULADOS | 032 - SECRETARIA MUNICIPAL DE URBANISMO E LICENCIAMENTO | 011 - OPERACO URBANA FARIA LIMA - OUTORGA | 11 - INTEGRAL | 01 - TOTAL | 000 - TOTAL | 9933052.00 | 1166172.42;2023;3;PREFEITURA DO MUNICÖPIO DE SÇO PAULO;1 - RECEITAS CORRENTES;3 - RECEITA PATRIMONIAL;2 - VALORES MOBILIµRIOS;1 - JUROS E CORREåES MONETµRIAS;05 - JUROS DE TÖTULOS DE RENDA;0 - JUROS DE TÖTULOS DE RENDA;1 - Principal;01 - FUNDOS DE INVESTIMENTOS E APLICAåES EM COTAS - RENDA FIXA;09 - TESOURO MUNICIPAL - RECURSOS VINCULADOS;032 - SECRETARIA MUNICIPAL DE URBANISMO E LICENCIAMENTO;011 - OPERAÇO URBANA FARIA LIMA - OUTORGA;11 - Integral;01 - Total;000 - Total;9933052.00;1166172.42
2023;2023 | 3 | PREFEITURA DO MUNICOPIO DE SCO PAULO | 1 - RECEITAS CORRENTES | 3 - RECEITA PATRIMONIAL | 2 - VALORES MOBILIRIOS | 1 - JUROS E CORREAES MONETRIAS | 05 - JUROS DE TOTULOS DE RENDA | 0 - JUROS DE TOTULOS DE RENDA | 1 - PRINCIPAL | 01 - FUNDOS DE INVESTIMENTOS E APLICAAES EM COTAS - RENDA FIXA | 09 - TESOURO MUNICIPAL - RECURSOS VINCULADOS | 032 - SECRETARIA MUNICIPAL DE URBANISMO E LICENCIAMENTO | 013 - FUNDO ESPECIAL OPERACO URBANA GUA BRANCA - FEAB - OUTORGA | 11 - INTEGRAL | 01 - TOTAL | 000 - TOTAL | 82069353.00 | 9295646.45;2023;3;PREFEITURA DO MUNICÖPIO DE SÇO PAULO;1 - RECEITAS CORRENTES;3 - RECEITA PATRIMONIAL;2 - VALORES MOBILIµRIOS;1 - JUROS E CORREåES MONETµRIAS;05 - JUROS DE TÖTULOS DE RENDA;0 - JUROS DE TÖTULOS DE RENDA;1 - Principal;01 - FUNDOS DE INVESTIMENTOS E APLICAåES EM COTAS - RENDA FIXA;09 - TESOURO MUNICIPAL - RECURSOS VINCULADOS;032 - SECRETARIA MUNICIPAL DE URBANISMO E LICENCIAMENTO;013 - FUNDO ESPECIAL OPERAÇO URBANA µGUA BRANCA - FEAB - OUTORGA;11 - Integral;01 - Total;000 - Total;82069353.00;9295646.45
2023;2023 | 3 | PREFEITURA DO MUNICOPIO DE SCO PAULO | 1 - RECEITAS CORRENTES | 3 - RECEITA PATRIMONIAL | 2 - VALORES MOBILIRIOS | 1 - JUROS E CORREAES MONETRIAS | 05 - JUROS DE TOTULOS DE RENDA | 0 - JUROS DE TOTULOS DE RENDA | 1 - PRINCIPAL | 01 - FUNDOS DE INVESTIMENTOS E APLICAAES EM COTAS - RENDA FIXA | 09 - TESOURO MUNICIPAL - RECURSOS VINCULADOS | 032 - SECRETARIA MUNICIPAL DE URBANISMO E LICENCIAMENTO | 014 - FUNDO ESPECIAL OPERACO URBANA GUA BRANCA - FEAB - OUTORGA - HIS | 11 - INTEGRAL | 01 - TOTAL | 000 - TOTAL | 28901.00 | 3330.63;2023;3;PREFEITURA DO MUNICÖPIO DE SÇO PAULO;1 - RECEITAS CORRENTES;3 - RECEITA PATRIMONIAL;2 - VALORES MOBILIµRIOS;1 - JUROS E CORREåES MONETµRIAS;05 - JUROS DE TÖTULOS DE RENDA;0 - JUROS DE TÖTULOS DE RENDA;1 - Principal;01 - FUNDOS DE INVESTIMENTOS E APLICAåES EM COTAS - RENDA FIXA;09 - TESOURO MUNICIPAL - RECURSOS VINCULADOS;032 - SECRETARIA MUNICIPAL DE URBANISMO E LICENCIAMENTO;014 - FUNDO ESPECIAL OPERAÇO URBANA µGUA BRANCA - FEAB - OUTORGA - HIS;11 - Integral;01 - Total;000 - Total;28901.00;3330.63
2023;2023 | 3 | PREFEITURA DO MUNICOPIO DE SCO PAULO | 1 - RECEITAS CORRENTES | 3 - RECEITA PATRIMONIAL | 2 - VALORES MOBILIRIOS | 1 - JUROS E CORREAES MONETRIAS | 05 - JUROS DE TOTULOS DE RENDA | 0 - JUROS DE TOTULOS DE RENDA | 1 - PRINCIPAL | 01 - FUNDOS DE INVESTIMENTOS E APLICAAES EM COTAS - RENDA FIXA | 09 - TESOURO MUNICIPAL - RECURSOS VINCULADOS | 032 - SECRETARIA MUNICIPAL DE URBANISMO E LICENCIAMENTO | 026 - PMSP-SMUL/OU AGUA BRANCA - OUTORGA GERAL | 11 - INTEGRAL | 01 - TOTAL | 000 - TOTAL | .00 | .00;2023;3;PREFEITURA DO MUNICÖPIO DE SÇO PAULO;1 - RECEITAS CORRENTES;3 - RECEITA PATRIMONIAL;2 - VALORES MOBILIµRIOS;1 - JUROS E CORREåES MONETµRIAS;05 - JUROS DE TÖTULOS DE RENDA;0 - JUROS DE TÖTULOS DE RENDA;1 - Principal;01 - FUNDOS DE INVESTIMENTOS E APLICAåES EM COTAS - RENDA FIXA;09 - TESOURO MUNICIPAL - RECURSOS VINCULADOS;032 - SECRETARIA MUNICIPAL DE URBANISMO E LICENCIAMENTO;026 - PMSP-SMUL/OU AGUA BRANCA - OUTORGA GERAL;11 - Integral;01 - Total;000 - Total;.00;.00
2023;2023 | 3 | PREFEITURA DO MUNICOPIO DE SCO PAULO | 1 - RECEITAS CORRENTES | 3 - RECEITA PATRIMONIAL | 2 - VALORES MOBILIRIOS | 1 - JUROS E CORREAES MONETRIAS | 05 - JUROS DE TOTULOS DE RENDA | 0 - JUROS DE TOTULOS DE RENDA | 1 - PRINCIPAL | 01 - FUNDOS DE INVESTIMENTOS E APLICAAES EM COTAS - RENDA FIXA | 09 - TESOURO MUNICIPAL - RECURSOS VINCULADOS | 032 - SECRETARIA MUNICIPAL DE URBANISMO E LICENCIAMENTO | 028 - PMSP-SMUL/OUC FARIA LIMA - OUTORGA GERAL | 11 - INTEGRAL | 01 - TOTAL | 000 - TOTAL | .00 | .00;2023;3;PREFEITURA DO MUNICÖPIO DE SÇO PAULO;1 - RECEITAS CORRENTES;3 - RECEITA PATRIMONIAL;2 - VALORES MOBILIµRIOS;1 - JUROS E CORREåES MONETµRIAS;05 - JUROS DE TÖTULOS DE RENDA;0 - JUROS DE TÖTULOS DE RENDA;1 - Principal;01 - FUNDOS DE INVESTIMENTOS E APLICAåES EM COTAS - RENDA FIXA;09 - TESOURO MUNICIPAL - RECURSOS VINCULADOS;032 - SECRETARIA MUNICIPAL DE URBANISMO E LICENCIAMENTO;028 - PMSP-SMUL/OUC FARIA LIMA - OUTORGA GERAL;11 - Integral;01 - Total;000 - Total;.00;.00
2023;2023 | 3 | PREFEITURA DO MUNICOPIO DE SCO PAULO | 1 - RECEITAS CORRENTES | 3 - RECEITA PATRIMONIAL | 3 - DELEGACO DE SERVIOS PEBLICOS MEDIANTE CONCESSCO PERMISSCO AUTORIZACO OU LICENA | 9 - DEMAIS DELEGAAES DE SERVIOS PEBLICOS | 99 - OUTRAS DELEGAAES DE SERVIOS PEBLICOS | 0 - OUTRAS DELEGAAES DE SERVIOS PEBLICOS | 1 - PRINCIPAL | 01 - OUTORGAS PROVENIENTES DE CONCESSAES - FMD | 00 - OUTORGAS PROVENIENTES DE CONCESSAES - FMD | 000 - OUTORGAS PROVENIENTES DE CONCESSAES - FMD | 000 - OUTORGAS PROVENIENTES DE CONCESSAES - FMD | 11 - INTEGRAL | 01 - TOTAL | 000 - TOTAL | 101631444.00 | 5912910.59;2023;3;PREFEITURA DO MUNICÖPIO DE SÇO PAULO;1 - RECEITAS CORRENTES;3 - RECEITA PATRIMONIAL;3 - DELEGAÇO DE SERVIOS PéBLICOS MEDIANTE CONCESSÇO PERMISSÇO AUTORIZAÇO OU LICENA;9 - DEMAIS DELEGAåES DE SERVIOS PéBLICOS;99 - OUTRAS DELEGAåES DE SERVIOS PéBLICOS;0 - OUTRAS DELEGAåES DE SERVIOS PéBLICOS;1 - Principal;01 - OUTORGAS PROVENIENTES DE CONCESSåES - FMD;00 - OUTORGAS PROVENIENTES DE CONCESSåES - FMD;000 - OUTORGAS PROVENIENTES DE CONCESSåES - FMD;000 - OUTORGAS PROVENIENTES DE CONCESSåES - FMD;11 - Integral;01 - Total;000 - Total;101631444.00;5912910.59
2023;2023 | 3 | PREFEITURA DO MUNICOPIO DE SCO PAULO | 1 - RECEITAS CORRENTES | 9 - OUTRAS RECEITAS CORRENTES | 4 - MULTAS E JUROS DE MORA DAS RECEITAS DE CAPITAL | 9 - MULTAS E JUROS DE MORA DE OUTRAS RECEITAS DE CAPITAL | 99 - MULTAS E JUROS DE OUTRAS RECEITAS DE CAPITAL | 0 - MULTAS E JUROS DE OUTRAS RECEITAS DE CAPITAL | 2 - MULTA | 76 - OUTORGA ONEROSA - PLANO DIRETOR - DIREITO DE CONSTRUIR - FUNDURB - MULTAS E JUROS | 00 - OUTORGA ONEROSA - PLANO DIRETOR - DIREITO DE CONSTRUIR - FUNDURB - MULTAS E JUROS | 000 - OUTORGA ONEROSA - PLANO DIRETOR - DIREITO DE CONSTRUIR - FUNDURB - MULTAS E JUROS | 000 - OUTORGA ONEROSA - PLANO DIRETOR - DIREITO DE CONSTRUIR - FUNDURB - MULTAS E JUROS | 11 - INTEGRAL | 01 - TOTAL | 000 - TOTAL | .00 | 861.18;2023;3;PREFEITURA DO MUNICÖPIO DE SÇO PAULO;1 - RECEITAS CORRENTES;9 - OUTRAS RECEITAS CORRENTES;4 - MULTAS E JUROS DE MORA DAS RECEITAS DE CAPITAL;9 - MULTAS E JUROS DE MORA DE OUTRAS RECEITAS DE CAPITAL;99 - MULTAS E JUROS DE OUTRAS RECEITAS DE CAPITAL;0 - MULTAS E JUROS DE OUTRAS RECEITAS DE CAPITAL;2 - Multa;76 - OUTORGA ONEROSA - PLANO DIRETOR - DIREITO DE CONSTRUIR - FUNDURB - MULTAS E JUROS;00 - OUTORGA ONEROSA - PLANO DIRETOR - DIREITO DE CONSTRUIR - FUNDURB - MULTAS E JUROS;000 - OUTORGA ONEROSA - PLANO DIRETOR - DIREITO DE CONSTRUIR - FUNDURB - MULTAS E JUROS;000 - OUTORGA ONEROSA - PLANO DIRETOR - DIREITO DE CONSTRUIR - FUNDURB - MULTAS E JUROS;11 - Integral;01 - Total;000 - Total;.00;861.18
2023;2023 | 3 | PREFEITURA DO MUNICOPIO DE SCO PAULO | 2 - RECEITAS DE CAPITAL | 9 - OUTRAS RECEITAS DE CAPITAL | 9 - DEMAIS RECEITAS DE CAPITAL | 9 - DEMAIS RECEITAS DE CAPITAL | 99 - OUTRAS RECEITAS DE CAPITAL | 0 - OUTRAS RECEITAS DE CAPITAL | 1 - PRINCIPAL | 01 - DEMAIS RECEITAS DE CAPITAL - PRINCIPAL | 09 - OUTORGA ONEROSA COTA SOLIDARIEDADE - FUNDURB | 000 - OUTORGA ONEROSA COTA SOLIDARIEDADE - FUNDURB | 000 - OUTORGA ONEROSA COTA SOLIDARIEDADE - FUNDURB | 11 - INTEGRAL | 01 - TOTAL | 000 - TOTAL | 12135584.00 | 4351023.16;2023;3;PREFEITURA DO MUNICÖPIO DE SÇO PAULO;2 - RECEITAS DE CAPITAL;9 - OUTRAS RECEITAS DE CAPITAL;9 - DEMAIS RECEITAS DE CAPITAL;9 - DEMAIS RECEITAS DE CAPITAL;99 - OUTRAS RECEITAS DE CAPITAL;0 - OUTRAS RECEITAS DE CAPITAL;1 - Principal;01 - DEMAIS RECEITAS DE CAPITAL - PRINCIPAL;09 - OUTORGA ONEROSA COTA SOLIDARIEDADE - FUNDURB;000 - OUTORGA ONEROSA COTA SOLIDARIEDADE - FUNDURB;000 - OUTORGA ONEROSA COTA SOLIDARIEDADE - FUNDURB;11 - Integral;01 - Total;000 - Total;12135584.00;4351023.16
2023;2023 | 3 | PREFEITURA DO MUNICOPIO DE SCO PAULO | 2 - RECEITAS DE CAPITAL | 9 - OUTRAS RECEITAS DE CAPITAL | 9 - DEMAIS RECEITAS DE CAPITAL | 9 - DEMAIS RECEITAS DE CAPITAL | 99 - OUTRAS RECEITAS DE CAPITAL | 0 - OUTRAS RECEITAS DE CAPITAL | 1 - PRINCIPAL | 01 - DEMAIS RECEITAS DE CAPITAL - PRINCIPAL | 11 - OUTORGA ONEROSA - PLANO DIRETOR - DIREITO DE CONSTRUIR - FUNDURB | 000 - OUTORGA ONEROSA - PLANO DIRETOR - DIREITO DE CONSTRUIR - FUNDURB | 000 - OUTORGA ONEROSA - PLANO DIRETOR - DIREITO DE CONSTRUIR - FUNDURB | 11 - INTEGRAL | 01 - TOTAL | 000 - TOTAL | 708000000.00 | 85298242.44;2023;3;PREFEITURA DO MUNICÖPIO DE SÇO PAULO;2 - RECEITAS DE CAPITAL;9 - OUTRAS RECEITAS DE CAPITAL;9 - DEMAIS RECEITAS DE CAPITAL;9 - DEMAIS RECEITAS DE CAPITAL;99 - OUTRAS RECEITAS DE CAPITAL;0 - OUTRAS RECEITAS DE CAPITAL;1 - Principal;01 - DEMAIS RECEITAS DE CAPITAL - PRINCIPAL;11 - OUTORGA ONEROSA - PLANO DIRETOR - DIREITO DE CONSTRUIR - FUNDURB;000 - OUTORGA ONEROSA - PLANO DIRETOR - DIREITO DE CONSTRUIR - FUNDURB;000 - OUTORGA ONEROSA - PLANO DIRETOR - DIREITO DE CONSTRUIR - FUNDURB;11 - Integral;01 - Total;000 - Total;708000000.00;85298242.44
2023;2023 | 3 | PREFEITURA DO MUNICOPIO DE SCO PAULO | 2 - RECEITAS DE CAPITAL | 9 - OUTRAS RECEITAS DE CAPITAL | 9 - DEMAIS RECEITAS DE CAPITAL | 9 - DEMAIS RECEITAS DE CAPITAL | 99 - OUTRAS RECEITAS DE CAPITAL | 0 - OUTRAS RECEITAS DE CAPITAL | 1 - PRINCIPAL | 01 - DEMAIS RECEITAS DE CAPITAL - PRINCIPAL | 11 - OUTORGA ONEROSA - PLANO DIRETOR - DIREITO DE CONSTRUIR - FUNDURB | 000 - OUTORGA ONEROSA - PLANO DIRETOR - DIREITO DE CONSTRUIR - FUNDURB | 000 - OUTORGA ONEROSA - PLANO DIRETOR - DIREITO DE CONSTRUIR - FUNDURB | 11 - INTEGRAL | 09 - DEDUTORA | 001 - DEDUAES OUTORGA ONEROSA - PLANO DIRETOR - DIREITO DE CONSTRUIR - FUNDURB | .00 | .00;2023;3;PREFEITURA DO MUNICÖPIO DE SÇO PAULO;2 - RECEITAS DE CAPITAL;9 - OUTRAS RECEITAS DE CAPITAL;9 - DEMAIS RECEITAS DE CAPITAL;9 - DEMAIS RECEITAS DE CAPITAL;99 - OUTRAS RECEITAS DE CAPITAL;0 - OUTRAS RECEITAS DE CAPITAL;1 - Principal;01 - DEMAIS RECEITAS DE CAPITAL - PRINCIPAL;11 - OUTORGA ONEROSA - PLANO DIRETOR - DIREITO DE CONSTRUIR - FUNDURB;000 - OUTORGA ONEROSA - PLANO DIRETOR - DIREITO DE CONSTRUIR - FUNDURB;000 - OUTORGA ONEROSA - PLANO DIRETOR - DIREITO DE CONSTRUIR - FUNDURB;11 - Integral;09 - Dedutora;001 - Deduäes Outorga Onerosa - Plano Diretor - Direito de Construir - FUNDURB;.00;.00
2023;2023 | 3 | SERVIO FUNERRIO DO MUNICOPIO DE SCO PAULO | 1 - RECEITAS CORRENTES | 6 - RECEITA DE SERVIOS | 9 - OUTROS SERVIOS | 9 - OUTROS SERVIOS | 99 - OUTROS SERVIOS | 0 - OUTROS SERVIOS | 1 - PRINCIPAL | 11 - VELARIO | 00 - VELARIO | 000 - VELARIO | 000 - VELARIO | 11 - INTEGRAL | 01 - TOTAL | 000 - TOTAL | 2433285.00 | 179996.30;2023;3;SERVIO FUNERµRIO DO MUNICÖPIO DE SÇO PAULO;1 - RECEITAS CORRENTES;6 - RECEITA DE SERVIOS;9 - OUTROS SERVIOS;9 - OUTROS SERVIOS;99 - OUTROS SERVIOS;0 - OUTROS SERVIOS;1 - Principal;11 - VELàRIO;00 - VELàRIO;000 - VELàRIO;000 - VELàRIO;11 - Integral;01 - Total;000 - Total;2433285.00;179996.30
2023;2023 | 3 | SERVIO FUNERRIO DO MUNICOPIO DE SCO PAULO | 1 - RECEITAS CORRENTES | 6 - RECEITA DE SERVIOS | 9 - OUTROS SERVIOS | 9 - OUTROS SERVIOS | 99 - OUTROS SERVIOS | 0 - OUTROS SERVIOS | 1 - PRINCIPAL | 12 - CREMACO | 00 - CREMACO | 000 - CREMACO | 000 - CREMACO | 11 - INTEGRAL | 01 - TOTAL | 000 - TOTAL | 1447902.00 | 110774.89;2023;3;SERVIO FUNERµRIO DO MUNICÖPIO DE SÇO PAULO;1 - RECEITAS CORRENTES;6 - RECEITA DE SERVIOS;9 - OUTROS SERVIOS;9 - OUTROS SERVIOS;99 - OUTROS SERVIOS;0 - OUTROS SERVIOS;1 - Principal;12 - CREMAÇO;00 - CREMAÇO;000 - CREMAÇO;000 - CREMAÇO;11 - Integral;01 - Total;000 - Total;1447902.00;110774.89
2023;2023 | 3 | SERVIO FUNERRIO DO MUNICOPIO DE SCO PAULO | 7 - RECEITAS CORRENTES INTRAORAMENTRIAS | 9 - OUTRAS RECEITAS CORRENTES INTRAORAMENTRIAS | 2 - INDENIZAAES RESTITUIAES E RESSARCIMENTOS | 2 - RESTITUIAES | 99 - OUTRAS RESTITUIAES | 0 - OUTRAS RESTITUIAES | 1 - PRINCIPAL | 02 - REEMBOLSO DE VALORES RELATIVO A FUNERAL - LEI 8.989/79 | 05 - VELARIO | 000 - VELARIO | 000 - VELARIO | 11 - INTEGRAL | 01 - TOTAL | 000 - TOTAL | 45126.00 | .00;2023;3;SERVIO FUNERµRIO DO MUNICÖPIO DE SÇO PAULO;7 - RECEITAS CORRENTES INTRAORAMENTµRIAS;9 - OUTRAS RECEITAS CORRENTES INTRAORAMENTµRIAS;2 - INDENIZAåES RESTITUIåES E RESSARCIMENTOS;2 - RESTITUIåES;99 - OUTRAS RESTITUIåES;0 - OUTRAS RESTITUIåES;1 - Principal;02 - REEMBOLSO DE VALORES RELATIVO A FUNERAL - LEI 8.989/79;05 - VELàRIO;000 - VELàRIO;000 - VELàRIO;11 - Integral;01 - Total;000 - Total;45126.00;.00
2023;2023 | 3 | SERVIO FUNERRIO DO MUNICOPIO DE SCO PAULO | 7 - RECEITAS CORRENTES INTRAORAMENTRIAS | 9 - OUTRAS RECEITAS CORRENTES INTRAORAMENTRIAS | 2 - INDENIZAAES RESTITUIAES E RESSARCIMENTOS | 2 - RESTITUIAES | 99 - OUTRAS RESTITUIAES | 0 - OUTRAS RESTITUIAES | 1 - PRINCIPAL | 03 - REEMBOLSO DE VALORES RELATIVO A FUNERAL - LEI 11.479/94 | 05 - VELARIO | 000 - VELARIO | 000 - VELARIO | 11 - INTEGRAL | 01 - TOTAL | 000 - TOTAL | 23271.00 | .00;2023;3;SERVIO FUNERµRIO DO MUNICÖPIO DE SÇO PAULO;7 - RECEITAS CORRENTES INTRAORAMENTµRIAS;9 - OUTRAS RECEITAS CORRENTES INTRAORAMENTµRIAS;2 - INDENIZAåES RESTITUIåES E RESSARCIMENTOS;2 - RESTITUIåES;99 - OUTRAS RESTITUIåES;0 - OUTRAS RESTITUIåES;1 - Principal;03 - REEMBOLSO DE VALORES RELATIVO A FUNERAL - LEI 11.479/94;05 - VELàRIO;000 - VELàRIO;000 - VELàRIO;11 - Integral;01 - Total;000 - Total;23271.00;.00
2023;2023 | 4 | FUNDO MUNICIPAL DE HABITAO - COHAB | 1 - RECEITAS CORRENTES | 3 - RECEITA PATRIMONIAL | 2 - VALORES MOBILIRIOS | 1 - JUROS E CORREAES MONETRIAS | 05 - JUROS DE TOTULOS DE RENDA | 0 - JUROS DE TOTULOS DE RENDA | 1 - PRINCIPAL | 01 - FUNDOS DE INVESTIMENTOS E APLICAAES EM COTAS - RENDA FIXA | 09 - TESOURO MUNICIPAL - RECURSOS VINCULADOS | 023 - FUNDO MUNICIPAL DE HABITACO - COHAB | 001 - OUTORGA ONEROSA LEI 13.558/2003 ALTERADA PELA LEI 13.876/2004 | 11 - INTEGRAL | 01 - TOTAL | 000 - TOTAL | 60000.00 | .00;2023;4;Fundo Municipal de HabitaÆo - COHAB;1 - RECEITAS CORRENTES;3 - RECEITA PATRIMONIAL;2 - VALORES MOBILIµRIOS;1 - JUROS E CORREåES MONETµRIAS;05 - JUROS DE TÖTULOS DE RENDA;0 - JUROS DE TÖTULOS DE RENDA;1 - Principal;01 - FUNDOS DE INVESTIMENTOS E APLICAåES EM COTAS - RENDA FIXA;09 - TESOURO MUNICIPAL - RECURSOS VINCULADOS;023 - FUNDO MUNICIPAL DE HABITAÇO - COHAB;001 - OUTORGA ONEROSA LEI 13.558/2003 ALTERADA PELA LEI 13.876/2004;11 - Integral;01 - Total;000 - Total;60000.00;.00
2023;2023 | 4 | FUNDO MUNICIPAL DE HABITAO - COHAB | 2 - RECEITAS DE CAPITAL | 9 - OUTRAS RECEITAS DE CAPITAL | 9 - DEMAIS RECEITAS DE CAPITAL | 9 - DEMAIS RECEITAS DE CAPITAL | 99 - OUTRAS RECEITAS DE CAPITAL | 0 - OUTRAS RECEITAS DE CAPITAL | 1 - PRINCIPAL | 01 - DEMAIS RECEITAS DE CAPITAL - PRINCIPAL | 12 - OUTORGA ONEROSA - LEI DE ANISTIA | 000 - OUTORGA ONEROSA - LEI DE ANISTIA | 000 - OUTORGA ONEROSA - LEI DE ANISTIA | 11 - INTEGRAL | 01 - TOTAL | 000 - TOTAL | 1920000.00 | .00;2023;4;Fundo Municipal de HabitaÆo - COHAB;2 - RECEITAS DE CAPITAL;9 - OUTRAS RECEITAS DE CAPITAL;9 - DEMAIS RECEITAS DE CAPITAL;9 - DEMAIS RECEITAS DE CAPITAL;99 - OUTRAS RECEITAS DE CAPITAL;0 - OUTRAS RECEITAS DE CAPITAL;1 - Principal;01 - DEMAIS RECEITAS DE CAPITAL - PRINCIPAL;12 - OUTORGA ONEROSA - LEI DE ANISTIA;000 - OUTORGA ONEROSA - LEI DE ANISTIA;000 - OUTORGA ONEROSA - LEI DE ANISTIA;11 - Integral;01 - Total;000 - Total;1920000.00;.00
2023;2023 | 4 | PREFEITURA DO MUNICOPIO DE SCO PAULO | 1 - RECEITAS CORRENTES | 3 - RECEITA PATRIMONIAL | 2 - VALORES MOBILIRIOS | 1 - JUROS E CORREAES MONETRIAS | 05 - JUROS DE TOTULOS DE RENDA | 0 - JUROS DE TOTULOS DE RENDA | 1 - PRINCIPAL | 01 - FUNDOS DE INVESTIMENTOS E APLICAAES EM COTAS - RENDA FIXA | 09 - TESOURO MUNICIPAL - RECURSOS VINCULADOS | 032 - SECRETARIA MUNICIPAL DE URBANISMO E LICENCIAMENTO | 009 - OPERACO URBANA FARIA LIMA - OUTORGA HIS | 11 - INTEGRAL | 01 - TOTAL | 000 - TOTAL | 3897916.00 | 360568.51;2023;4;PREFEITURA DO MUNICÖPIO DE SÇO PAULO;1 - RECEITAS CORRENTES;3 - RECEITA PATRIMONIAL;2 - VALORES MOBILIµRIOS;1 - JUROS E CORREåES MONETµRIAS;05 - JUROS DE TÖTULOS DE RENDA;0 - JUROS DE TÖTULOS DE RENDA;1 - Principal;01 - FUNDOS DE INVESTIMENTOS E APLICAåES EM COTAS - RENDA FIXA;09 - TESOURO MUNICIPAL - RECURSOS VINCULADOS;032 - SECRETARIA MUNICIPAL DE URBANISMO E LICENCIAMENTO;009 - OPERAÇO URBANA FARIA LIMA - OUTORGA HIS;11 - Integral;01 - Total;000 - Total;3897916.00;360568.51
2023;2023 | 4 | PREFEITURA DO MUNICOPIO DE SCO PAULO | 1 - RECEITAS CORRENTES | 3 - RECEITA PATRIMONIAL | 2 - VALORES MOBILIRIOS | 1 - JUROS E CORREAES MONETRIAS | 05 - JUROS DE TOTULOS DE RENDA | 0 - JUROS DE TOTULOS DE RENDA | 1 - PRINCIPAL | 01 - FUNDOS DE INVESTIMENTOS E APLICAAES EM COTAS - RENDA FIXA | 09 - TESOURO MUNICIPAL - RECURSOS VINCULADOS | 032 - SECRETARIA MUNICIPAL DE URBANISMO E LICENCIAMENTO | 011 - OPERACO URBANA FARIA LIMA - OUTORGA | 11 - INTEGRAL | 01 - TOTAL | 000 - TOTAL | 9933052.00 | 914823.64;2023;4;PREFEITURA DO MUNICÖPIO DE SÇO PAULO;1 - RECEITAS CORRENTES;3 - RECEITA PATRIMONIAL;2 - VALORES MOBILIµRIOS;1 - JUROS E CORREåES MONETµRIAS;05 - JUROS DE TÖTULOS DE RENDA;0 - JUROS DE TÖTULOS DE RENDA;1 - Principal;01 - FUNDOS DE INVESTIMENTOS E APLICAåES EM COTAS - RENDA FIXA;09 - TESOURO MUNICIPAL - RECURSOS VINCULADOS;032 - SECRETARIA MUNICIPAL DE URBANISMO E LICENCIAMENTO;011 - OPERAÇO URBANA FARIA LIMA - OUTORGA;11 - Integral;01 - Total;000 - Total;9933052.00;914823.64
2023;2023 | 4 | PREFEITURA DO MUNICOPIO DE SCO PAULO | 1 - RECEITAS CORRENTES | 3 - RECEITA PATRIMONIAL | 2 - VALORES MOBILIRIOS | 1 - JUROS E CORREAES MONETRIAS | 05 - JUROS DE TOTULOS DE RENDA | 0 - JUROS DE TOTULOS DE RENDA | 1 - PRINCIPAL | 01 - FUNDOS DE INVESTIMENTOS E APLICAAES EM COTAS - RENDA FIXA | 09 - TESOURO MUNICIPAL - RECURSOS VINCULADOS | 032 - SECRETARIA MUNICIPAL DE URBANISMO E LICENCIAMENTO | 013 - FUNDO ESPECIAL OPERACO URBANA GUA BRANCA - FEAB - OUTORGA | 11 - INTEGRAL | 01 - TOTAL | 000 - TOTAL | 82069353.00 | 7288487.23;2023;4;PREFEITURA DO MUNICÖPIO DE SÇO PAULO;1 - RECEITAS CORRENTES;3 - RECEITA PATRIMONIAL;2 - VALORES MOBILIµRIOS;1 - JUROS E CORREåES MONETµRIAS;05 - JUROS DE TÖTULOS DE RENDA;0 - JUROS DE TÖTULOS DE RENDA;1 - Principal;01 - FUNDOS DE INVESTIMENTOS E APLICAåES EM COTAS - RENDA FIXA;09 - TESOURO MUNICIPAL - RECURSOS VINCULADOS;032 - SECRETARIA MUNICIPAL DE URBANISMO E LICENCIAMENTO;013 - FUNDO ESPECIAL OPERAÇO URBANA µGUA BRANCA - FEAB - OUTORGA;11 - Integral;01 - Total;000 - Total;82069353.00;7288487.23
2023;2023 | 4 | PREFEITURA DO MUNICOPIO DE SCO PAULO | 1 - RECEITAS CORRENTES | 3 - RECEITA PATRIMONIAL | 2 - VALORES MOBILIRIOS | 1 - JUROS E CORREAES MONETRIAS | 05 - JUROS DE TOTULOS DE RENDA | 0 - JUROS DE TOTULOS DE RENDA | 1 - PRINCIPAL | 01 - FUNDOS DE INVESTIMENTOS E APLICAAES EM COTAS - RENDA FIXA | 09 - TESOURO MUNICIPAL - RECURSOS VINCULADOS | 032 - SECRETARIA MUNICIPAL DE URBANISMO E LICENCIAMENTO | 014 - FUNDO ESPECIAL OPERACO URBANA GUA BRANCA - FEAB - OUTORGA - HIS | 11 - INTEGRAL | 01 - TOTAL | 000 - TOTAL | 28901.00 | 2612.78;2023;4;PREFEITURA DO MUNICÖPIO DE SÇO PAULO;1 - RECEITAS CORRENTES;3 - RECEITA PATRIMONIAL;2 - VALORES MOBILIµRIOS;1 - JUROS E CORREåES MONETµRIAS;05 - JUROS DE TÖTULOS DE RENDA;0 - JUROS DE TÖTULOS DE RENDA;1 - Principal;01 - FUNDOS DE INVESTIMENTOS E APLICAåES EM COTAS - RENDA FIXA;09 - TESOURO MUNICIPAL - RECURSOS VINCULADOS;032 - SECRETARIA MUNICIPAL DE URBANISMO E LICENCIAMENTO;014 - FUNDO ESPECIAL OPERAÇO URBANA µGUA BRANCA - FEAB - OUTORGA - HIS;11 - Integral;01 - Total;000 - Total;28901.00;2612.78
2023;2023 | 4 | PREFEITURA DO MUNICOPIO DE SCO PAULO | 1 - RECEITAS CORRENTES | 3 - RECEITA PATRIMONIAL | 2 - VALORES MOBILIRIOS | 1 - JUROS E CORREAES MONETRIAS | 05 - JUROS DE TOTULOS DE RENDA | 0 - JUROS DE TOTULOS DE RENDA | 1 - PRINCIPAL | 01 - FUNDOS DE INVESTIMENTOS E APLICAAES EM COTAS - RENDA FIXA | 09 - TESOURO MUNICIPAL - RECURSOS VINCULADOS | 032 - SECRETARIA MUNICIPAL DE URBANISMO E LICENCIAMENTO | 026 - PMSP-SMUL/OU AGUA BRANCA - OUTORGA GERAL | 11 - INTEGRAL | 01 - TOTAL | 000 - TOTAL | .00 | .00;2023;4;PREFEITURA DO MUNICÖPIO DE SÇO PAULO;1 - RECEITAS CORRENTES;3 - RECEITA PATRIMONIAL;2 - VALORES MOBILIµRIOS;1 - JUROS E CORREåES MONETµRIAS;05 - JUROS DE TÖTULOS DE RENDA;0 - JUROS DE TÖTULOS DE RENDA;1 - Principal;01 - FUNDOS DE INVESTIMENTOS E APLICAåES EM COTAS - RENDA FIXA;09 - TESOURO MUNICIPAL - RECURSOS VINCULADOS;032 - SECRETARIA MUNICIPAL DE URBANISMO E LICENCIAMENTO;026 - PMSP-SMUL/OU AGUA BRANCA - OUTORGA GERAL;11 - Integral;01 - Total;000 - Total;.00;.00
2023;2023 | 4 | PREFEITURA DO MUNICOPIO DE SCO PAULO | 1 - RECEITAS CORRENTES | 3 - RECEITA PATRIMONIAL | 2 - VALORES MOBILIRIOS | 1 - JUROS E CORREAES MONETRIAS | 05 - JUROS DE TOTULOS DE RENDA | 0 - JUROS DE TOTULOS DE RENDA | 1 - PRINCIPAL | 01 - FUNDOS DE INVESTIMENTOS E APLICAAES EM COTAS - RENDA FIXA | 09 - TESOURO MUNICIPAL - RECURSOS VINCULADOS | 032 - SECRETARIA MUNICIPAL DE URBANISMO E LICENCIAMENTO | 028 - PMSP-SMUL/OUC FARIA LIMA - OUTORGA GERAL | 11 - INTEGRAL | 01 - TOTAL | 000 - TOTAL | .00 | .00;2023;4;PREFEITURA DO MUNICÖPIO DE SÇO PAULO;1 - RECEITAS CORRENTES;3 - RECEITA PATRIMONIAL;2 - VALORES MOBILIµRIOS;1 - JUROS E CORREåES MONETµRIAS;05 - JUROS DE TÖTULOS DE RENDA;0 - JUROS DE TÖTULOS DE RENDA;1 - Principal;01 - FUNDOS DE INVESTIMENTOS E APLICAåES EM COTAS - RENDA FIXA;09 - TESOURO MUNICIPAL - RECURSOS VINCULADOS;032 - SECRETARIA MUNICIPAL DE URBANISMO E LICENCIAMENTO;028 - PMSP-SMUL/OUC FARIA LIMA - OUTORGA GERAL;11 - Integral;01 - Total;000 - Total;.00;.00
2023;2023 | 4 | PREFEITURA DO MUNICOPIO DE SCO PAULO | 1 - RECEITAS CORRENTES | 3 - RECEITA PATRIMONIAL | 3 - DELEGACO DE SERVIOS PEBLICOS MEDIANTE CONCESSCO PERMISSCO AUTORIZACO OU LICENA | 9 - DEMAIS DELEGAAES DE SERVIOS PEBLICOS | 99 - OUTRAS DELEGAAES DE SERVIOS PEBLICOS | 0 - OUTRAS DELEGAAES DE SERVIOS PEBLICOS | 1 - PRINCIPAL | 01 - OUTORGAS PROVENIENTES DE CONCESSAES - FMD | 00 - OUTORGAS PROVENIENTES DE CONCESSAES - FMD | 000 - OUTORGAS PROVENIENTES DE CONCESSAES - FMD | 000 - OUTORGAS PROVENIENTES DE CONCESSAES - FMD | 11 - INTEGRAL | 01 - TOTAL | 000 - TOTAL | 101631444.00 | 8977994.55;2023;4;PREFEITURA DO MUNICÖPIO DE SÇO PAULO;1 - RECEITAS CORRENTES;3 - RECEITA PATRIMONIAL;3 - DELEGAÇO DE SERVIOS PéBLICOS MEDIANTE CONCESSÇO PERMISSÇO AUTORIZAÇO OU LICENA;9 - DEMAIS DELEGAåES DE SERVIOS PéBLICOS;99 - OUTRAS DELEGAåES DE SERVIOS PéBLICOS;0 - OUTRAS DELEGAåES DE SERVIOS PéBLICOS;1 - Principal;01 - OUTORGAS PROVENIENTES DE CONCESSåES - FMD;00 - OUTORGAS PROVENIENTES DE CONCESSåES - FMD;000 - OUTORGAS PROVENIENTES DE CONCESSåES - FMD;000 - OUTORGAS PROVENIENTES DE CONCESSåES - FMD;11 - Integral;01 - Total;000 - Total;101631444.00;8977994.55
2023;2023 | 4 | PREFEITURA DO MUNICOPIO DE SCO PAULO | 1 - RECEITAS CORRENTES | 9 - OUTRAS RECEITAS CORRENTES | 4 - MULTAS E JUROS DE MORA DAS RECEITAS DE CAPITAL | 9 - MULTAS E JUROS DE MORA DE OUTRAS RECEITAS DE CAPITAL | 99 - MULTAS E JUROS DE OUTRAS RECEITAS DE CAPITAL | 0 - MULTAS E JUROS DE OUTRAS RECEITAS DE CAPITAL | 2 - MULTA | 76 - OUTORGA ONEROSA - PLANO DIRETOR - DIREITO DE CONSTRUIR - FUNDURB - MULTAS E JUROS | 00 - OUTORGA ONEROSA - PLANO DIRETOR - DIREITO DE CONSTRUIR - FUNDURB - MULTAS E JUROS | 000 - OUTORGA ONEROSA - PLANO DIRETOR - DIREITO DE CONSTRUIR - FUNDURB - MULTAS E JUROS | 000 - OUTORGA ONEROSA - PLANO DIRETOR - DIREITO DE CONSTRUIR - FUNDURB - MULTAS E JUROS | 11 - INTEGRAL | 01 - TOTAL | 000 - TOTAL | .00 | .00;2023;4;PREFEITURA DO MUNICÖPIO DE SÇO PAULO;1 - RECEITAS CORRENTES;9 - OUTRAS RECEITAS CORRENTES;4 - MULTAS E JUROS DE MORA DAS RECEITAS DE CAPITAL;9 - MULTAS E JUROS DE MORA DE OUTRAS RECEITAS DE CAPITAL;99 - MULTAS E JUROS DE OUTRAS RECEITAS DE CAPITAL;0 - MULTAS E JUROS DE OUTRAS RECEITAS DE CAPITAL;2 - Multa;76 - OUTORGA ONEROSA - PLANO DIRETOR - DIREITO DE CONSTRUIR - FUNDURB - MULTAS E JUROS;00 - OUTORGA ONEROSA - PLANO DIRETOR - DIREITO DE CONSTRUIR - FUNDURB - MULTAS E JUROS;000 - OUTORGA ONEROSA - PLANO DIRETOR - DIREITO DE CONSTRUIR - FUNDURB - MULTAS E JUROS;000 - OUTORGA ONEROSA - PLANO DIRETOR - DIREITO DE CONSTRUIR - FUNDURB - MULTAS E JUROS;11 - Integral;01 - Total;000 - Total;.00;.00
2023;2023 | 4 | PREFEITURA DO MUNICOPIO DE SCO PAULO | 2 - RECEITAS DE CAPITAL | 9 - OUTRAS RECEITAS DE CAPITAL | 9 - DEMAIS RECEITAS DE CAPITAL | 9 - DEMAIS RECEITAS DE CAPITAL | 99 - OUTRAS RECEITAS DE CAPITAL | 0 - OUTRAS RECEITAS DE CAPITAL | 1 - PRINCIPAL | 01 - DEMAIS RECEITAS DE CAPITAL - PRINCIPAL | 09 - OUTORGA ONEROSA COTA SOLIDARIEDADE - FUNDURB | 000 - OUTORGA ONEROSA COTA SOLIDARIEDADE - FUNDURB | 000 - OUTORGA ONEROSA COTA SOLIDARIEDADE - FUNDURB | 11 - INTEGRAL | 01 - TOTAL | 000 - TOTAL | 12135584.00 | 1144680.98;2023;4;PREFEITURA DO MUNICÖPIO DE SÇO PAULO;2 - RECEITAS DE CAPITAL;9 - OUTRAS RECEITAS DE CAPITAL;9 - DEMAIS RECEITAS DE CAPITAL;9 - DEMAIS RECEITAS DE CAPITAL;99 - OUTRAS RECEITAS DE CAPITAL;0 - OUTRAS RECEITAS DE CAPITAL;1 - Principal;01 - DEMAIS RECEITAS DE CAPITAL - PRINCIPAL;09 - OUTORGA ONEROSA COTA SOLIDARIEDADE - FUNDURB;000 - OUTORGA ONEROSA COTA SOLIDARIEDADE - FUNDURB;000 - OUTORGA ONEROSA COTA SOLIDARIEDADE - FUNDURB;11 - Integral;01 - Total;000 - Total;12135584.00;1144680.98
2023;2023 | 4 | PREFEITURA DO MUNICOPIO DE SCO PAULO | 2 - RECEITAS DE CAPITAL | 9 - OUTRAS RECEITAS DE CAPITAL | 9 - DEMAIS RECEITAS DE CAPITAL | 9 - DEMAIS RECEITAS DE CAPITAL | 99 - OUTRAS RECEITAS DE CAPITAL | 0 - OUTRAS RECEITAS DE CAPITAL | 1 - PRINCIPAL | 01 - DEMAIS RECEITAS DE CAPITAL - PRINCIPAL | 11 - OUTORGA ONEROSA - PLANO DIRETOR - DIREITO DE CONSTRUIR - FUNDURB | 000 - OUTORGA ONEROSA - PLANO DIRETOR - DIREITO DE CONSTRUIR - FUNDURB | 000 - OUTORGA ONEROSA - PLANO DIRETOR - DIREITO DE CONSTRUIR - FUNDURB | 11 - INTEGRAL | 01 - TOTAL | 000 - TOTAL | 708000000.00 | 94416498.16;2023;4;PREFEITURA DO MUNICÖPIO DE SÇO PAULO;2 - RECEITAS DE CAPITAL;9 - OUTRAS RECEITAS DE CAPITAL;9 - DEMAIS RECEITAS DE CAPITAL;9 - DEMAIS RECEITAS DE CAPITAL;99 - OUTRAS RECEITAS DE CAPITAL;0 - OUTRAS RECEITAS DE CAPITAL;1 - Principal;01 - DEMAIS RECEITAS DE CAPITAL - PRINCIPAL;11 - OUTORGA ONEROSA - PLANO DIRETOR - DIREITO DE CONSTRUIR - FUNDURB;000 - OUTORGA ONEROSA - PLANO DIRETOR - DIREITO DE CONSTRUIR - FUNDURB;000 - OUTORGA ONEROSA - PLANO DIRETOR - DIREITO DE CONSTRUIR - FUNDURB;11 - Integral;01 - Total;000 - Total;708000000.00;94416498.16
2023;2023 | 4 | PREFEITURA DO MUNICOPIO DE SCO PAULO | 2 - RECEITAS DE CAPITAL | 9 - OUTRAS RECEITAS DE CAPITAL | 9 - DEMAIS RECEITAS DE CAPITAL | 9 - DEMAIS RECEITAS DE CAPITAL | 99 - OUTRAS RECEITAS DE CAPITAL | 0 - OUTRAS RECEITAS DE CAPITAL | 1 - PRINCIPAL | 01 - DEMAIS RECEITAS DE CAPITAL - PRINCIPAL | 11 - OUTORGA ONEROSA - PLANO DIRETOR - DIREITO DE CONSTRUIR - FUNDURB | 000 - OUTORGA ONEROSA - PLANO DIRETOR - DIREITO DE CONSTRUIR - FUNDURB | 000 - OUTORGA ONEROSA - PLANO DIRETOR - DIREITO DE CONSTRUIR - FUNDURB | 11 - INTEGRAL | 09 - DEDUTORA | 001 - DEDUAES OUTORGA ONEROSA - PLANO DIRETOR - DIREITO DE CONSTRUIR - FUNDURB | .00 | .00;2023;4;PREFEITURA DO MUNICÖPIO DE SÇO PAULO;2 - RECEITAS DE CAPITAL;9 - OUTRAS RECEITAS DE CAPITAL;9 - DEMAIS RECEITAS DE CAPITAL;9 - DEMAIS RECEITAS DE CAPITAL;99 - OUTRAS RECEITAS DE CAPITAL;0 - OUTRAS RECEITAS DE CAPITAL;1 - Principal;01 - DEMAIS RECEITAS DE CAPITAL - PRINCIPAL;11 - OUTORGA ONEROSA - PLANO DIRETOR - DIREITO DE CONSTRUIR - FUNDURB;000 - OUTORGA ONEROSA - PLANO DIRETOR - DIREITO DE CONSTRUIR - FUNDURB;000 - OUTORGA ONEROSA - PLANO DIRETOR - DIREITO DE CONSTRUIR - FUNDURB;11 - Integral;09 - Dedutora;001 - Deduäes Outorga Onerosa - Plano Diretor - Direito de Construir - FUNDURB;.00;.00
2023;2023 | 4 | SERVIO FUNERRIO DO MUNICOPIO DE SCO PAULO | 1 - RECEITAS CORRENTES | 6 - RECEITA DE SERVIOS | 9 - OUTROS SERVIOS | 9 - OUTROS SERVIOS | 99 - OUTROS SERVIOS | 0 - OUTROS SERVIOS | 1 - PRINCIPAL | 11 - VELARIO | 00 - VELARIO | 000 - VELARIO | 000 - VELARIO | 11 - INTEGRAL | 01 - TOTAL | 000 - TOTAL | 2433285.00 | 4467.94;2023;4;SERVIO FUNERµRIO DO MUNICÖPIO DE SÇO PAULO;1 - RECEITAS CORRENTES;6 - RECEITA DE SERVIOS;9 - OUTROS SERVIOS;9 - OUTROS SERVIOS;99 - OUTROS SERVIOS;0 - OUTROS SERVIOS;1 - Principal;11 - VELàRIO;00 - VELàRIO;000 - VELàRIO;000 - VELàRIO;11 - Integral;01 - Total;000 - Total;2433285.00;4467.94
2023;2023 | 4 | SERVIO FUNERRIO DO MUNICOPIO DE SCO PAULO | 1 - RECEITAS CORRENTES | 6 - RECEITA DE SERVIOS | 9 - OUTROS SERVIOS | 9 - OUTROS SERVIOS | 99 - OUTROS SERVIOS | 0 - OUTROS SERVIOS | 1 - PRINCIPAL | 12 - CREMACO | 00 - CREMACO | 000 - CREMACO | 000 - CREMACO | 11 - INTEGRAL | 01 - TOTAL | 000 - TOTAL | 1447902.00 | .00;2023;4;SERVIO FUNERµRIO DO MUNICÖPIO DE SÇO PAULO;1 - RECEITAS CORRENTES;6 - RECEITA DE SERVIOS;9 - OUTROS SERVIOS;9 - OUTROS SERVIOS;99 - OUTROS SERVIOS;0 - OUTROS SERVIOS;1 - Principal;12 - CREMAÇO;00 - CREMAÇO;000 - CREMAÇO;000 - CREMAÇO;11 - Integral;01 - Total;000 - Total;1447902.00;.00
2023;2023 | 4 | SERVIO FUNERRIO DO MUNICOPIO DE SCO PAULO | 7 - RECEITAS CORRENTES INTRAORAMENTRIAS | 9 - OUTRAS RECEITAS CORRENTES INTRAORAMENTRIAS | 2 - INDENIZAAES RESTITUIAES E RESSARCIMENTOS | 2 - RESTITUIAES | 99 - OUTRAS RESTITUIAES | 0 - OUTRAS RESTITUIAES | 1 - PRINCIPAL | 02 - REEMBOLSO DE VALORES RELATIVO A FUNERAL - LEI 8.989/79 | 05 - VELARIO | 000 - VELARIO | 000 - VELARIO | 11 - INTEGRAL | 01 - TOTAL | 000 - TOTAL | 45126.00 | .00;2023;4;SERVIO FUNERµRIO DO MUNICÖPIO DE SÇO PAULO;7 - RECEITAS CORRENTES INTRAORAMENTµRIAS;9 - OUTRAS RECEITAS CORRENTES INTRAORAMENTµRIAS;2 - INDENIZAåES RESTITUIåES E RESSARCIMENTOS;2 - RESTITUIåES;99 - OUTRAS RESTITUIåES;0 - OUTRAS RESTITUIåES;1 - Principal;02 - REEMBOLSO DE VALORES RELATIVO A FUNERAL - LEI 8.989/79;05 - VELàRIO;000 - VELàRIO;000 - VELàRIO;11 - Integral;01 - Total;000 - Total;45126.00;.00
2023;2023 | 4 | SERVIO FUNERRIO DO MUNICOPIO DE SCO PAULO | 7 - RECEITAS CORRENTES INTRAORAMENTRIAS | 9 - OUTRAS RECEITAS CORRENTES INTRAORAMENTRIAS | 2 - INDENIZAAES RESTITUIAES E RESSARCIMENTOS | 2 - RESTITUIAES | 99 - OUTRAS RESTITUIAES | 0 - OUTRAS RESTITUIAES | 1 - PRINCIPAL | 03 - REEMBOLSO DE VALORES RELATIVO A FUNERAL - LEI 11.479/94 | 05 - VELARIO | 000 - VELARIO | 000 - VELARIO | 11 - INTEGRAL | 01 - TOTAL | 000 - TOTAL | 23271.00 | 46873.75;2023;4;SERVIO FUNERµRIO DO MUNICÖPIO DE SÇO PAULO;7 - RECEITAS CORRENTES INTRAORAMENTµRIAS;9 - OUTRAS RECEITAS CORRENTES INTRAORAMENTµRIAS;2 - INDENIZAåES RESTITUIåES E RESSARCIMENTOS;2 - RESTITUIåES;99 - OUTRAS RESTITUIåES;0 - OUTRAS RESTITUIåES;1 - Principal;03 - REEMBOLSO DE VALORES RELATIVO A FUNERAL - LEI 11.479/94;05 - VELàRIO;000 - VELàRIO;000 - VELàRIO;11 - Integral;01 - Total;000 - Total;23271.00;46873.75
2023;2023 | 5 | FUNDO MUNICIPAL DE HABITAO - COHAB | 1 - RECEITAS CORRENTES | 3 - RECEITA PATRIMONIAL | 2 - VALORES MOBILIRIOS | 1 - JUROS E CORREAES MONETRIAS | 05 - JUROS DE TOTULOS DE RENDA | 0 - JUROS DE TOTULOS DE RENDA | 1 - PRINCIPAL | 01 - FUNDOS DE INVESTIMENTOS E APLICAAES EM COTAS - RENDA FIXA | 09 - TESOURO MUNICIPAL - RECURSOS VINCULADOS | 023 - FUNDO MUNICIPAL DE HABITACO - COHAB | 001 - OUTORGA ONEROSA LEI 13.558/2003 ALTERADA PELA LEI 13.876/2004 | 11 - INTEGRAL | 01 - TOTAL | 000 - TOTAL | 60000.00 | .00;2023;5;Fundo Municipal de HabitaÆo - COHAB;1 - RECEITAS CORRENTES;3 - RECEITA PATRIMONIAL;2 - VALORES MOBILIµRIOS;1 - JUROS E CORREåES MONETµRIAS;05 - JUROS DE TÖTULOS DE RENDA;0 - JUROS DE TÖTULOS DE RENDA;1 - Principal;01 - FUNDOS DE INVESTIMENTOS E APLICAåES EM COTAS - RENDA FIXA;09 - TESOURO MUNICIPAL - RECURSOS VINCULADOS;023 - FUNDO MUNICIPAL DE HABITAÇO - COHAB;001 - OUTORGA ONEROSA LEI 13.558/2003 ALTERADA PELA LEI 13.876/2004;11 - Integral;01 - Total;000 - Total;60000.00;.00
2023;2023 | 5 | FUNDO MUNICIPAL DE HABITAO - COHAB | 2 - RECEITAS DE CAPITAL | 9 - OUTRAS RECEITAS DE CAPITAL | 9 - DEMAIS RECEITAS DE CAPITAL | 9 - DEMAIS RECEITAS DE CAPITAL | 99 - OUTRAS RECEITAS DE CAPITAL | 0 - OUTRAS RECEITAS DE CAPITAL | 1 - PRINCIPAL | 01 - DEMAIS RECEITAS DE CAPITAL - PRINCIPAL | 12 - OUTORGA ONEROSA - LEI DE ANISTIA | 000 - OUTORGA ONEROSA - LEI DE ANISTIA | 000 - OUTORGA ONEROSA - LEI DE ANISTIA | 11 - INTEGRAL | 01 - TOTAL | 000 - TOTAL | 1920000.00 | 150290.26;2023;5;Fundo Municipal de HabitaÆo - COHAB;2 - RECEITAS DE CAPITAL;9 - OUTRAS RECEITAS DE CAPITAL;9 - DEMAIS RECEITAS DE CAPITAL;9 - DEMAIS RECEITAS DE CAPITAL;99 - OUTRAS RECEITAS DE CAPITAL;0 - OUTRAS RECEITAS DE CAPITAL;1 - Principal;01 - DEMAIS RECEITAS DE CAPITAL - PRINCIPAL;12 - OUTORGA ONEROSA - LEI DE ANISTIA;000 - OUTORGA ONEROSA - LEI DE ANISTIA;000 - OUTORGA ONEROSA - LEI DE ANISTIA;11 - Integral;01 - Total;000 - Total;1920000.00;150290.26
2023;2023 | 5 | PREFEITURA DO MUNICOPIO DE SCO PAULO | 1 - RECEITAS CORRENTES | 3 - RECEITA PATRIMONIAL | 2 - VALORES MOBILIRIOS | 1 - JUROS E CORREAES MONETRIAS | 05 - JUROS DE TOTULOS DE RENDA | 0 - JUROS DE TOTULOS DE RENDA | 1 - PRINCIPAL | 01 - FUNDOS DE INVESTIMENTOS E APLICAAES EM COTAS - RENDA FIXA | 09 - TESOURO MUNICIPAL - RECURSOS VINCULADOS | 032 - SECRETARIA MUNICIPAL DE URBANISMO E LICENCIAMENTO | 009 - OPERACO URBANA FARIA LIMA - OUTORGA HIS | 11 - INTEGRAL | 01 - TOTAL | 000 - TOTAL | 3897916.00 | 454105.29;2023;5;PREFEITURA DO MUNICÖPIO DE SÇO PAULO;1 - RECEITAS CORRENTES;3 - RECEITA PATRIMONIAL;2 - VALORES MOBILIµRIOS;1 - JUROS E CORREåES MONETµRIAS;05 - JUROS DE TÖTULOS DE RENDA;0 - JUROS DE TÖTULOS DE RENDA;1 - Principal;01 - FUNDOS DE INVESTIMENTOS E APLICAåES EM COTAS - RENDA FIXA;09 - TESOURO MUNICIPAL - RECURSOS VINCULADOS;032 - SECRETARIA MUNICIPAL DE URBANISMO E LICENCIAMENTO;009 - OPERAÇO URBANA FARIA LIMA - OUTORGA HIS;11 - Integral;01 - Total;000 - Total;3897916.00;454105.29
2023;2023 | 5 | PREFEITURA DO MUNICOPIO DE SCO PAULO | 1 - RECEITAS CORRENTES | 3 - RECEITA PATRIMONIAL | 2 - VALORES MOBILIRIOS | 1 - JUROS E CORREAES MONETRIAS | 05 - JUROS DE TOTULOS DE RENDA | 0 - JUROS DE TOTULOS DE RENDA | 1 - PRINCIPAL | 01 - FUNDOS DE INVESTIMENTOS E APLICAAES EM COTAS - RENDA FIXA | 09 - TESOURO MUNICIPAL - RECURSOS VINCULADOS | 032 - SECRETARIA MUNICIPAL DE URBANISMO E LICENCIAMENTO | 011 - OPERACO URBANA FARIA LIMA - OUTORGA | 11 - INTEGRAL | 01 - TOTAL | 000 - TOTAL | 9933052.00 | 1152142.35;2023;5;PREFEITURA DO MUNICÖPIO DE SÇO PAULO;1 - RECEITAS CORRENTES;3 - RECEITA PATRIMONIAL;2 - VALORES MOBILIµRIOS;1 - JUROS E CORREåES MONETµRIAS;05 - JUROS DE TÖTULOS DE RENDA;0 - JUROS DE TÖTULOS DE RENDA;1 - Principal;01 - FUNDOS DE INVESTIMENTOS E APLICAåES EM COTAS - RENDA FIXA;09 - TESOURO MUNICIPAL - RECURSOS VINCULADOS;032 - SECRETARIA MUNICIPAL DE URBANISMO E LICENCIAMENTO;011 - OPERAÇO URBANA FARIA LIMA - OUTORGA;11 - Integral;01 - Total;000 - Total;9933052.00;1152142.35
2023;2023 | 5 | PREFEITURA DO MUNICOPIO DE SCO PAULO | 1 - RECEITAS CORRENTES | 3 - RECEITA PATRIMONIAL | 2 - VALORES MOBILIRIOS | 1 - JUROS E CORREAES MONETRIAS | 05 - JUROS DE TOTULOS DE RENDA | 0 - JUROS DE TOTULOS DE RENDA | 1 - PRINCIPAL | 01 - FUNDOS DE INVESTIMENTOS E APLICAAES EM COTAS - RENDA FIXA | 09 - TESOURO MUNICIPAL - RECURSOS VINCULADOS | 032 - SECRETARIA MUNICIPAL DE URBANISMO E LICENCIAMENTO | 013 - FUNDO ESPECIAL OPERACO URBANA GUA BRANCA - FEAB - OUTORGA | 11 - INTEGRAL | 01 - TOTAL | 000 - TOTAL | 82069353.00 | 9178304.96;2023;5;PREFEITURA DO MUNICÖPIO DE SÇO PAULO;1 - RECEITAS CORRENTES;3 - RECEITA PATRIMONIAL;2 - VALORES MOBILIµRIOS;1 - JUROS E CORREåES MONETµRIAS;05 - JUROS DE TÖTULOS DE RENDA;0 - JUROS DE TÖTULOS DE RENDA;1 - Principal;01 - FUNDOS DE INVESTIMENTOS E APLICAåES EM COTAS - RENDA FIXA;09 - TESOURO MUNICIPAL - RECURSOS VINCULADOS;032 - SECRETARIA MUNICIPAL DE URBANISMO E LICENCIAMENTO;013 - FUNDO ESPECIAL OPERAÇO URBANA µGUA BRANCA - FEAB - OUTORGA;11 - Integral;01 - Total;000 - Total;82069353.00;9178304.96
2023;2023 | 5 | PREFEITURA DO MUNICOPIO DE SCO PAULO | 1 - RECEITAS CORRENTES | 3 - RECEITA PATRIMONIAL | 2 - VALORES MOBILIRIOS | 1 - JUROS E CORREAES MONETRIAS | 05 - JUROS DE TOTULOS DE RENDA | 0 - JUROS DE TOTULOS DE RENDA | 1 - PRINCIPAL | 01 - FUNDOS DE INVESTIMENTOS E APLICAAES EM COTAS - RENDA FIXA | 09 - TESOURO MUNICIPAL - RECURSOS VINCULADOS | 032 - SECRETARIA MUNICIPAL DE URBANISMO E LICENCIAMENTO | 014 - FUNDO ESPECIAL OPERACO URBANA GUA BRANCA - FEAB - OUTORGA - HIS | 11 - INTEGRAL | 01 - TOTAL | 000 - TOTAL | 28901.00 | 3290.56;2023;5;PREFEITURA DO MUNICÖPIO DE SÇO PAULO;1 - RECEITAS CORRENTES;3 - RECEITA PATRIMONIAL;2 - VALORES MOBILIµRIOS;1 - JUROS E CORREåES MONETµRIAS;05 - JUROS DE TÖTULOS DE RENDA;0 - JUROS DE TÖTULOS DE RENDA;1 - Principal;01 - FUNDOS DE INVESTIMENTOS E APLICAåES EM COTAS - RENDA FIXA;09 - TESOURO MUNICIPAL - RECURSOS VINCULADOS;032 - SECRETARIA MUNICIPAL DE URBANISMO E LICENCIAMENTO;014 - FUNDO ESPECIAL OPERAÇO URBANA µGUA BRANCA - FEAB - OUTORGA - HIS;11 - Integral;01 - Total;000 - Total;28901.00;3290.56
2023;2023 | 5 | PREFEITURA DO MUNICOPIO DE SCO PAULO | 1 - RECEITAS CORRENTES | 3 - RECEITA PATRIMONIAL | 2 - VALORES MOBILIRIOS | 1 - JUROS E CORREAES MONETRIAS | 05 - JUROS DE TOTULOS DE RENDA | 0 - JUROS DE TOTULOS DE RENDA | 1 - PRINCIPAL | 01 - FUNDOS DE INVESTIMENTOS E APLICAAES EM COTAS - RENDA FIXA | 09 - TESOURO MUNICIPAL - RECURSOS VINCULADOS | 032 - SECRETARIA MUNICIPAL DE URBANISMO E LICENCIAMENTO | 026 - PMSP-SMUL/OU AGUA BRANCA - OUTORGA GERAL | 11 - INTEGRAL | 01 - TOTAL | 000 - TOTAL | .00 | .00;2023;5;PREFEITURA DO MUNICÖPIO DE SÇO PAULO;1 - RECEITAS CORRENTES;3 - RECEITA PATRIMONIAL;2 - VALORES MOBILIµRIOS;1 - JUROS E CORREåES MONETµRIAS;05 - JUROS DE TÖTULOS DE RENDA;0 - JUROS DE TÖTULOS DE RENDA;1 - Principal;01 - FUNDOS DE INVESTIMENTOS E APLICAåES EM COTAS - RENDA FIXA;09 - TESOURO MUNICIPAL - RECURSOS VINCULADOS;032 - SECRETARIA MUNICIPAL DE URBANISMO E LICENCIAMENTO;026 - PMSP-SMUL/OU AGUA BRANCA - OUTORGA GERAL;11 - Integral;01 - Total;000 - Total;.00;.00
2023;2023 | 5 | PREFEITURA DO MUNICOPIO DE SCO PAULO | 1 - RECEITAS CORRENTES | 3 - RECEITA PATRIMONIAL | 2 - VALORES MOBILIRIOS | 1 - JUROS E CORREAES MONETRIAS | 05 - JUROS DE TOTULOS DE RENDA | 0 - JUROS DE TOTULOS DE RENDA | 1 - PRINCIPAL | 01 - FUNDOS DE INVESTIMENTOS E APLICAAES EM COTAS - RENDA FIXA | 09 - TESOURO MUNICIPAL - RECURSOS VINCULADOS | 032 - SECRETARIA MUNICIPAL DE URBANISMO E LICENCIAMENTO | 028 - PMSP-SMUL/OUC FARIA LIMA - OUTORGA GERAL | 11 - INTEGRAL | 01 - TOTAL | 000 - TOTAL | .00 | .00;2023;5;PREFEITURA DO MUNICÖPIO DE SÇO PAULO;1 - RECEITAS CORRENTES;3 - RECEITA PATRIMONIAL;2 - VALORES MOBILIµRIOS;1 - JUROS E CORREåES MONETµRIAS;05 - JUROS DE TÖTULOS DE RENDA;0 - JUROS DE TÖTULOS DE RENDA;1 - Principal;01 - FUNDOS DE INVESTIMENTOS E APLICAåES EM COTAS - RENDA FIXA;09 - TESOURO MUNICIPAL - RECURSOS VINCULADOS;032 - SECRETARIA MUNICIPAL DE URBANISMO E LICENCIAMENTO;028 - PMSP-SMUL/OUC FARIA LIMA - OUTORGA GERAL;11 - Integral;01 - Total;000 - Total;.00;.00
2023;2023 | 5 | PREFEITURA DO MUNICOPIO DE SCO PAULO | 1 - RECEITAS CORRENTES | 3 - RECEITA PATRIMONIAL | 3 - DELEGACO DE SERVIOS PEBLICOS MEDIANTE CONCESSCO PERMISSCO AUTORIZACO OU LICENA | 9 - DEMAIS DELEGAAES DE SERVIOS PEBLICOS | 99 - OUTRAS DELEGAAES DE SERVIOS PEBLICOS | 0 - OUTRAS DELEGAAES DE SERVIOS PEBLICOS | 1 - PRINCIPAL | 01 - OUTORGAS PROVENIENTES DE CONCESSAES - FMD | 00 - OUTORGAS PROVENIENTES DE CONCESSAES - FMD | 000 - OUTORGAS PROVENIENTES DE CONCESSAES - FMD | 000 - OUTORGAS PROVENIENTES DE CONCESSAES - FMD | 11 - INTEGRAL | 01 - TOTAL | 000 - TOTAL | 101631444.00 | 11441881.85;2023;5;PREFEITURA DO MUNICÖPIO DE SÇO PAULO;1 - RECEITAS CORRENTES;3 - RECEITA PATRIMONIAL;3 - DELEGAÇO DE SERVIOS PéBLICOS MEDIANTE CONCESSÇO PERMISSÇO AUTORIZAÇO OU LICENA;9 - DEMAIS DELEGAåES DE SERVIOS PéBLICOS;99 - OUTRAS DELEGAåES DE SERVIOS PéBLICOS;0 - OUTRAS DELEGAåES DE SERVIOS PéBLICOS;1 - Principal;01 - OUTORGAS PROVENIENTES DE CONCESSåES - FMD;00 - OUTORGAS PROVENIENTES DE CONCESSåES - FMD;000 - OUTORGAS PROVENIENTES DE CONCESSåES - FMD;000 - OUTORGAS PROVENIENTES DE CONCESSåES - FMD;11 - Integral;01 - Total;000 - Total;101631444.00;11441881.85
2023;2023 | 5 | PREFEITURA DO MUNICOPIO DE SCO PAULO | 1 - RECEITAS CORRENTES | 9 - OUTRAS RECEITAS CORRENTES | 4 - MULTAS E JUROS DE MORA DAS RECEITAS DE CAPITAL | 9 - MULTAS E JUROS DE MORA DE OUTRAS RECEITAS DE CAPITAL | 99 - MULTAS E JUROS DE OUTRAS RECEITAS DE CAPITAL | 0 - MULTAS E JUROS DE OUTRAS RECEITAS DE CAPITAL | 2 - MULTA | 76 - OUTORGA ONEROSA - PLANO DIRETOR - DIREITO DE CONSTRUIR - FUNDURB - MULTAS E JUROS | 00 - OUTORGA ONEROSA - PLANO DIRETOR - DIREITO DE CONSTRUIR - FUNDURB - MULTAS E JUROS | 000 - OUTORGA ONEROSA - PLANO DIRETOR - DIREITO DE CONSTRUIR - FUNDURB - MULTAS E JUROS | 000 - OUTORGA ONEROSA - PLANO DIRETOR - DIREITO DE CONSTRUIR - FUNDURB - MULTAS E JUROS | 11 - INTEGRAL | 01 - TOTAL | 000 - TOTAL | .00 | 25.44;2023;5;PREFEITURA DO MUNICÖPIO DE SÇO PAULO;1 - RECEITAS CORRENTES;9 - OUTRAS RECEITAS CORRENTES;4 - MULTAS E JUROS DE MORA DAS RECEITAS DE CAPITAL;9 - MULTAS E JUROS DE MORA DE OUTRAS RECEITAS DE CAPITAL;99 - MULTAS E JUROS DE OUTRAS RECEITAS DE CAPITAL;0 - MULTAS E JUROS DE OUTRAS RECEITAS DE CAPITAL;2 - Multa;76 - OUTORGA ONEROSA - PLANO DIRETOR - DIREITO DE CONSTRUIR - FUNDURB - MULTAS E JUROS;00 - OUTORGA ONEROSA - PLANO DIRETOR - DIREITO DE CONSTRUIR - FUNDURB - MULTAS E JUROS;000 - OUTORGA ONEROSA - PLANO DIRETOR - DIREITO DE CONSTRUIR - FUNDURB - MULTAS E JUROS;000 - OUTORGA ONEROSA - PLANO DIRETOR - DIREITO DE CONSTRUIR - FUNDURB - MULTAS E JUROS;11 - Integral;01 - Total;000 - Total;.00;25.44
2023;2023 | 5 | PREFEITURA DO MUNICOPIO DE SCO PAULO | 2 - RECEITAS DE CAPITAL | 9 - OUTRAS RECEITAS DE CAPITAL | 9 - DEMAIS RECEITAS DE CAPITAL | 9 - DEMAIS RECEITAS DE CAPITAL | 99 - OUTRAS RECEITAS DE CAPITAL | 0 - OUTRAS RECEITAS DE CAPITAL | 1 - PRINCIPAL | 01 - DEMAIS RECEITAS DE CAPITAL - PRINCIPAL | 09 - OUTORGA ONEROSA COTA SOLIDARIEDADE - FUNDURB | 000 - OUTORGA ONEROSA COTA SOLIDARIEDADE - FUNDURB | 000 - OUTORGA ONEROSA COTA SOLIDARIEDADE - FUNDURB | 11 - INTEGRAL | 01 - TOTAL | 000 - TOTAL | 12135584.00 | 2493329.27;2023;5;PREFEITURA DO MUNICÖPIO DE SÇO PAULO;2 - RECEITAS DE CAPITAL;9 - OUTRAS RECEITAS DE CAPITAL;9 - DEMAIS RECEITAS DE CAPITAL;9 - DEMAIS RECEITAS DE CAPITAL;99 - OUTRAS RECEITAS DE CAPITAL;0 - OUTRAS RECEITAS DE CAPITAL;1 - Principal;01 - DEMAIS RECEITAS DE CAPITAL - PRINCIPAL;09 - OUTORGA ONEROSA COTA SOLIDARIEDADE - FUNDURB;000 - OUTORGA ONEROSA COTA SOLIDARIEDADE - FUNDURB;000 - OUTORGA ONEROSA COTA SOLIDARIEDADE - FUNDURB;11 - Integral;01 - Total;000 - Total;12135584.00;2493329.27
2023;2023 | 5 | PREFEITURA DO MUNICOPIO DE SCO PAULO | 2 - RECEITAS DE CAPITAL | 9 - OUTRAS RECEITAS DE CAPITAL | 9 - DEMAIS RECEITAS DE CAPITAL | 9 - DEMAIS RECEITAS DE CAPITAL | 99 - OUTRAS RECEITAS DE CAPITAL | 0 - OUTRAS RECEITAS DE CAPITAL | 1 - PRINCIPAL | 01 - DEMAIS RECEITAS DE CAPITAL - PRINCIPAL | 11 - OUTORGA ONEROSA - PLANO DIRETOR - DIREITO DE CONSTRUIR - FUNDURB | 000 - OUTORGA ONEROSA - PLANO DIRETOR - DIREITO DE CONSTRUIR - FUNDURB | 000 - OUTORGA ONEROSA - PLANO DIRETOR - DIREITO DE CONSTRUIR - FUNDURB | 11 - INTEGRAL | 01 - TOTAL | 000 - TOTAL | 708000000.00 | 69201163.97;2023;5;PREFEITURA DO MUNICÖPIO DE SÇO PAULO;2 - RECEITAS DE CAPITAL;9 - OUTRAS RECEITAS DE CAPITAL;9 - DEMAIS RECEITAS DE CAPITAL;9 - DEMAIS RECEITAS DE CAPITAL;99 - OUTRAS RECEITAS DE CAPITAL;0 - OUTRAS RECEITAS DE CAPITAL;1 - Principal;01 - DEMAIS RECEITAS DE CAPITAL - PRINCIPAL;11 - OUTORGA ONEROSA - PLANO DIRETOR - DIREITO DE CONSTRUIR - FUNDURB;000 - OUTORGA ONEROSA - PLANO DIRETOR - DIREITO DE CONSTRUIR - FUNDURB;000 - OUTORGA ONEROSA - PLANO DIRETOR - DIREITO DE CONSTRUIR - FUNDURB;11 - Integral;01 - Total;000 - Total;708000000.00;69201163.97
2023;2023 | 5 | PREFEITURA DO MUNICOPIO DE SCO PAULO | 2 - RECEITAS DE CAPITAL | 9 - OUTRAS RECEITAS DE CAPITAL | 9 - DEMAIS RECEITAS DE CAPITAL | 9 - DEMAIS RECEITAS DE CAPITAL | 99 - OUTRAS RECEITAS DE CAPITAL | 0 - OUTRAS RECEITAS DE CAPITAL | 1 - PRINCIPAL | 01 - DEMAIS RECEITAS DE CAPITAL - PRINCIPAL | 11 - OUTORGA ONEROSA - PLANO DIRETOR - DIREITO DE CONSTRUIR - FUNDURB | 000 - OUTORGA ONEROSA - PLANO DIRETOR - DIREITO DE CONSTRUIR - FUNDURB | 000 - OUTORGA ONEROSA - PLANO DIRETOR - DIREITO DE CONSTRUIR - FUNDURB | 11 - INTEGRAL | 09 - DEDUTORA | 001 - DEDUAES OUTORGA ONEROSA - PLANO DIRETOR - DIREITO DE CONSTRUIR - FUNDURB | .00 | .00;2023;5;PREFEITURA DO MUNICÖPIO DE SÇO PAULO;2 - RECEITAS DE CAPITAL;9 - OUTRAS RECEITAS DE CAPITAL;9 - DEMAIS RECEITAS DE CAPITAL;9 - DEMAIS RECEITAS DE CAPITAL;99 - OUTRAS RECEITAS DE CAPITAL;0 - OUTRAS RECEITAS DE CAPITAL;1 - Principal;01 - DEMAIS RECEITAS DE CAPITAL - PRINCIPAL;11 - OUTORGA ONEROSA - PLANO DIRETOR - DIREITO DE CONSTRUIR - FUNDURB;000 - OUTORGA ONEROSA - PLANO DIRETOR - DIREITO DE CONSTRUIR - FUNDURB;000 - OUTORGA ONEROSA - PLANO DIRETOR - DIREITO DE CONSTRUIR - FUNDURB;11 - Integral;09 - Dedutora;001 - Deduäes Outorga Onerosa - Plano Diretor - Direito de Construir - FUNDURB;.00;.00
2023;2023 | 5 | SERVIO FUNERRIO DO MUNICOPIO DE SCO PAULO | 1 - RECEITAS CORRENTES | 6 - RECEITA DE SERVIOS | 9 - OUTROS SERVIOS | 9 - OUTROS SERVIOS | 99 - OUTROS SERVIOS | 0 - OUTROS SERVIOS | 1 - PRINCIPAL | 11 - VELARIO | 00 - VELARIO | 000 - VELARIO | 000 - VELARIO | 11 - INTEGRAL | 01 - TOTAL | 000 - TOTAL | 2433285.00 | 1884.34;2023;5;SERVIO FUNERµRIO DO MUNICÖPIO DE SÇO PAULO;1 - RECEITAS CORRENTES;6 - RECEITA DE SERVIOS;9 - OUTROS SERVIOS;9 - OUTROS SERVIOS;99 - OUTROS SERVIOS;0 - OUTROS SERVIOS;1 - Principal;11 - VELàRIO;00 - VELàRIO;000 - VELàRIO;000 - VELàRIO;11 - Integral;01 - Total;000 - Total;2433285.00;1884.34
2023;2023 | 5 | SERVIO FUNERRIO DO MUNICOPIO DE SCO PAULO | 1 - RECEITAS CORRENTES | 6 - RECEITA DE SERVIOS | 9 - OUTROS SERVIOS | 9 - OUTROS SERVIOS | 99 - OUTROS SERVIOS | 0 - OUTROS SERVIOS | 1 - PRINCIPAL | 12 - CREMACO | 00 - CREMACO | 000 - CREMACO | 000 - CREMACO | 11 - INTEGRAL | 01 - TOTAL | 000 - TOTAL | 1447902.00 | .00;2023;5;SERVIO FUNERµRIO DO MUNICÖPIO DE SÇO PAULO;1 - RECEITAS CORRENTES;6 - RECEITA DE SERVIOS;9 - OUTROS SERVIOS;9 - OUTROS SERVIOS;99 - OUTROS SERVIOS;0 - OUTROS SERVIOS;1 - Principal;12 - CREMAÇO;00 - CREMAÇO;000 - CREMAÇO;000 - CREMAÇO;11 - Integral;01 - Total;000 - Total;1447902.00;.00
2023;2023 | 5 | SERVIO FUNERRIO DO MUNICOPIO DE SCO PAULO | 7 - RECEITAS CORRENTES INTRAORAMENTRIAS | 9 - OUTRAS RECEITAS CORRENTES INTRAORAMENTRIAS | 2 - INDENIZAAES RESTITUIAES E RESSARCIMENTOS | 2 - RESTITUIAES | 99 - OUTRAS RESTITUIAES | 0 - OUTRAS RESTITUIAES | 1 - PRINCIPAL | 02 - REEMBOLSO DE VALORES RELATIVO A FUNERAL - LEI 8.989/79 | 05 - VELARIO | 000 - VELARIO | 000 - VELARIO | 11 - INTEGRAL | 01 - TOTAL | 000 - TOTAL | 45126.00 | .00;2023;5;SERVIO FUNERµRIO DO MUNICÖPIO DE SÇO PAULO;7 - RECEITAS CORRENTES INTRAORAMENTµRIAS;9 - OUTRAS RECEITAS CORRENTES INTRAORAMENTµRIAS;2 - INDENIZAåES RESTITUIåES E RESSARCIMENTOS;2 - RESTITUIåES;99 - OUTRAS RESTITUIåES;0 - OUTRAS RESTITUIåES;1 - Principal;02 - REEMBOLSO DE VALORES RELATIVO A FUNERAL - LEI 8.989/79;05 - VELàRIO;000 - VELàRIO;000 - VELàRIO;11 - Integral;01 - Total;000 - Total;45126.00;.00
2023;2023 | 5 | SERVIO FUNERRIO DO MUNICOPIO DE SCO PAULO | 7 - RECEITAS CORRENTES INTRAORAMENTRIAS | 9 - OUTRAS RECEITAS CORRENTES INTRAORAMENTRIAS | 2 - INDENIZAAES RESTITUIAES E RESSARCIMENTOS | 2 - RESTITUIAES | 99 - OUTRAS RESTITUIAES | 0 - OUTRAS RESTITUIAES | 1 - PRINCIPAL | 03 - REEMBOLSO DE VALORES RELATIVO A FUNERAL - LEI 11.479/94 | 05 - VELARIO | 000 - VELARIO | 000 - VELARIO | 11 - INTEGRAL | 01 - TOTAL | 000 - TOTAL | 23271.00 | .00;2023;5;SERVIO FUNERµRIO DO MUNICÖPIO DE SÇO PAULO;7 - RECEITAS CORRENTES INTRAORAMENTµRIAS;9 - OUTRAS RECEITAS CORRENTES INTRAORAMENTµRIAS;2 - INDENIZAåES RESTITUIåES E RESSARCIMENTOS;2 - RESTITUIåES;99 - OUTRAS RESTITUIåES;0 - OUTRAS RESTITUIåES;1 - Principal;03 - REEMBOLSO DE VALORES RELATIVO A FUNERAL - LEI 11.479/94;05 - VELàRIO;000 - VELàRIO;000 - VELàRIO;11 - Integral;01 - Total;000 - Total;23271.00;.00
2023;2023 | 6 | FUNDO MUNICIPAL DE HABITAO - COHAB | 1 - RECEITAS CORRENTES | 3 - RECEITA PATRIMONIAL | 2 - VALORES MOBILIRIOS | 1 - JUROS E CORREAES MONETRIAS | 05 - JUROS DE TOTULOS DE RENDA | 0 - JUROS DE TOTULOS DE RENDA | 1 - PRINCIPAL | 01 - FUNDOS DE INVESTIMENTOS E APLICAAES EM COTAS - RENDA FIXA | 09 - TESOURO MUNICIPAL - RECURSOS VINCULADOS | 023 - FUNDO MUNICIPAL DE HABITACO - COHAB | 001 - OUTORGA ONEROSA LEI 13.558/2003 ALTERADA PELA LEI 13.876/2004 | 11 - INTEGRAL | 01 - TOTAL | 000 - TOTAL | 60000.00 | .00;2023;6;Fundo Municipal de HabitaÆo - COHAB;1 - RECEITAS CORRENTES;3 - RECEITA PATRIMONIAL;2 - VALORES MOBILIµRIOS;1 - JUROS E CORREåES MONETµRIAS;05 - JUROS DE TÖTULOS DE RENDA;0 - JUROS DE TÖTULOS DE RENDA;1 - Principal;01 - FUNDOS DE INVESTIMENTOS E APLICAåES EM COTAS - RENDA FIXA;09 - TESOURO MUNICIPAL - RECURSOS VINCULADOS;023 - FUNDO MUNICIPAL DE HABITAÇO - COHAB;001 - OUTORGA ONEROSA LEI 13.558/2003 ALTERADA PELA LEI 13.876/2004;11 - Integral;01 - Total;000 - Total;60000.00;.00
2023;2023 | 6 | FUNDO MUNICIPAL DE HABITAO - COHAB | 2 - RECEITAS DE CAPITAL | 9 - OUTRAS RECEITAS DE CAPITAL | 9 - DEMAIS RECEITAS DE CAPITAL | 9 - DEMAIS RECEITAS DE CAPITAL | 99 - OUTRAS RECEITAS DE CAPITAL | 0 - OUTRAS RECEITAS DE CAPITAL | 1 - PRINCIPAL | 01 - DEMAIS RECEITAS DE CAPITAL - PRINCIPAL | 12 - OUTORGA ONEROSA - LEI DE ANISTIA | 000 - OUTORGA ONEROSA - LEI DE ANISTIA | 000 - OUTORGA ONEROSA - LEI DE ANISTIA | 11 - INTEGRAL | 01 - TOTAL | 000 - TOTAL | 1920000.00 | 82389.16;2023;6;Fundo Municipal de HabitaÆo - COHAB;2 - RECEITAS DE CAPITAL;9 - OUTRAS RECEITAS DE CAPITAL;9 - DEMAIS RECEITAS DE CAPITAL;9 - DEMAIS RECEITAS DE CAPITAL;99 - OUTRAS RECEITAS DE CAPITAL;0 - OUTRAS RECEITAS DE CAPITAL;1 - Principal;01 - DEMAIS RECEITAS DE CAPITAL - PRINCIPAL;12 - OUTORGA ONEROSA - LEI DE ANISTIA;000 - OUTORGA ONEROSA - LEI DE ANISTIA;000 - OUTORGA ONEROSA - LEI DE ANISTIA;11 - Integral;01 - Total;000 - Total;1920000.00;82389.16
2023;2023 | 6 | PREFEITURA DO MUNICOPIO DE SCO PAULO | 1 - RECEITAS CORRENTES | 3 - RECEITA PATRIMONIAL | 2 - VALORES MOBILIRIOS | 1 - JUROS E CORREAES MONETRIAS | 05 - JUROS DE TOTULOS DE RENDA | 0 - JUROS DE TOTULOS DE RENDA | 1 - PRINCIPAL | 01 - FUNDOS DE INVESTIMENTOS E APLICAAES EM COTAS - RENDA FIXA | 09 - TESOURO MUNICIPAL - RECURSOS VINCULADOS | 032 - SECRETARIA MUNICIPAL DE URBANISMO E LICENCIAMENTO | 009 - OPERACO URBANA FARIA LIMA - OUTORGA HIS | 11 - INTEGRAL | 01 - TOTAL | 000 - TOTAL | 3897916.00 | 436826.35;2023;6;PREFEITURA DO MUNICÖPIO DE SÇO PAULO;1 - RECEITAS CORRENTES;3 - RECEITA PATRIMONIAL;2 - VALORES MOBILIµRIOS;1 - JUROS E CORREåES MONETµRIAS;05 - JUROS DE TÖTULOS DE RENDA;0 - JUROS DE TÖTULOS DE RENDA;1 - Principal;01 - FUNDOS DE INVESTIMENTOS E APLICAåES EM COTAS - RENDA FIXA;09 - TESOURO MUNICIPAL - RECURSOS VINCULADOS;032 - SECRETARIA MUNICIPAL DE URBANISMO E LICENCIAMENTO;009 - OPERAÇO URBANA FARIA LIMA - OUTORGA HIS;11 - Integral;01 - Total;000 - Total;3897916.00;436826.35
2023;2023 | 6 | PREFEITURA DO MUNICOPIO DE SCO PAULO | 1 - RECEITAS CORRENTES | 3 - RECEITA PATRIMONIAL | 2 - VALORES MOBILIRIOS | 1 - JUROS E CORREAES MONETRIAS | 05 - JUROS DE TOTULOS DE RENDA | 0 - JUROS DE TOTULOS DE RENDA | 1 - PRINCIPAL | 01 - FUNDOS DE INVESTIMENTOS E APLICAAES EM COTAS - RENDA FIXA | 09 - TESOURO MUNICIPAL - RECURSOS VINCULADOS | 032 - SECRETARIA MUNICIPAL DE URBANISMO E LICENCIAMENTO | 011 - OPERACO URBANA FARIA LIMA - OUTORGA | 11 - INTEGRAL | 01 - TOTAL | 000 - TOTAL | 9933052.00 | 1108302.74;2023;6;PREFEITURA DO MUNICÖPIO DE SÇO PAULO;1 - RECEITAS CORRENTES;3 - RECEITA PATRIMONIAL;2 - VALORES MOBILIµRIOS;1 - JUROS E CORREåES MONETµRIAS;05 - JUROS DE TÖTULOS DE RENDA;0 - JUROS DE TÖTULOS DE RENDA;1 - Principal;01 - FUNDOS DE INVESTIMENTOS E APLICAåES EM COTAS - RENDA FIXA;09 - TESOURO MUNICIPAL - RECURSOS VINCULADOS;032 - SECRETARIA MUNICIPAL DE URBANISMO E LICENCIAMENTO;011 - OPERAÇO URBANA FARIA LIMA - OUTORGA;11 - Integral;01 - Total;000 - Total;9933052.00;1108302.74
2023;2023 | 6 | PREFEITURA DO MUNICOPIO DE SCO PAULO | 1 - RECEITAS CORRENTES | 3 - RECEITA PATRIMONIAL | 2 - VALORES MOBILIRIOS | 1 - JUROS E CORREAES MONETRIAS | 05 - JUROS DE TOTULOS DE RENDA | 0 - JUROS DE TOTULOS DE RENDA | 1 - PRINCIPAL | 01 - FUNDOS DE INVESTIMENTOS E APLICAAES EM COTAS - RENDA FIXA | 09 - TESOURO MUNICIPAL - RECURSOS VINCULADOS | 032 - SECRETARIA MUNICIPAL DE URBANISMO E LICENCIAMENTO | 013 - FUNDO ESPECIAL OPERACO URBANA GUA BRANCA - FEAB - OUTORGA | 11 - INTEGRAL | 01 - TOTAL | 000 - TOTAL | 82069353.00 | 8849865.81;2023;6;PREFEITURA DO MUNICÖPIO DE SÇO PAULO;1 - RECEITAS CORRENTES;3 - RECEITA PATRIMONIAL;2 - VALORES MOBILIµRIOS;1 - JUROS E CORREåES MONETµRIAS;05 - JUROS DE TÖTULOS DE RENDA;0 - JUROS DE TÖTULOS DE RENDA;1 - Principal;01 - FUNDOS DE INVESTIMENTOS E APLICAåES EM COTAS - RENDA FIXA;09 - TESOURO MUNICIPAL - RECURSOS VINCULADOS;032 - SECRETARIA MUNICIPAL DE URBANISMO E LICENCIAMENTO;013 - FUNDO ESPECIAL OPERAÇO URBANA µGUA BRANCA - FEAB - OUTORGA;11 - Integral;01 - Total;000 - Total;82069353.00;8849865.81
2023;2023 | 6 | PREFEITURA DO MUNICOPIO DE SCO PAULO | 1 - RECEITAS CORRENTES | 3 - RECEITA PATRIMONIAL | 2 - VALORES MOBILIRIOS | 1 - JUROS E CORREAES MONETRIAS | 05 - JUROS DE TOTULOS DE RENDA | 0 - JUROS DE TOTULOS DE RENDA | 1 - PRINCIPAL | 01 - FUNDOS DE INVESTIMENTOS E APLICAAES EM COTAS - RENDA FIXA | 09 - TESOURO MUNICIPAL - RECURSOS VINCULADOS | 032 - SECRETARIA MUNICIPAL DE URBANISMO E LICENCIAMENTO | 014 - FUNDO ESPECIAL OPERACO URBANA GUA BRANCA - FEAB - OUTORGA - HIS | 11 - INTEGRAL | 01 - TOTAL | 000 - TOTAL | 28901.00 | 3165.36;2023;6;PREFEITURA DO MUNICÖPIO DE SÇO PAULO;1 - RECEITAS CORRENTES;3 - RECEITA PATRIMONIAL;2 - VALORES MOBILIµRIOS;1 - JUROS E CORREåES MONETµRIAS;05 - JUROS DE TÖTULOS DE RENDA;0 - JUROS DE TÖTULOS DE RENDA;1 - Principal;01 - FUNDOS DE INVESTIMENTOS E APLICAåES EM COTAS - RENDA FIXA;09 - TESOURO MUNICIPAL - RECURSOS VINCULADOS;032 - SECRETARIA MUNICIPAL DE URBANISMO E LICENCIAMENTO;014 - FUNDO ESPECIAL OPERAÇO URBANA µGUA BRANCA - FEAB - OUTORGA - HIS;11 - Integral;01 - Total;000 - Total;28901.00;3165.36
2023;2023 | 6 | PREFEITURA DO MUNICOPIO DE SCO PAULO | 1 - RECEITAS CORRENTES | 3 - RECEITA PATRIMONIAL | 2 - VALORES MOBILIRIOS | 1 - JUROS E CORREAES MONETRIAS | 05 - JUROS DE TOTULOS DE RENDA | 0 - JUROS DE TOTULOS DE RENDA | 1 - PRINCIPAL | 01 - FUNDOS DE INVESTIMENTOS E APLICAAES EM COTAS - RENDA FIXA | 09 - TESOURO MUNICIPAL - RECURSOS VINCULADOS | 032 - SECRETARIA MUNICIPAL DE URBANISMO E LICENCIAMENTO | 026 - PMSP-SMUL/OU AGUA BRANCA - OUTORGA GERAL | 11 - INTEGRAL | 01 - TOTAL | 000 - TOTAL | .00 | .00;2023;6;PREFEITURA DO MUNICÖPIO DE SÇO PAULO;1 - RECEITAS CORRENTES;3 - RECEITA PATRIMONIAL;2 - VALORES MOBILIµRIOS;1 - JUROS E CORREåES MONETµRIAS;05 - JUROS DE TÖTULOS DE RENDA;0 - JUROS DE TÖTULOS DE RENDA;1 - Principal;01 - FUNDOS DE INVESTIMENTOS E APLICAåES EM COTAS - RENDA FIXA;09 - TESOURO MUNICIPAL - RECURSOS VINCULADOS;032 - SECRETARIA MUNICIPAL DE URBANISMO E LICENCIAMENTO;026 - PMSP-SMUL/OU AGUA BRANCA - OUTORGA GERAL;11 - Integral;01 - Total;000 - Total;.00;.00
2023;2023 | 6 | PREFEITURA DO MUNICOPIO DE SCO PAULO | 1 - RECEITAS CORRENTES | 3 - RECEITA PATRIMONIAL | 2 - VALORES MOBILIRIOS | 1 - JUROS E CORREAES MONETRIAS | 05 - JUROS DE TOTULOS DE RENDA | 0 - JUROS DE TOTULOS DE RENDA | 1 - PRINCIPAL | 01 - FUNDOS DE INVESTIMENTOS E APLICAAES EM COTAS - RENDA FIXA | 09 - TESOURO MUNICIPAL - RECURSOS VINCULADOS | 032 - SECRETARIA MUNICIPAL DE URBANISMO E LICENCIAMENTO | 028 - PMSP-SMUL/OUC FARIA LIMA - OUTORGA GERAL | 11 - INTEGRAL | 01 - TOTAL | 000 - TOTAL | .00 | .00;2023;6;PREFEITURA DO MUNICÖPIO DE SÇO PAULO;1 - RECEITAS CORRENTES;3 - RECEITA PATRIMONIAL;2 - VALORES MOBILIµRIOS;1 - JUROS E CORREåES MONETµRIAS;05 - JUROS DE TÖTULOS DE RENDA;0 - JUROS DE TÖTULOS DE RENDA;1 - Principal;01 - FUNDOS DE INVESTIMENTOS E APLICAåES EM COTAS - RENDA FIXA;09 - TESOURO MUNICIPAL - RECURSOS VINCULADOS;032 - SECRETARIA MUNICIPAL DE URBANISMO E LICENCIAMENTO;028 - PMSP-SMUL/OUC FARIA LIMA - OUTORGA GERAL;11 - Integral;01 - Total;000 - Total;.00;.00
2023;2023 | 6 | PREFEITURA DO MUNICOPIO DE SCO PAULO | 1 - RECEITAS CORRENTES | 3 - RECEITA PATRIMONIAL | 3 - DELEGACO DE SERVIOS PEBLICOS MEDIANTE CONCESSCO PERMISSCO AUTORIZACO OU LICENA | 9 - DEMAIS DELEGAAES DE SERVIOS PEBLICOS | 99 - OUTRAS DELEGAAES DE SERVIOS PEBLICOS | 0 - OUTRAS DELEGAAES DE SERVIOS PEBLICOS | 1 - PRINCIPAL | 01 - OUTORGAS PROVENIENTES DE CONCESSAES - FMD | 00 - OUTORGAS PROVENIENTES DE CONCESSAES - FMD | 000 - OUTORGAS PROVENIENTES DE CONCESSAES - FMD | 000 - OUTORGAS PROVENIENTES DE CONCESSAES - FMD | 11 - INTEGRAL | 01 - TOTAL | 000 - TOTAL | 101631444.00 | 9232695.47;2023;6;PREFEITURA DO MUNICÖPIO DE SÇO PAULO;1 - RECEITAS CORRENTES;3 - RECEITA PATRIMONIAL;3 - DELEGAÇO DE SERVIOS PéBLICOS MEDIANTE CONCESSÇO PERMISSÇO AUTORIZAÇO OU LICENA;9 - DEMAIS DELEGAåES DE SERVIOS PéBLICOS;99 - OUTRAS DELEGAåES DE SERVIOS PéBLICOS;0 - OUTRAS DELEGAåES DE SERVIOS PéBLICOS;1 - Principal;01 - OUTORGAS PROVENIENTES DE CONCESSåES - FMD;00 - OUTORGAS PROVENIENTES DE CONCESSåES - FMD;000 - OUTORGAS PROVENIENTES DE CONCESSåES - FMD;000 - OUTORGAS PROVENIENTES DE CONCESSåES - FMD;11 - Integral;01 - Total;000 - Total;101631444.00;9232695.47
2023;2023 | 6 | PREFEITURA DO MUNICOPIO DE SCO PAULO | 1 - RECEITAS CORRENTES | 9 - OUTRAS RECEITAS CORRENTES | 4 - MULTAS E JUROS DE MORA DAS RECEITAS DE CAPITAL | 9 - MULTAS E JUROS DE MORA DE OUTRAS RECEITAS DE CAPITAL | 99 - MULTAS E JUROS DE OUTRAS RECEITAS DE CAPITAL | 0 - MULTAS E JUROS DE OUTRAS RECEITAS DE CAPITAL | 2 - MULTA | 76 - OUTORGA ONEROSA - PLANO DIRETOR - DIREITO DE CONSTRUIR - FUNDURB - MULTAS E JUROS | 00 - OUTORGA ONEROSA - PLANO DIRETOR - DIREITO DE CONSTRUIR - FUNDURB - MULTAS E JUROS | 000 - OUTORGA ONEROSA - PLANO DIRETOR - DIREITO DE CONSTRUIR - FUNDURB - MULTAS E JUROS | 000 - OUTORGA ONEROSA - PLANO DIRETOR - DIREITO DE CONSTRUIR - FUNDURB - MULTAS E JUROS | 11 - INTEGRAL | 01 - TOTAL | 000 - TOTAL | .00 | 1245.69;2023;6;PREFEITURA DO MUNICÖPIO DE SÇO PAULO;1 - RECEITAS CORRENTES;9 - OUTRAS RECEITAS CORRENTES;4 - MULTAS E JUROS DE MORA DAS RECEITAS DE CAPITAL;9 - MULTAS E JUROS DE MORA DE OUTRAS RECEITAS DE CAPITAL;99 - MULTAS E JUROS DE OUTRAS RECEITAS DE CAPITAL;0 - MULTAS E JUROS DE OUTRAS RECEITAS DE CAPITAL;2 - Multa;76 - OUTORGA ONEROSA - PLANO DIRETOR - DIREITO DE CONSTRUIR - FUNDURB - MULTAS E JUROS;00 - OUTORGA ONEROSA - PLANO DIRETOR - DIREITO DE CONSTRUIR - FUNDURB - MULTAS E JUROS;000 - OUTORGA ONEROSA - PLANO DIRETOR - DIREITO DE CONSTRUIR - FUNDURB - MULTAS E JUROS;000 - OUTORGA ONEROSA - PLANO DIRETOR - DIREITO DE CONSTRUIR - FUNDURB - MULTAS E JUROS;11 - Integral;01 - Total;000 - Total;.00;1245.69
2023;2023 | 6 | PREFEITURA DO MUNICOPIO DE SCO PAULO | 2 - RECEITAS DE CAPITAL | 9 - OUTRAS RECEITAS DE CAPITAL | 9 - DEMAIS RECEITAS DE CAPITAL | 9 - DEMAIS RECEITAS DE CAPITAL | 99 - OUTRAS RECEITAS DE CAPITAL | 0 - OUTRAS RECEITAS DE CAPITAL | 1 - PRINCIPAL | 01 - DEMAIS RECEITAS DE CAPITAL - PRINCIPAL | 09 - OUTORGA ONEROSA COTA SOLIDARIEDADE - FUNDURB | 000 - OUTORGA ONEROSA COTA SOLIDARIEDADE - FUNDURB | 000 - OUTORGA ONEROSA COTA SOLIDARIEDADE - FUNDURB | 11 - INTEGRAL | 01 - TOTAL | 000 - TOTAL | 12135584.00 | 1169133.62;2023;6;PREFEITURA DO MUNICÖPIO DE SÇO PAULO;2 - RECEITAS DE CAPITAL;9 - OUTRAS RECEITAS DE CAPITAL;9 - DEMAIS RECEITAS DE CAPITAL;9 - DEMAIS RECEITAS DE CAPITAL;99 - OUTRAS RECEITAS DE CAPITAL;0 - OUTRAS RECEITAS DE CAPITAL;1 - Principal;01 - DEMAIS RECEITAS DE CAPITAL - PRINCIPAL;09 - OUTORGA ONEROSA COTA SOLIDARIEDADE - FUNDURB;000 - OUTORGA ONEROSA COTA SOLIDARIEDADE - FUNDURB;000 - OUTORGA ONEROSA COTA SOLIDARIEDADE - FUNDURB;11 - Integral;01 - Total;000 - Total;12135584.00;1169133.62
2023;2023 | 6 | PREFEITURA DO MUNICOPIO DE SCO PAULO | 2 - RECEITAS DE CAPITAL | 9 - OUTRAS RECEITAS DE CAPITAL | 9 - DEMAIS RECEITAS DE CAPITAL | 9 - DEMAIS RECEITAS DE CAPITAL | 99 - OUTRAS RECEITAS DE CAPITAL | 0 - OUTRAS RECEITAS DE CAPITAL | 1 - PRINCIPAL | 01 - DEMAIS RECEITAS DE CAPITAL - PRINCIPAL | 11 - OUTORGA ONEROSA - PLANO DIRETOR - DIREITO DE CONSTRUIR - FUNDURB | 000 - OUTORGA ONEROSA - PLANO DIRETOR - DIREITO DE CONSTRUIR - FUNDURB | 000 - OUTORGA ONEROSA - PLANO DIRETOR - DIREITO DE CONSTRUIR - FUNDURB | 11 - INTEGRAL | 01 - TOTAL | 000 - TOTAL | 708000000.00 | 60295929.11;2023;6;PREFEITURA DO MUNICÖPIO DE SÇO PAULO;2 - RECEITAS DE CAPITAL;9 - OUTRAS RECEITAS DE CAPITAL;9 - DEMAIS RECEITAS DE CAPITAL;9 - DEMAIS RECEITAS DE CAPITAL;99 - OUTRAS RECEITAS DE CAPITAL;0 - OUTRAS RECEITAS DE CAPITAL;1 - Principal;01 - DEMAIS RECEITAS DE CAPITAL - PRINCIPAL;11 - OUTORGA ONEROSA - PLANO DIRETOR - DIREITO DE CONSTRUIR - FUNDURB;000 - OUTORGA ONEROSA - PLANO DIRETOR - DIREITO DE CONSTRUIR - FUNDURB;000 - OUTORGA ONEROSA - PLANO DIRETOR - DIREITO DE CONSTRUIR - FUNDURB;11 - Integral;01 - Total;000 - Total;708000000.00;60295929.11
2023;2023 | 6 | PREFEITURA DO MUNICOPIO DE SCO PAULO | 2 - RECEITAS DE CAPITAL | 9 - OUTRAS RECEITAS DE CAPITAL | 9 - DEMAIS RECEITAS DE CAPITAL | 9 - DEMAIS RECEITAS DE CAPITAL | 99 - OUTRAS RECEITAS DE CAPITAL | 0 - OUTRAS RECEITAS DE CAPITAL | 1 - PRINCIPAL | 01 - DEMAIS RECEITAS DE CAPITAL - PRINCIPAL | 11 - OUTORGA ONEROSA - PLANO DIRETOR - DIREITO DE CONSTRUIR - FUNDURB | 000 - OUTORGA ONEROSA - PLANO DIRETOR - DIREITO DE CONSTRUIR - FUNDURB | 000 - OUTORGA ONEROSA - PLANO DIRETOR - DIREITO DE CONSTRUIR - FUNDURB | 11 - INTEGRAL | 09 - DEDUTORA | 001 - DEDUAES OUTORGA ONEROSA - PLANO DIRETOR - DIREITO DE CONSTRUIR - FUNDURB | .00 | -533854.90;2023;6;PREFEITURA DO MUNICÖPIO DE SÇO PAULO;2 - RECEITAS DE CAPITAL;9 - OUTRAS RECEITAS DE CAPITAL;9 - DEMAIS RECEITAS DE CAPITAL;9 - DEMAIS RECEITAS DE CAPITAL;99 - OUTRAS RECEITAS DE CAPITAL;0 - OUTRAS RECEITAS DE CAPITAL;1 - Principal;01 - DEMAIS RECEITAS DE CAPITAL - PRINCIPAL;11 - OUTORGA ONEROSA - PLANO DIRETOR - DIREITO DE CONSTRUIR - FUNDURB;000 - OUTORGA ONEROSA - PLANO DIRETOR - DIREITO DE CONSTRUIR - FUNDURB;000 - OUTORGA ONEROSA - PLANO DIRETOR - DIREITO DE CONSTRUIR - FUNDURB;11 - Integral;09 - Dedutora;001 - Deduäes Outorga Onerosa - Plano Diretor - Direito de Construir - FUNDURB;.00;-533854.90
2023;2023 | 6 | SERVIO FUNERRIO DO MUNICOPIO DE SCO PAULO | 1 - RECEITAS CORRENTES | 6 - RECEITA DE SERVIOS | 9 - OUTROS SERVIOS | 9 - OUTROS SERVIOS | 99 - OUTROS SERVIOS | 0 - OUTROS SERVIOS | 1 - PRINCIPAL | 11 - VELARIO | 00 - VELARIO | 000 - VELARIO | 000 - VELARIO | 11 - INTEGRAL | 01 - TOTAL | 000 - TOTAL | 2433285.00 | 127.57;2023;6;SERVIO FUNERµRIO DO MUNICÖPIO DE SÇO PAULO;1 - RECEITAS CORRENTES;6 - RECEITA DE SERVIOS;9 - OUTROS SERVIOS;9 - OUTROS SERVIOS;99 - OUTROS SERVIOS;0 - OUTROS SERVIOS;1 - Principal;11 - VELàRIO;00 - VELàRIO;000 - VELàRIO;000 - VELàRIO;11 - Integral;01 - Total;000 - Total;2433285.00;127.57
2023;2023 | 6 | SERVIO FUNERRIO DO MUNICOPIO DE SCO PAULO | 1 - RECEITAS CORRENTES | 6 - RECEITA DE SERVIOS | 9 - OUTROS SERVIOS | 9 - OUTROS SERVIOS | 99 - OUTROS SERVIOS | 0 - OUTROS SERVIOS | 1 - PRINCIPAL | 12 - CREMACO | 00 - CREMACO | 000 - CREMACO | 000 - CREMACO | 11 - INTEGRAL | 01 - TOTAL | 000 - TOTAL | 1447902.00 | .00;2023;6;SERVIO FUNERµRIO DO MUNICÖPIO DE SÇO PAULO;1 - RECEITAS CORRENTES;6 - RECEITA DE SERVIOS;9 - OUTROS SERVIOS;9 - OUTROS SERVIOS;99 - OUTROS SERVIOS;0 - OUTROS SERVIOS;1 - Principal;12 - CREMAÇO;00 - CREMAÇO;000 - CREMAÇO;000 - CREMAÇO;11 - Integral;01 - Total;000 - Total;1447902.00;.00
2023;2023 | 6 | SERVIO FUNERRIO DO MUNICOPIO DE SCO PAULO | 7 - RECEITAS CORRENTES INTRAORAMENTRIAS | 9 - OUTRAS RECEITAS CORRENTES INTRAORAMENTRIAS | 2 - INDENIZAAES RESTITUIAES E RESSARCIMENTOS | 2 - RESTITUIAES | 99 - OUTRAS RESTITUIAES | 0 - OUTRAS RESTITUIAES | 1 - PRINCIPAL | 02 - REEMBOLSO DE VALORES RELATIVO A FUNERAL - LEI 8.989/79 | 05 - VELARIO | 000 - VELARIO | 000 - VELARIO | 11 - INTEGRAL | 01 - TOTAL | 000 - TOTAL | 45126.00 | .00;2023;6;SERVIO FUNERµRIO DO MUNICÖPIO DE SÇO PAULO;7 - RECEITAS CORRENTES INTRAORAMENTµRIAS;9 - OUTRAS RECEITAS CORRENTES INTRAORAMENTµRIAS;2 - INDENIZAåES RESTITUIåES E RESSARCIMENTOS;2 - RESTITUIåES;99 - OUTRAS RESTITUIåES;0 - OUTRAS RESTITUIåES;1 - Principal;02 - REEMBOLSO DE VALORES RELATIVO A FUNERAL - LEI 8.989/79;05 - VELàRIO;000 - VELàRIO;000 - VELàRIO;11 - Integral;01 - Total;000 - Total;45126.00;.00
2023;2023 | 6 | SERVIO FUNERRIO DO MUNICOPIO DE SCO PAULO | 7 - RECEITAS CORRENTES INTRAORAMENTRIAS | 9 - OUTRAS RECEITAS CORRENTES INTRAORAMENTRIAS | 2 - INDENIZAAES RESTITUIAES E RESSARCIMENTOS | 2 - RESTITUIAES | 99 - OUTRAS RESTITUIAES | 0 - OUTRAS RESTITUIAES | 1 - PRINCIPAL | 03 - REEMBOLSO DE VALORES RELATIVO A FUNERAL - LEI 11.479/94 | 05 - VELARIO | 000 - VELARIO | 000 - VELARIO | 11 - INTEGRAL | 01 - TOTAL | 000 - TOTAL | 23271.00 | 23269.70;2023;6;SERVIO FUNERµRIO DO MUNICÖPIO DE SÇO PAULO;7 - RECEITAS CORRENTES INTRAORAMENTµRIAS;9 - OUTRAS RECEITAS CORRENTES INTRAORAMENTµRIAS;2 - INDENIZAåES RESTITUIåES E RESSARCIMENTOS;2 - RESTITUIåES;99 - OUTRAS RESTITUIåES;0 - OUTRAS RESTITUIåES;1 - Principal;03 - REEMBOLSO DE VALORES RELATIVO A FUNERAL - LEI 11.479/94;05 - VELàRIO;000 - VELàRIO;000 - VELàRIO;11 - Integral;01 - Total;000 - Total;23271.00;23269.70
2023;2023 | 7 | FUNDO MUNICIPAL DE HABITAO - COHAB | 1 - RECEITAS CORRENTES | 3 - RECEITA PATRIMONIAL | 2 - VALORES MOBILIRIOS | 1 - JUROS E CORREAES MONETRIAS | 05 - JUROS DE TOTULOS DE RENDA | 0 - JUROS DE TOTULOS DE RENDA | 1 - PRINCIPAL | 01 - FUNDOS DE INVESTIMENTOS E APLICAAES EM COTAS - RENDA FIXA | 09 - TESOURO MUNICIPAL - RECURSOS VINCULADOS | 023 - FUNDO MUNICIPAL DE HABITACO - COHAB | 001 - OUTORGA ONEROSA LEI 13.558/2003 ALTERADA PELA LEI 13.876/2004 | 11 - INTEGRAL | 01 - TOTAL | 000 - TOTAL | 60000.00 | .00;2023;7;Fundo Municipal de HabitaÆo - COHAB;1 - RECEITAS CORRENTES;3 - RECEITA PATRIMONIAL;2 - VALORES MOBILIµRIOS;1 - JUROS E CORREåES MONETµRIAS;05 - JUROS DE TÖTULOS DE RENDA;0 - JUROS DE TÖTULOS DE RENDA;1 - Principal;01 - FUNDOS DE INVESTIMENTOS E APLICAåES EM COTAS - RENDA FIXA;09 - TESOURO MUNICIPAL - RECURSOS VINCULADOS;023 - FUNDO MUNICIPAL DE HABITAÇO - COHAB;001 - OUTORGA ONEROSA LEI 13.558/2003 ALTERADA PELA LEI 13.876/2004;11 - Integral;01 - Total;000 - Total;60000.00;.00
2023;2023 | 7 | FUNDO MUNICIPAL DE HABITAO - COHAB | 2 - RECEITAS DE CAPITAL | 9 - OUTRAS RECEITAS DE CAPITAL | 9 - DEMAIS RECEITAS DE CAPITAL | 9 - DEMAIS RECEITAS DE CAPITAL | 99 - OUTRAS RECEITAS DE CAPITAL | 0 - OUTRAS RECEITAS DE CAPITAL | 1 - PRINCIPAL | 01 - DEMAIS RECEITAS DE CAPITAL - PRINCIPAL | 12 - OUTORGA ONEROSA - LEI DE ANISTIA | 000 - OUTORGA ONEROSA - LEI DE ANISTIA | 000 - OUTORGA ONEROSA - LEI DE ANISTIA | 11 - INTEGRAL | 01 - TOTAL | 000 - TOTAL | 1920000.00 | .00;2023;7;Fundo Municipal de HabitaÆo - COHAB;2 - RECEITAS DE CAPITAL;9 - OUTRAS RECEITAS DE CAPITAL;9 - DEMAIS RECEITAS DE CAPITAL;9 - DEMAIS RECEITAS DE CAPITAL;99 - OUTRAS RECEITAS DE CAPITAL;0 - OUTRAS RECEITAS DE CAPITAL;1 - Principal;01 - DEMAIS RECEITAS DE CAPITAL - PRINCIPAL;12 - OUTORGA ONEROSA - LEI DE ANISTIA;000 - OUTORGA ONEROSA - LEI DE ANISTIA;000 - OUTORGA ONEROSA - LEI DE ANISTIA;11 - Integral;01 - Total;000 - Total;1920000.00;.00
2023;2023 | 7 | PREFEITURA DO MUNICOPIO DE SCO PAULO | 1 - RECEITAS CORRENTES | 3 - RECEITA PATRIMONIAL | 2 - VALORES MOBILIRIOS | 1 - JUROS E CORREAES MONETRIAS | 05 - JUROS DE TOTULOS DE RENDA | 0 - JUROS DE TOTULOS DE RENDA | 1 - PRINCIPAL | 01 - FUNDOS DE INVESTIMENTOS E APLICAAES EM COTAS - RENDA FIXA | 09 - TESOURO MUNICIPAL - RECURSOS VINCULADOS | 032 - SECRETARIA MUNICIPAL DE URBANISMO E LICENCIAMENTO | 009 - OPERACO URBANA FARIA LIMA - OUTORGA HIS | 11 - INTEGRAL | 01 - TOTAL | 000 - TOTAL | 3897916.00 | 436655.75;2023;7;PREFEITURA DO MUNICÖPIO DE SÇO PAULO;1 - RECEITAS CORRENTES;3 - RECEITA PATRIMONIAL;2 - VALORES MOBILIµRIOS;1 - JUROS E CORREåES MONETµRIAS;05 - JUROS DE TÖTULOS DE RENDA;0 - JUROS DE TÖTULOS DE RENDA;1 - Principal;01 - FUNDOS DE INVESTIMENTOS E APLICAåES EM COTAS - RENDA FIXA;09 - TESOURO MUNICIPAL - RECURSOS VINCULADOS;032 - SECRETARIA MUNICIPAL DE URBANISMO E LICENCIAMENTO;009 - OPERAÇO URBANA FARIA LIMA - OUTORGA HIS;11 - Integral;01 - Total;000 - Total;3897916.00;436655.75
2023;2023 | 7 | PREFEITURA DO MUNICOPIO DE SCO PAULO | 1 - RECEITAS CORRENTES | 3 - RECEITA PATRIMONIAL | 2 - VALORES MOBILIRIOS | 1 - JUROS E CORREAES MONETRIAS | 05 - JUROS DE TOTULOS DE RENDA | 0 - JUROS DE TOTULOS DE RENDA | 1 - PRINCIPAL | 01 - FUNDOS DE INVESTIMENTOS E APLICAAES EM COTAS - RENDA FIXA | 09 - TESOURO MUNICIPAL - RECURSOS VINCULADOS | 032 - SECRETARIA MUNICIPAL DE URBANISMO E LICENCIAMENTO | 011 - OPERACO URBANA FARIA LIMA - OUTORGA | 11 - INTEGRAL | 01 - TOTAL | 000 - TOTAL | 9933052.00 | 9746922.65;2023;7;PREFEITURA DO MUNICÖPIO DE SÇO PAULO;1 - RECEITAS CORRENTES;3 - RECEITA PATRIMONIAL;2 - VALORES MOBILIµRIOS;1 - JUROS E CORREåES MONETµRIAS;05 - JUROS DE TÖTULOS DE RENDA;0 - JUROS DE TÖTULOS DE RENDA;1 - Principal;01 - FUNDOS DE INVESTIMENTOS E APLICAåES EM COTAS - RENDA FIXA;09 - TESOURO MUNICIPAL - RECURSOS VINCULADOS;032 - SECRETARIA MUNICIPAL DE URBANISMO E LICENCIAMENTO;011 - OPERAÇO URBANA FARIA LIMA - OUTORGA;11 - Integral;01 - Total;000 - Total;9933052.00;9746922.65
2023;2023 | 7 | PREFEITURA DO MUNICOPIO DE SCO PAULO | 1 - RECEITAS CORRENTES | 3 - RECEITA PATRIMONIAL | 2 - VALORES MOBILIRIOS | 1 - JUROS E CORREAES MONETRIAS | 05 - JUROS DE TOTULOS DE RENDA | 0 - JUROS DE TOTULOS DE RENDA | 1 - PRINCIPAL | 01 - FUNDOS DE INVESTIMENTOS E APLICAAES EM COTAS - RENDA FIXA | 09 - TESOURO MUNICIPAL - RECURSOS VINCULADOS | 032 - SECRETARIA MUNICIPAL DE URBANISMO E LICENCIAMENTO | 013 - FUNDO ESPECIAL OPERACO URBANA GUA BRANCA - FEAB - OUTORGA | 11 - INTEGRAL | 01 - TOTAL | 000 - TOTAL | 82069353.00 | 17644229.17;2023;7;PREFEITURA DO MUNICÖPIO DE SÇO PAULO;1 - RECEITAS CORRENTES;3 - RECEITA PATRIMONIAL;2 - VALORES MOBILIµRIOS;1 - JUROS E CORREåES MONETµRIAS;05 - JUROS DE TÖTULOS DE RENDA;0 - JUROS DE TÖTULOS DE RENDA;1 - Principal;01 - FUNDOS DE INVESTIMENTOS E APLICAåES EM COTAS - RENDA FIXA;09 - TESOURO MUNICIPAL - RECURSOS VINCULADOS;032 - SECRETARIA MUNICIPAL DE URBANISMO E LICENCIAMENTO;013 - FUNDO ESPECIAL OPERAÇO URBANA µGUA BRANCA - FEAB - OUTORGA;11 - Integral;01 - Total;000 - Total;82069353.00;17644229.17
2023;2023 | 7 | PREFEITURA DO MUNICOPIO DE SCO PAULO | 1 - RECEITAS CORRENTES | 3 - RECEITA PATRIMONIAL | 2 - VALORES MOBILIRIOS | 1 - JUROS E CORREAES MONETRIAS | 05 - JUROS DE TOTULOS DE RENDA | 0 - JUROS DE TOTULOS DE RENDA | 1 - PRINCIPAL | 01 - FUNDOS DE INVESTIMENTOS E APLICAAES EM COTAS - RENDA FIXA | 09 - TESOURO MUNICIPAL - RECURSOS VINCULADOS | 032 - SECRETARIA MUNICIPAL DE URBANISMO E LICENCIAMENTO | 014 - FUNDO ESPECIAL OPERACO URBANA GUA BRANCA - FEAB - OUTORGA - HIS | 11 - INTEGRAL | 01 - TOTAL | 000 - TOTAL | 28901.00 | 3164.12;2023;7;PREFEITURA DO MUNICÖPIO DE SÇO PAULO;1 - RECEITAS CORRENTES;3 - RECEITA PATRIMONIAL;2 - VALORES MOBILIµRIOS;1 - JUROS E CORREåES MONETµRIAS;05 - JUROS DE TÖTULOS DE RENDA;0 - JUROS DE TÖTULOS DE RENDA;1 - Principal;01 - FUNDOS DE INVESTIMENTOS E APLICAåES EM COTAS - RENDA FIXA;09 - TESOURO MUNICIPAL - RECURSOS VINCULADOS;032 - SECRETARIA MUNICIPAL DE URBANISMO E LICENCIAMENTO;014 - FUNDO ESPECIAL OPERAÇO URBANA µGUA BRANCA - FEAB - OUTORGA - HIS;11 - Integral;01 - Total;000 - Total;28901.00;3164.12
2023;2023 | 7 | PREFEITURA DO MUNICOPIO DE SCO PAULO | 1 - RECEITAS CORRENTES | 3 - RECEITA PATRIMONIAL | 2 - VALORES MOBILIRIOS | 1 - JUROS E CORREAES MONETRIAS | 05 - JUROS DE TOTULOS DE RENDA | 0 - JUROS DE TOTULOS DE RENDA | 1 - PRINCIPAL | 01 - FUNDOS DE INVESTIMENTOS E APLICAAES EM COTAS - RENDA FIXA | 09 - TESOURO MUNICIPAL - RECURSOS VINCULADOS | 032 - SECRETARIA MUNICIPAL DE URBANISMO E LICENCIAMENTO | 026 - PMSP-SMUL/OU AGUA BRANCA - OUTORGA GERAL | 11 - INTEGRAL | 01 - TOTAL | 000 - TOTAL | .00 | -8782219.06;2023;7;PREFEITURA DO MUNICÖPIO DE SÇO PAULO;1 - RECEITAS CORRENTES;3 - RECEITA PATRIMONIAL;2 - VALORES MOBILIµRIOS;1 - JUROS E CORREåES MONETµRIAS;05 - JUROS DE TÖTULOS DE RENDA;0 - JUROS DE TÖTULOS DE RENDA;1 - Principal;01 - FUNDOS DE INVESTIMENTOS E APLICAåES EM COTAS - RENDA FIXA;09 - TESOURO MUNICIPAL - RECURSOS VINCULADOS;032 - SECRETARIA MUNICIPAL DE URBANISMO E LICENCIAMENTO;026 - PMSP-SMUL/OU AGUA BRANCA - OUTORGA GERAL;11 - Integral;01 - Total;000 - Total;.00;-8782219.06
2023;2023 | 7 | PREFEITURA DO MUNICOPIO DE SCO PAULO | 1 - RECEITAS CORRENTES | 3 - RECEITA PATRIMONIAL | 2 - VALORES MOBILIRIOS | 1 - JUROS E CORREAES MONETRIAS | 05 - JUROS DE TOTULOS DE RENDA | 0 - JUROS DE TOTULOS DE RENDA | 1 - PRINCIPAL | 01 - FUNDOS DE INVESTIMENTOS E APLICAAES EM COTAS - RENDA FIXA | 09 - TESOURO MUNICIPAL - RECURSOS VINCULADOS | 032 - SECRETARIA MUNICIPAL DE URBANISMO E LICENCIAMENTO | 028 - PMSP-SMUL/OUC FARIA LIMA - OUTORGA GERAL | 11 - INTEGRAL | 01 - TOTAL | 000 - TOTAL | .00 | -1116035.02;2023;7;PREFEITURA DO MUNICÖPIO DE SÇO PAULO;1 - RECEITAS CORRENTES;3 - RECEITA PATRIMONIAL;2 - VALORES MOBILIµRIOS;1 - JUROS E CORREåES MONETµRIAS;05 - JUROS DE TÖTULOS DE RENDA;0 - JUROS DE TÖTULOS DE RENDA;1 - Principal;01 - FUNDOS DE INVESTIMENTOS E APLICAåES EM COTAS - RENDA FIXA;09 - TESOURO MUNICIPAL - RECURSOS VINCULADOS;032 - SECRETARIA MUNICIPAL DE URBANISMO E LICENCIAMENTO;028 - PMSP-SMUL/OUC FARIA LIMA - OUTORGA GERAL;11 - Integral;01 - Total;000 - Total;.00;-1116035.02
2023;2023 | 7 | PREFEITURA DO MUNICOPIO DE SCO PAULO | 1 - RECEITAS CORRENTES | 3 - RECEITA PATRIMONIAL | 3 - DELEGACO DE SERVIOS PEBLICOS MEDIANTE CONCESSCO PERMISSCO AUTORIZACO OU LICENA | 9 - DEMAIS DELEGAAES DE SERVIOS PEBLICOS | 99 - OUTRAS DELEGAAES DE SERVIOS PEBLICOS | 0 - OUTRAS DELEGAAES DE SERVIOS PEBLICOS | 1 - PRINCIPAL | 01 - OUTORGAS PROVENIENTES DE CONCESSAES - FMD | 00 - OUTORGAS PROVENIENTES DE CONCESSAES - FMD | 000 - OUTORGAS PROVENIENTES DE CONCESSAES - FMD | 000 - OUTORGAS PROVENIENTES DE CONCESSAES - FMD | 11 - INTEGRAL | 01 - TOTAL | 000 - TOTAL | 101631444.00 | 12300056.59;2023;7;PREFEITURA DO MUNICÖPIO DE SÇO PAULO;1 - RECEITAS CORRENTES;3 - RECEITA PATRIMONIAL;3 - DELEGAÇO DE SERVIOS PéBLICOS MEDIANTE CONCESSÇO PERMISSÇO AUTORIZAÇO OU LICENA;9 - DEMAIS DELEGAåES DE SERVIOS PéBLICOS;99 - OUTRAS DELEGAåES DE SERVIOS PéBLICOS;0 - OUTRAS DELEGAåES DE SERVIOS PéBLICOS;1 - Principal;01 - OUTORGAS PROVENIENTES DE CONCESSåES - FMD;00 - OUTORGAS PROVENIENTES DE CONCESSåES - FMD;000 - OUTORGAS PROVENIENTES DE CONCESSåES - FMD;000 - OUTORGAS PROVENIENTES DE CONCESSåES - FMD;11 - Integral;01 - Total;000 - Total;101631444.00;12300056.59
2023;2023 | 7 | PREFEITURA DO MUNICOPIO DE SCO PAULO | 1 - RECEITAS CORRENTES | 9 - OUTRAS RECEITAS CORRENTES | 4 - MULTAS E JUROS DE MORA DAS RECEITAS DE CAPITAL | 9 - MULTAS E JUROS DE MORA DE OUTRAS RECEITAS DE CAPITAL | 99 - MULTAS E JUROS DE OUTRAS RECEITAS DE CAPITAL | 0 - MULTAS E JUROS DE OUTRAS RECEITAS DE CAPITAL | 2 - MULTA | 76 - OUTORGA ONEROSA - PLANO DIRETOR - DIREITO DE CONSTRUIR - FUNDURB - MULTAS E JUROS | 00 - OUTORGA ONEROSA - PLANO DIRETOR - DIREITO DE CONSTRUIR - FUNDURB - MULTAS E JUROS | 000 - OUTORGA ONEROSA - PLANO DIRETOR - DIREITO DE CONSTRUIR - FUNDURB - MULTAS E JUROS | 000 - OUTORGA ONEROSA - PLANO DIRETOR - DIREITO DE CONSTRUIR - FUNDURB - MULTAS E JUROS | 11 - INTEGRAL | 01 - TOTAL | 000 - TOTAL | .00 | 139472.25;2023;7;PREFEITURA DO MUNICÖPIO DE SÇO PAULO;1 - RECEITAS CORRENTES;9 - OUTRAS RECEITAS CORRENTES;4 - MULTAS E JUROS DE MORA DAS RECEITAS DE CAPITAL;9 - MULTAS E JUROS DE MORA DE OUTRAS RECEITAS DE CAPITAL;99 - MULTAS E JUROS DE OUTRAS RECEITAS DE CAPITAL;0 - MULTAS E JUROS DE OUTRAS RECEITAS DE CAPITAL;2 - Multa;76 - OUTORGA ONEROSA - PLANO DIRETOR - DIREITO DE CONSTRUIR - FUNDURB - MULTAS E JUROS;00 - OUTORGA ONEROSA - PLANO DIRETOR - DIREITO DE CONSTRUIR - FUNDURB - MULTAS E JUROS;000 - OUTORGA ONEROSA - PLANO DIRETOR - DIREITO DE CONSTRUIR - FUNDURB - MULTAS E JUROS;000 - OUTORGA ONEROSA - PLANO DIRETOR - DIREITO DE CONSTRUIR - FUNDURB - MULTAS E JUROS;11 - Integral;01 - Total;000 - Total;.00;139472.25
2023;2023 | 7 | PREFEITURA DO MUNICOPIO DE SCO PAULO | 2 - RECEITAS DE CAPITAL | 9 - OUTRAS RECEITAS DE CAPITAL | 9 - DEMAIS RECEITAS DE CAPITAL | 9 - DEMAIS RECEITAS DE CAPITAL | 99 - OUTRAS RECEITAS DE CAPITAL | 0 - OUTRAS RECEITAS DE CAPITAL | 1 - PRINCIPAL | 01 - DEMAIS RECEITAS DE CAPITAL - PRINCIPAL | 09 - OUTORGA ONEROSA COTA SOLIDARIEDADE - FUNDURB | 000 - OUTORGA ONEROSA COTA SOLIDARIEDADE - FUNDURB | 000 - OUTORGA ONEROSA COTA SOLIDARIEDADE - FUNDURB | 11 - INTEGRAL | 01 - TOTAL | 000 - TOTAL | 12135584.00 | 13623066.71;2023;7;PREFEITURA DO MUNICÖPIO DE SÇO PAULO;2 - RECEITAS DE CAPITAL;9 - OUTRAS RECEITAS DE CAPITAL;9 - DEMAIS RECEITAS DE CAPITAL;9 - DEMAIS RECEITAS DE CAPITAL;99 - OUTRAS RECEITAS DE CAPITAL;0 - OUTRAS RECEITAS DE CAPITAL;1 - Principal;01 - DEMAIS RECEITAS DE CAPITAL - PRINCIPAL;09 - OUTORGA ONEROSA COTA SOLIDARIEDADE - FUNDURB;000 - OUTORGA ONEROSA COTA SOLIDARIEDADE - FUNDURB;000 - OUTORGA ONEROSA COTA SOLIDARIEDADE - FUNDURB;11 - Integral;01 - Total;000 - Total;12135584.00;13623066.71
2023;2023 | 7 | PREFEITURA DO MUNICOPIO DE SCO PAULO | 2 - RECEITAS DE CAPITAL | 9 - OUTRAS RECEITAS DE CAPITAL | 9 - DEMAIS RECEITAS DE CAPITAL | 9 - DEMAIS RECEITAS DE CAPITAL | 99 - OUTRAS RECEITAS DE CAPITAL | 0 - OUTRAS RECEITAS DE CAPITAL | 1 - PRINCIPAL | 01 - DEMAIS RECEITAS DE CAPITAL - PRINCIPAL | 11 - OUTORGA ONEROSA - PLANO DIRETOR - DIREITO DE CONSTRUIR - FUNDURB | 000 - OUTORGA ONEROSA - PLANO DIRETOR - DIREITO DE CONSTRUIR - FUNDURB | 000 - OUTORGA ONEROSA - PLANO DIRETOR - DIREITO DE CONSTRUIR - FUNDURB | 11 - INTEGRAL | 01 - TOTAL | 000 - TOTAL | 708000000.00 | 64658471.48;2023;7;PREFEITURA DO MUNICÖPIO DE SÇO PAULO;2 - RECEITAS DE CAPITAL;9 - OUTRAS RECEITAS DE CAPITAL;9 - DEMAIS RECEITAS DE CAPITAL;9 - DEMAIS RECEITAS DE CAPITAL;99 - OUTRAS RECEITAS DE CAPITAL;0 - OUTRAS RECEITAS DE CAPITAL;1 - Principal;01 - DEMAIS RECEITAS DE CAPITAL - PRINCIPAL;11 - OUTORGA ONEROSA - PLANO DIRETOR - DIREITO DE CONSTRUIR - FUNDURB;000 - OUTORGA ONEROSA - PLANO DIRETOR - DIREITO DE CONSTRUIR - FUNDURB;000 - OUTORGA ONEROSA - PLANO DIRETOR - DIREITO DE CONSTRUIR - FUNDURB;11 - Integral;01 - Total;000 - Total;708000000.00;64658471.48
2023;2023 | 7 | PREFEITURA DO MUNICOPIO DE SCO PAULO | 2 - RECEITAS DE CAPITAL | 9 - OUTRAS RECEITAS DE CAPITAL | 9 - DEMAIS RECEITAS DE CAPITAL | 9 - DEMAIS RECEITAS DE CAPITAL | 99 - OUTRAS RECEITAS DE CAPITAL | 0 - OUTRAS RECEITAS DE CAPITAL | 1 - PRINCIPAL | 01 - DEMAIS RECEITAS DE CAPITAL - PRINCIPAL | 11 - OUTORGA ONEROSA - PLANO DIRETOR - DIREITO DE CONSTRUIR - FUNDURB | 000 - OUTORGA ONEROSA - PLANO DIRETOR - DIREITO DE CONSTRUIR - FUNDURB | 000 - OUTORGA ONEROSA - PLANO DIRETOR - DIREITO DE CONSTRUIR - FUNDURB | 11 - INTEGRAL | 09 - DEDUTORA | 001 - DEDUAES OUTORGA ONEROSA - PLANO DIRETOR - DIREITO DE CONSTRUIR - FUNDURB | .00 | -150442.73;2023;7;PREFEITURA DO MUNICÖPIO DE SÇO PAULO;2 - RECEITAS DE CAPITAL;9 - OUTRAS RECEITAS DE CAPITAL;9 - DEMAIS RECEITAS DE CAPITAL;9 - DEMAIS RECEITAS DE CAPITAL;99 - OUTRAS RECEITAS DE CAPITAL;0 - OUTRAS RECEITAS DE CAPITAL;1 - Principal;01 - DEMAIS RECEITAS DE CAPITAL - PRINCIPAL;11 - OUTORGA ONEROSA - PLANO DIRETOR - DIREITO DE CONSTRUIR - FUNDURB;000 - OUTORGA ONEROSA - PLANO DIRETOR - DIREITO DE CONSTRUIR - FUNDURB;000 - OUTORGA ONEROSA - PLANO DIRETOR - DIREITO DE CONSTRUIR - FUNDURB;11 - Integral;09 - Dedutora;001 - Deduäes Outorga Onerosa - Plano Diretor - Direito de Construir - FUNDURB;.00;-150442.73
2023;2023 | 7 | SERVIO FUNERRIO DO MUNICOPIO DE SCO PAULO | 1 - RECEITAS CORRENTES | 6 - RECEITA DE SERVIOS | 9 - OUTROS SERVIOS | 9 - OUTROS SERVIOS | 99 - OUTROS SERVIOS | 0 - OUTROS SERVIOS | 1 - PRINCIPAL | 11 - VELARIO | 00 - VELARIO | 000 - VELARIO | 000 - VELARIO | 11 - INTEGRAL | 01 - TOTAL | 000 - TOTAL | 2433285.00 | 6398.88;2023;7;SERVIO FUNERµRIO DO MUNICÖPIO DE SÇO PAULO;1 - RECEITAS CORRENTES;6 - RECEITA DE SERVIOS;9 - OUTROS SERVIOS;9 - OUTROS SERVIOS;99 - OUTROS SERVIOS;0 - OUTROS SERVIOS;1 - Principal;11 - VELàRIO;00 - VELàRIO;000 - VELàRIO;000 - VELàRIO;11 - Integral;01 - Total;000 - Total;2433285.00;6398.88
2023;2023 | 7 | SERVIO FUNERRIO DO MUNICOPIO DE SCO PAULO | 1 - RECEITAS CORRENTES | 6 - RECEITA DE SERVIOS | 9 - OUTROS SERVIOS | 9 - OUTROS SERVIOS | 99 - OUTROS SERVIOS | 0 - OUTROS SERVIOS | 1 - PRINCIPAL | 12 - CREMACO | 00 - CREMACO | 000 - CREMACO | 000 - CREMACO | 11 - INTEGRAL | 01 - TOTAL | 000 - TOTAL | 1447902.00 | .00;2023;7;SERVIO FUNERµRIO DO MUNICÖPIO DE SÇO PAULO;1 - RECEITAS CORRENTES;6 - RECEITA DE SERVIOS;9 - OUTROS SERVIOS;9 - OUTROS SERVIOS;99 - OUTROS SERVIOS;0 - OUTROS SERVIOS;1 - Principal;12 - CREMAÇO;00 - CREMAÇO;000 - CREMAÇO;000 - CREMAÇO;11 - Integral;01 - Total;000 - Total;1447902.00;.00
2023;2023 | 7 | SERVIO FUNERRIO DO MUNICOPIO DE SCO PAULO | 7 - RECEITAS CORRENTES INTRAORAMENTRIAS | 9 - OUTRAS RECEITAS CORRENTES INTRAORAMENTRIAS | 2 - INDENIZAAES RESTITUIAES E RESSARCIMENTOS | 2 - RESTITUIAES | 99 - OUTRAS RESTITUIAES | 0 - OUTRAS RESTITUIAES | 1 - PRINCIPAL | 02 - REEMBOLSO DE VALORES RELATIVO A FUNERAL - LEI 8.989/79 | 05 - VELARIO | 000 - VELARIO | 000 - VELARIO | 11 - INTEGRAL | 01 - TOTAL | 000 - TOTAL | 45126.00 | .00;2023;7;SERVIO FUNERµRIO DO MUNICÖPIO DE SÇO PAULO;7 - RECEITAS CORRENTES INTRAORAMENTµRIAS;9 - OUTRAS RECEITAS CORRENTES INTRAORAMENTµRIAS;2 - INDENIZAåES RESTITUIåES E RESSARCIMENTOS;2 - RESTITUIåES;99 - OUTRAS RESTITUIåES;0 - OUTRAS RESTITUIåES;1 - Principal;02 - REEMBOLSO DE VALORES RELATIVO A FUNERAL - LEI 8.989/79;05 - VELàRIO;000 - VELàRIO;000 - VELàRIO;11 - Integral;01 - Total;000 - Total;45126.00;.00
2023;2023 | 7 | SERVIO FUNERRIO DO MUNICOPIO DE SCO PAULO | 7 - RECEITAS CORRENTES INTRAORAMENTRIAS | 9 - OUTRAS RECEITAS CORRENTES INTRAORAMENTRIAS | 2 - INDENIZAAES RESTITUIAES E RESSARCIMENTOS | 2 - RESTITUIAES | 99 - OUTRAS RESTITUIAES | 0 - OUTRAS RESTITUIAES | 1 - PRINCIPAL | 03 - REEMBOLSO DE VALORES RELATIVO A FUNERAL - LEI 11.479/94 | 05 - VELARIO | 000 - VELARIO | 000 - VELARIO | 11 - INTEGRAL | 01 - TOTAL | 000 - TOTAL | 23271.00 | .00;2023;7;SERVIO FUNERµRIO DO MUNICÖPIO DE SÇO PAULO;7 - RECEITAS CORRENTES INTRAORAMENTµRIAS;9 - OUTRAS RECEITAS CORRENTES INTRAORAMENTµRIAS;2 - INDENIZAåES RESTITUIåES E RESSARCIMENTOS;2 - RESTITUIåES;99 - OUTRAS RESTITUIåES;0 - OUTRAS RESTITUIåES;1 - Principal;03 - REEMBOLSO DE VALORES RELATIVO A FUNERAL - LEI 11.479/94;05 - VELàRIO;000 - VELàRIO;000 - VELàRIO;11 - Integral;01 - Total;000 - Total;23271.00;.00
2023;2023 | 8 | FUNDO MUNICIPAL DE HABITAO - COHAB | 1 - RECEITAS CORRENTES | 3 - RECEITA PATRIMONIAL | 2 - VALORES MOBILIRIOS | 1 - JUROS E CORREAES MONETRIAS | 05 - JUROS DE TOTULOS DE RENDA | 0 - JUROS DE TOTULOS DE RENDA | 1 - PRINCIPAL | 01 - FUNDOS DE INVESTIMENTOS E APLICAAES EM COTAS - RENDA FIXA | 09 - TESOURO MUNICIPAL - RECURSOS VINCULADOS | 023 - FUNDO MUNICIPAL DE HABITACO - COHAB | 001 - OUTORGA ONEROSA LEI 13.558/2003 ALTERADA PELA LEI 13.876/2004 | 11 - INTEGRAL | 01 - TOTAL | 000 - TOTAL | 60000.00 | .00;2023;8;Fundo Municipal de HabitaÆo - COHAB;1 - RECEITAS CORRENTES;3 - RECEITA PATRIMONIAL;2 - VALORES MOBILIµRIOS;1 - JUROS E CORREåES MONETµRIAS;05 - JUROS DE TÖTULOS DE RENDA;0 - JUROS DE TÖTULOS DE RENDA;1 - Principal;01 - FUNDOS DE INVESTIMENTOS E APLICAåES EM COTAS - RENDA FIXA;09 - TESOURO MUNICIPAL - RECURSOS VINCULADOS;023 - FUNDO MUNICIPAL DE HABITAÇO - COHAB;001 - OUTORGA ONEROSA LEI 13.558/2003 ALTERADA PELA LEI 13.876/2004;11 - Integral;01 - Total;000 - Total;60000.00;.00
2023;2023 | 8 | FUNDO MUNICIPAL DE HABITAO - COHAB | 2 - RECEITAS DE CAPITAL | 9 - OUTRAS RECEITAS DE CAPITAL | 9 - DEMAIS RECEITAS DE CAPITAL | 9 - DEMAIS RECEITAS DE CAPITAL | 99 - OUTRAS RECEITAS DE CAPITAL | 0 - OUTRAS RECEITAS DE CAPITAL | 1 - PRINCIPAL | 01 - DEMAIS RECEITAS DE CAPITAL - PRINCIPAL | 12 - OUTORGA ONEROSA - LEI DE ANISTIA | 000 - OUTORGA ONEROSA - LEI DE ANISTIA | 000 - OUTORGA ONEROSA - LEI DE ANISTIA | 11 - INTEGRAL | 01 - TOTAL | 000 - TOTAL | 1920000.00 | 77742.17;2023;8;Fundo Municipal de HabitaÆo - COHAB;2 - RECEITAS DE CAPITAL;9 - OUTRAS RECEITAS DE CAPITAL;9 - DEMAIS RECEITAS DE CAPITAL;9 - DEMAIS RECEITAS DE CAPITAL;99 - OUTRAS RECEITAS DE CAPITAL;0 - OUTRAS RECEITAS DE CAPITAL;1 - Principal;01 - DEMAIS RECEITAS DE CAPITAL - PRINCIPAL;12 - OUTORGA ONEROSA - LEI DE ANISTIA;000 - OUTORGA ONEROSA - LEI DE ANISTIA;000 - OUTORGA ONEROSA - LEI DE ANISTIA;11 - Integral;01 - Total;000 - Total;1920000.00;77742.17
2023;2023 | 8 | PREFEITURA DO MUNICOPIO DE SCO PAULO | 1 - RECEITAS CORRENTES | 3 - RECEITA PATRIMONIAL | 2 - VALORES MOBILIRIOS | 1 - JUROS E CORREAES MONETRIAS | 05 - JUROS DE TOTULOS DE RENDA | 0 - JUROS DE TOTULOS DE RENDA | 1 - PRINCIPAL | 01 - FUNDOS DE INVESTIMENTOS E APLICAAES EM COTAS - RENDA FIXA | 09 - TESOURO MUNICIPAL - RECURSOS VINCULADOS | 032 - SECRETARIA MUNICIPAL DE URBANISMO E LICENCIAMENTO | 009 - OPERACO URBANA FARIA LIMA - OUTORGA HIS | 11 - INTEGRAL | 01 - TOTAL | 000 - TOTAL | 3897916.00 | 474588.22;2023;8;PREFEITURA DO MUNICÖPIO DE SÇO PAULO;1 - RECEITAS CORRENTES;3 - RECEITA PATRIMONIAL;2 - VALORES MOBILIµRIOS;1 - JUROS E CORREåES MONETµRIAS;05 - JUROS DE TÖTULOS DE RENDA;0 - JUROS DE TÖTULOS DE RENDA;1 - Principal;01 - FUNDOS DE INVESTIMENTOS E APLICAåES EM COTAS - RENDA FIXA;09 - TESOURO MUNICIPAL - RECURSOS VINCULADOS;032 - SECRETARIA MUNICIPAL DE URBANISMO E LICENCIAMENTO;009 - OPERAÇO URBANA FARIA LIMA - OUTORGA HIS;11 - Integral;01 - Total;000 - Total;3897916.00;474588.22
2023;2023 | 8 | PREFEITURA DO MUNICOPIO DE SCO PAULO | 1 - RECEITAS CORRENTES | 3 - RECEITA PATRIMONIAL | 2 - VALORES MOBILIRIOS | 1 - JUROS E CORREAES MONETRIAS | 05 - JUROS DE TOTULOS DE RENDA | 0 - JUROS DE TOTULOS DE RENDA | 1 - PRINCIPAL | 01 - FUNDOS DE INVESTIMENTOS E APLICAAES EM COTAS - RENDA FIXA | 09 - TESOURO MUNICIPAL - RECURSOS VINCULADOS | 032 - SECRETARIA MUNICIPAL DE URBANISMO E LICENCIAMENTO | 011 - OPERACO URBANA FARIA LIMA - OUTORGA | 11 - INTEGRAL | 01 - TOTAL | 000 - TOTAL | 9933052.00 | 1289815.28;2023;8;PREFEITURA DO MUNICÖPIO DE SÇO PAULO;1 - RECEITAS CORRENTES;3 - RECEITA PATRIMONIAL;2 - VALORES MOBILIµRIOS;1 - JUROS E CORREåES MONETµRIAS;05 - JUROS DE TÖTULOS DE RENDA;0 - JUROS DE TÖTULOS DE RENDA;1 - Principal;01 - FUNDOS DE INVESTIMENTOS E APLICAåES EM COTAS - RENDA FIXA;09 - TESOURO MUNICIPAL - RECURSOS VINCULADOS;032 - SECRETARIA MUNICIPAL DE URBANISMO E LICENCIAMENTO;011 - OPERAÇO URBANA FARIA LIMA - OUTORGA;11 - Integral;01 - Total;000 - Total;9933052.00;1289815.28
2023;2023 | 8 | PREFEITURA DO MUNICOPIO DE SCO PAULO | 1 - RECEITAS CORRENTES | 3 - RECEITA PATRIMONIAL | 2 - VALORES MOBILIRIOS | 1 - JUROS E CORREAES MONETRIAS | 05 - JUROS DE TOTULOS DE RENDA | 0 - JUROS DE TOTULOS DE RENDA | 1 - PRINCIPAL | 01 - FUNDOS DE INVESTIMENTOS E APLICAAES EM COTAS - RENDA FIXA | 09 - TESOURO MUNICIPAL - RECURSOS VINCULADOS | 032 - SECRETARIA MUNICIPAL DE URBANISMO E LICENCIAMENTO | 013 - FUNDO ESPECIAL OPERACO URBANA GUA BRANCA - FEAB - OUTORGA | 11 - INTEGRAL | 01 - TOTAL | 000 - TOTAL | 82069353.00 | 9631856.72;2023;8;PREFEITURA DO MUNICÖPIO DE SÇO PAULO;1 - RECEITAS CORRENTES;3 - RECEITA PATRIMONIAL;2 - VALORES MOBILIµRIOS;1 - JUROS E CORREåES MONETµRIAS;05 - JUROS DE TÖTULOS DE RENDA;0 - JUROS DE TÖTULOS DE RENDA;1 - Principal;01 - FUNDOS DE INVESTIMENTOS E APLICAåES EM COTAS - RENDA FIXA;09 - TESOURO MUNICIPAL - RECURSOS VINCULADOS;032 - SECRETARIA MUNICIPAL DE URBANISMO E LICENCIAMENTO;013 - FUNDO ESPECIAL OPERAÇO URBANA µGUA BRANCA - FEAB - OUTORGA;11 - Integral;01 - Total;000 - Total;82069353.00;9631856.72
2023;2023 | 8 | PREFEITURA DO MUNICOPIO DE SCO PAULO | 1 - RECEITAS CORRENTES | 3 - RECEITA PATRIMONIAL | 2 - VALORES MOBILIRIOS | 1 - JUROS E CORREAES MONETRIAS | 05 - JUROS DE TOTULOS DE RENDA | 0 - JUROS DE TOTULOS DE RENDA | 1 - PRINCIPAL | 01 - FUNDOS DE INVESTIMENTOS E APLICAAES EM COTAS - RENDA FIXA | 09 - TESOURO MUNICIPAL - RECURSOS VINCULADOS | 032 - SECRETARIA MUNICIPAL DE URBANISMO E LICENCIAMENTO | 014 - FUNDO ESPECIAL OPERACO URBANA GUA BRANCA - FEAB - OUTORGA - HIS | 11 - INTEGRAL | 01 - TOTAL | 000 - TOTAL | 28901.00 | 3438.99;2023;8;PREFEITURA DO MUNICÖPIO DE SÇO PAULO;1 - RECEITAS CORRENTES;3 - RECEITA PATRIMONIAL;2 - VALORES MOBILIµRIOS;1 - JUROS E CORREåES MONETµRIAS;05 - JUROS DE TÖTULOS DE RENDA;0 - JUROS DE TÖTULOS DE RENDA;1 - Principal;01 - FUNDOS DE INVESTIMENTOS E APLICAåES EM COTAS - RENDA FIXA;09 - TESOURO MUNICIPAL - RECURSOS VINCULADOS;032 - SECRETARIA MUNICIPAL DE URBANISMO E LICENCIAMENTO;014 - FUNDO ESPECIAL OPERAÇO URBANA µGUA BRANCA - FEAB - OUTORGA - HIS;11 - Integral;01 - Total;000 - Total;28901.00;3438.99
2023;2023 | 8 | PREFEITURA DO MUNICOPIO DE SCO PAULO | 1 - RECEITAS CORRENTES | 3 - RECEITA PATRIMONIAL | 2 - VALORES MOBILIRIOS | 1 - JUROS E CORREAES MONETRIAS | 05 - JUROS DE TOTULOS DE RENDA | 0 - JUROS DE TOTULOS DE RENDA | 1 - PRINCIPAL | 01 - FUNDOS DE INVESTIMENTOS E APLICAAES EM COTAS - RENDA FIXA | 09 - TESOURO MUNICIPAL - RECURSOS VINCULADOS | 032 - SECRETARIA MUNICIPAL DE URBANISMO E LICENCIAMENTO | 026 - PMSP-SMUL/OU AGUA BRANCA - OUTORGA GERAL | 11 - INTEGRAL | 01 - TOTAL | 000 - TOTAL | .00 | .00;2023;8;PREFEITURA DO MUNICÖPIO DE SÇO PAULO;1 - RECEITAS CORRENTES;3 - RECEITA PATRIMONIAL;2 - VALORES MOBILIµRIOS;1 - JUROS E CORREåES MONETµRIAS;05 - JUROS DE TÖTULOS DE RENDA;0 - JUROS DE TÖTULOS DE RENDA;1 - Principal;01 - FUNDOS DE INVESTIMENTOS E APLICAåES EM COTAS - RENDA FIXA;09 - TESOURO MUNICIPAL - RECURSOS VINCULADOS;032 - SECRETARIA MUNICIPAL DE URBANISMO E LICENCIAMENTO;026 - PMSP-SMUL/OU AGUA BRANCA - OUTORGA GERAL;11 - Integral;01 - Total;000 - Total;.00;.00
2023;2023 | 8 | PREFEITURA DO MUNICOPIO DE SCO PAULO | 1 - RECEITAS CORRENTES | 3 - RECEITA PATRIMONIAL | 2 - VALORES MOBILIRIOS | 1 - JUROS E CORREAES MONETRIAS | 05 - JUROS DE TOTULOS DE RENDA | 0 - JUROS DE TOTULOS DE RENDA | 1 - PRINCIPAL | 01 - FUNDOS DE INVESTIMENTOS E APLICAAES EM COTAS - RENDA FIXA | 09 - TESOURO MUNICIPAL - RECURSOS VINCULADOS | 032 - SECRETARIA MUNICIPAL DE URBANISMO E LICENCIAMENTO | 028 - PMSP-SMUL/OUC FARIA LIMA - OUTORGA GERAL | 11 - INTEGRAL | 01 - TOTAL | 000 - TOTAL | .00 | .00;2023;8;PREFEITURA DO MUNICÖPIO DE SÇO PAULO;1 - RECEITAS CORRENTES;3 - RECEITA PATRIMONIAL;2 - VALORES MOBILIµRIOS;1 - JUROS E CORREåES MONETµRIAS;05 - JUROS DE TÖTULOS DE RENDA;0 - JUROS DE TÖTULOS DE RENDA;1 - Principal;01 - FUNDOS DE INVESTIMENTOS E APLICAåES EM COTAS - RENDA FIXA;09 - TESOURO MUNICIPAL - RECURSOS VINCULADOS;032 - SECRETARIA MUNICIPAL DE URBANISMO E LICENCIAMENTO;028 - PMSP-SMUL/OUC FARIA LIMA - OUTORGA GERAL;11 - Integral;01 - Total;000 - Total;.00;.00
2023;2023 | 8 | PREFEITURA DO MUNICOPIO DE SCO PAULO | 1 - RECEITAS CORRENTES | 3 - RECEITA PATRIMONIAL | 3 - DELEGACO DE SERVIOS PEBLICOS MEDIANTE CONCESSCO PERMISSCO AUTORIZACO OU LICENA | 9 - DEMAIS DELEGAAES DE SERVIOS PEBLICOS | 99 - OUTRAS DELEGAAES DE SERVIOS PEBLICOS | 0 - OUTRAS DELEGAAES DE SERVIOS PEBLICOS | 1 - PRINCIPAL | 01 - OUTORGAS PROVENIENTES DE CONCESSAES - FMD | 00 - OUTORGAS PROVENIENTES DE CONCESSAES - FMD | 000 - OUTORGAS PROVENIENTES DE CONCESSAES - FMD | 000 - OUTORGAS PROVENIENTES DE CONCESSAES - FMD | 11 - INTEGRAL | 01 - TOTAL | 000 - TOTAL | 101631444.00 | 15912882.87;2023;8;PREFEITURA DO MUNICÖPIO DE SÇO PAULO;1 - RECEITAS CORRENTES;3 - RECEITA PATRIMONIAL;3 - DELEGAÇO DE SERVIOS PéBLICOS MEDIANTE CONCESSÇO PERMISSÇO AUTORIZAÇO OU LICENA;9 - DEMAIS DELEGAåES DE SERVIOS PéBLICOS;99 - OUTRAS DELEGAåES DE SERVIOS PéBLICOS;0 - OUTRAS DELEGAåES DE SERVIOS PéBLICOS;1 - Principal;01 - OUTORGAS PROVENIENTES DE CONCESSåES - FMD;00 - OUTORGAS PROVENIENTES DE CONCESSåES - FMD;000 - OUTORGAS PROVENIENTES DE CONCESSåES - FMD;000 - OUTORGAS PROVENIENTES DE CONCESSåES - FMD;11 - Integral;01 - Total;000 - Total;101631444.00;15912882.87
2023;2023 | 8 | PREFEITURA DO MUNICOPIO DE SCO PAULO | 1 - RECEITAS CORRENTES | 9 - OUTRAS RECEITAS CORRENTES | 4 - MULTAS E JUROS DE MORA DAS RECEITAS DE CAPITAL | 9 - MULTAS E JUROS DE MORA DE OUTRAS RECEITAS DE CAPITAL | 99 - MULTAS E JUROS DE OUTRAS RECEITAS DE CAPITAL | 0 - MULTAS E JUROS DE OUTRAS RECEITAS DE CAPITAL | 2 - MULTA | 76 - OUTORGA ONEROSA - PLANO DIRETOR - DIREITO DE CONSTRUIR - FUNDURB - MULTAS E JUROS | 00 - OUTORGA ONEROSA - PLANO DIRETOR - DIREITO DE CONSTRUIR - FUNDURB - MULTAS E JUROS | 000 - OUTORGA ONEROSA - PLANO DIRETOR - DIREITO DE CONSTRUIR - FUNDURB - MULTAS E JUROS | 000 - OUTORGA ONEROSA - PLANO DIRETOR - DIREITO DE CONSTRUIR - FUNDURB - MULTAS E JUROS | 11 - INTEGRAL | 01 - TOTAL | 000 - TOTAL | .00 | 7490.04;2023;8;PREFEITURA DO MUNICÖPIO DE SÇO PAULO;1 - RECEITAS CORRENTES;9 - OUTRAS RECEITAS CORRENTES;4 - MULTAS E JUROS DE MORA DAS RECEITAS DE CAPITAL;9 - MULTAS E JUROS DE MORA DE OUTRAS RECEITAS DE CAPITAL;99 - MULTAS E JUROS DE OUTRAS RECEITAS DE CAPITAL;0 - MULTAS E JUROS DE OUTRAS RECEITAS DE CAPITAL;2 - Multa;76 - OUTORGA ONEROSA - PLANO DIRETOR - DIREITO DE CONSTRUIR - FUNDURB - MULTAS E JUROS;00 - OUTORGA ONEROSA - PLANO DIRETOR - DIREITO DE CONSTRUIR - FUNDURB - MULTAS E JUROS;000 - OUTORGA ONEROSA - PLANO DIRETOR - DIREITO DE CONSTRUIR - FUNDURB - MULTAS E JUROS;000 - OUTORGA ONEROSA - PLANO DIRETOR - DIREITO DE CONSTRUIR - FUNDURB - MULTAS E JUROS;11 - Integral;01 - Total;000 - Total;.00;7490.04
2023;2023 | 8 | PREFEITURA DO MUNICOPIO DE SCO PAULO | 2 - RECEITAS DE CAPITAL | 9 - OUTRAS RECEITAS DE CAPITAL | 9 - DEMAIS RECEITAS DE CAPITAL | 9 - DEMAIS RECEITAS DE CAPITAL | 99 - OUTRAS RECEITAS DE CAPITAL | 0 - OUTRAS RECEITAS DE CAPITAL | 1 - PRINCIPAL | 01 - DEMAIS RECEITAS DE CAPITAL - PRINCIPAL | 09 - OUTORGA ONEROSA COTA SOLIDARIEDADE - FUNDURB | 000 - OUTORGA ONEROSA COTA SOLIDARIEDADE - FUNDURB | 000 - OUTORGA ONEROSA COTA SOLIDARIEDADE - FUNDURB | 11 - INTEGRAL | 01 - TOTAL | 000 - TOTAL | 12135584.00 | 3924163.12;2023;8;PREFEITURA DO MUNICÖPIO DE SÇO PAULO;2 - RECEITAS DE CAPITAL;9 - OUTRAS RECEITAS DE CAPITAL;9 - DEMAIS RECEITAS DE CAPITAL;9 - DEMAIS RECEITAS DE CAPITAL;99 - OUTRAS RECEITAS DE CAPITAL;0 - OUTRAS RECEITAS DE CAPITAL;1 - Principal;01 - DEMAIS RECEITAS DE CAPITAL - PRINCIPAL;09 - OUTORGA ONEROSA COTA SOLIDARIEDADE - FUNDURB;000 - OUTORGA ONEROSA COTA SOLIDARIEDADE - FUNDURB;000 - OUTORGA ONEROSA COTA SOLIDARIEDADE - FUNDURB;11 - Integral;01 - Total;000 - Total;12135584.00;3924163.12
2023;2023 | 8 | PREFEITURA DO MUNICOPIO DE SCO PAULO | 2 - RECEITAS DE CAPITAL | 9 - OUTRAS RECEITAS DE CAPITAL | 9 - DEMAIS RECEITAS DE CAPITAL | 9 - DEMAIS RECEITAS DE CAPITAL | 99 - OUTRAS RECEITAS DE CAPITAL | 0 - OUTRAS RECEITAS DE CAPITAL | 1 - PRINCIPAL | 01 - DEMAIS RECEITAS DE CAPITAL - PRINCIPAL | 11 - OUTORGA ONEROSA - PLANO DIRETOR - DIREITO DE CONSTRUIR - FUNDURB | 000 - OUTORGA ONEROSA - PLANO DIRETOR - DIREITO DE CONSTRUIR - FUNDURB | 000 - OUTORGA ONEROSA - PLANO DIRETOR - DIREITO DE CONSTRUIR - FUNDURB | 11 - INTEGRAL | 01 - TOTAL | 000 - TOTAL | 708000000.00 | 56858488.21;2023;8;PREFEITURA DO MUNICÖPIO DE SÇO PAULO;2 - RECEITAS DE CAPITAL;9 - OUTRAS RECEITAS DE CAPITAL;9 - DEMAIS RECEITAS DE CAPITAL;9 - DEMAIS RECEITAS DE CAPITAL;99 - OUTRAS RECEITAS DE CAPITAL;0 - OUTRAS RECEITAS DE CAPITAL;1 - Principal;01 - DEMAIS RECEITAS DE CAPITAL - PRINCIPAL;11 - OUTORGA ONEROSA - PLANO DIRETOR - DIREITO DE CONSTRUIR - FUNDURB;000 - OUTORGA ONEROSA - PLANO DIRETOR - DIREITO DE CONSTRUIR - FUNDURB;000 - OUTORGA ONEROSA - PLANO DIRETOR - DIREITO DE CONSTRUIR - FUNDURB;11 - Integral;01 - Total;000 - Total;708000000.00;56858488.21
2023;2023 | 8 | PREFEITURA DO MUNICOPIO DE SCO PAULO | 2 - RECEITAS DE CAPITAL | 9 - OUTRAS RECEITAS DE CAPITAL | 9 - DEMAIS RECEITAS DE CAPITAL | 9 - DEMAIS RECEITAS DE CAPITAL | 99 - OUTRAS RECEITAS DE CAPITAL | 0 - OUTRAS RECEITAS DE CAPITAL | 1 - PRINCIPAL | 01 - DEMAIS RECEITAS DE CAPITAL - PRINCIPAL | 11 - OUTORGA ONEROSA - PLANO DIRETOR - DIREITO DE CONSTRUIR - FUNDURB | 000 - OUTORGA ONEROSA - PLANO DIRETOR - DIREITO DE CONSTRUIR - FUNDURB | 000 - OUTORGA ONEROSA - PLANO DIRETOR - DIREITO DE CONSTRUIR - FUNDURB | 11 - INTEGRAL | 09 - DEDUTORA | 001 - DEDUAES OUTORGA ONEROSA - PLANO DIRETOR - DIREITO DE CONSTRUIR - FUNDURB | .00 | .00;2023;8;PREFEITURA DO MUNICÖPIO DE SÇO PAULO;2 - RECEITAS DE CAPITAL;9 - OUTRAS RECEITAS DE CAPITAL;9 - DEMAIS RECEITAS DE CAPITAL;9 - DEMAIS RECEITAS DE CAPITAL;99 - OUTRAS RECEITAS DE CAPITAL;0 - OUTRAS RECEITAS DE CAPITAL;1 - Principal;01 - DEMAIS RECEITAS DE CAPITAL - PRINCIPAL;11 - OUTORGA ONEROSA - PLANO DIRETOR - DIREITO DE CONSTRUIR - FUNDURB;000 - OUTORGA ONEROSA - PLANO DIRETOR - DIREITO DE CONSTRUIR - FUNDURB;000 - OUTORGA ONEROSA - PLANO DIRETOR - DIREITO DE CONSTRUIR - FUNDURB;11 - Integral;09 - Dedutora;001 - Deduäes Outorga Onerosa - Plano Diretor - Direito de Construir - FUNDURB;.00;.00
2023;2023 | 8 | SERVIO FUNERRIO DO MUNICOPIO DE SCO PAULO | 1 - RECEITAS CORRENTES | 6 - RECEITA DE SERVIOS | 9 - OUTROS SERVIOS | 9 - OUTROS SERVIOS | 99 - OUTROS SERVIOS | 0 - OUTROS SERVIOS | 1 - PRINCIPAL | 11 - VELARIO | 00 - VELARIO | 000 - VELARIO | 000 - VELARIO | 11 - INTEGRAL | 01 - TOTAL | 000 - TOTAL | 2433285.00 | 1876.32;2023;8;SERVIO FUNERµRIO DO MUNICÖPIO DE SÇO PAULO;1 - RECEITAS CORRENTES;6 - RECEITA DE SERVIOS;9 - OUTROS SERVIOS;9 - OUTROS SERVIOS;99 - OUTROS SERVIOS;0 - OUTROS SERVIOS;1 - Principal;11 - VELàRIO;00 - VELàRIO;000 - VELàRIO;000 - VELàRIO;11 - Integral;01 - Total;000 - Total;2433285.00;1876.32
2023;2023 | 8 | SERVIO FUNERRIO DO MUNICOPIO DE SCO PAULO | 1 - RECEITAS CORRENTES | 6 - RECEITA DE SERVIOS | 9 - OUTROS SERVIOS | 9 - OUTROS SERVIOS | 99 - OUTROS SERVIOS | 0 - OUTROS SERVIOS | 1 - PRINCIPAL | 12 - CREMACO | 00 - CREMACO | 000 - CREMACO | 000 - CREMACO | 11 - INTEGRAL | 01 - TOTAL | 000 - TOTAL | 1447902.00 | .00;2023;8;SERVIO FUNERµRIO DO MUNICÖPIO DE SÇO PAULO;1 - RECEITAS CORRENTES;6 - RECEITA DE SERVIOS;9 - OUTROS SERVIOS;9 - OUTROS SERVIOS;99 - OUTROS SERVIOS;0 - OUTROS SERVIOS;1 - Principal;12 - CREMAÇO;00 - CREMAÇO;000 - CREMAÇO;000 - CREMAÇO;11 - Integral;01 - Total;000 - Total;1447902.00;.00
2023;2023 | 8 | SERVIO FUNERRIO DO MUNICOPIO DE SCO PAULO | 7 - RECEITAS CORRENTES INTRAORAMENTRIAS | 9 - OUTRAS RECEITAS CORRENTES INTRAORAMENTRIAS | 2 - INDENIZAAES RESTITUIAES E RESSARCIMENTOS | 2 - RESTITUIAES | 99 - OUTRAS RESTITUIAES | 0 - OUTRAS RESTITUIAES | 1 - PRINCIPAL | 02 - REEMBOLSO DE VALORES RELATIVO A FUNERAL - LEI 8.989/79 | 05 - VELARIO | 000 - VELARIO | 000 - VELARIO | 11 - INTEGRAL | 01 - TOTAL | 000 - TOTAL | 45126.00 | .00;2023;8;SERVIO FUNERµRIO DO MUNICÖPIO DE SÇO PAULO;7 - RECEITAS CORRENTES INTRAORAMENTµRIAS;9 - OUTRAS RECEITAS CORRENTES INTRAORAMENTµRIAS;2 - INDENIZAåES RESTITUIåES E RESSARCIMENTOS;2 - RESTITUIåES;99 - OUTRAS RESTITUIåES;0 - OUTRAS RESTITUIåES;1 - Principal;02 - REEMBOLSO DE VALORES RELATIVO A FUNERAL - LEI 8.989/79;05 - VELàRIO;000 - VELàRIO;000 - VELàRIO;11 - Integral;01 - Total;000 - Total;45126.00;.00
2023;2023 | 8 | SERVIO FUNERRIO DO MUNICOPIO DE SCO PAULO | 7 - RECEITAS CORRENTES INTRAORAMENTRIAS | 9 - OUTRAS RECEITAS CORRENTES INTRAORAMENTRIAS | 2 - INDENIZAAES RESTITUIAES E RESSARCIMENTOS | 2 - RESTITUIAES | 99 - OUTRAS RESTITUIAES | 0 - OUTRAS RESTITUIAES | 1 - PRINCIPAL | 03 - REEMBOLSO DE VALORES RELATIVO A FUNERAL - LEI 11.479/94 | 05 - VELARIO | 000 - VELARIO | 000 - VELARIO | 11 - INTEGRAL | 01 - TOTAL | 000 - TOTAL | 23271.00 | .00;2023;8;SERVIO FUNERµRIO DO MUNICÖPIO DE SÇO PAULO;7 - RECEITAS CORRENTES INTRAORAMENTµRIAS;9 - OUTRAS RECEITAS CORRENTES INTRAORAMENTµRIAS;2 - INDENIZAåES RESTITUIåES E RESSARCIMENTOS;2 - RESTITUIåES;99 - OUTRAS RESTITUIåES;0 - OUTRAS RESTITUIåES;1 - Principal;03 - REEMBOLSO DE VALORES RELATIVO A FUNERAL - LEI 11.479/94;05 - VELàRIO;000 - VELàRIO;000 - VELàRIO;11 - Integral;01 - Total;000 - Total;23271.00;.00
2023;2023 | 9 | FUNDO MUNICIPAL DE HABITAO - COHAB | 1 - RECEITAS CORRENTES | 3 - RECEITA PATRIMONIAL | 2 - VALORES MOBILIRIOS | 1 - JUROS E CORREAES MONETRIAS | 05 - JUROS DE TOTULOS DE RENDA | 0 - JUROS DE TOTULOS DE RENDA | 1 - PRINCIPAL | 01 - FUNDOS DE INVESTIMENTOS E APLICAAES EM COTAS - RENDA FIXA | 09 - TESOURO MUNICIPAL - RECURSOS VINCULADOS | 023 - FUNDO MUNICIPAL DE HABITACO - COHAB | 001 - OUTORGA ONEROSA LEI 13.558/2003 ALTERADA PELA LEI 13.876/2004 | 11 - INTEGRAL | 01 - TOTAL | 000 - TOTAL | 60000.00 | .00;2023;9;Fundo Municipal de HabitaÆo - COHAB;1 - RECEITAS CORRENTES;3 - RECEITA PATRIMONIAL;2 - VALORES MOBILIµRIOS;1 - JUROS E CORREåES MONETµRIAS;05 - JUROS DE TÖTULOS DE RENDA;0 - JUROS DE TÖTULOS DE RENDA;1 - Principal;01 - FUNDOS DE INVESTIMENTOS E APLICAåES EM COTAS - RENDA FIXA;09 - TESOURO MUNICIPAL - RECURSOS VINCULADOS;023 - FUNDO MUNICIPAL DE HABITAÇO - COHAB;001 - OUTORGA ONEROSA LEI 13.558/2003 ALTERADA PELA LEI 13.876/2004;11 - Integral;01 - Total;000 - Total;60000.00;.00
2023;2023 | 9 | FUNDO MUNICIPAL DE HABITAO - COHAB | 2 - RECEITAS DE CAPITAL | 9 - OUTRAS RECEITAS DE CAPITAL | 9 - DEMAIS RECEITAS DE CAPITAL | 9 - DEMAIS RECEITAS DE CAPITAL | 99 - OUTRAS RECEITAS DE CAPITAL | 0 - OUTRAS RECEITAS DE CAPITAL | 1 - PRINCIPAL | 01 - DEMAIS RECEITAS DE CAPITAL - PRINCIPAL | 12 - OUTORGA ONEROSA - LEI DE ANISTIA | 000 - OUTORGA ONEROSA - LEI DE ANISTIA | 000 - OUTORGA ONEROSA - LEI DE ANISTIA | 11 - INTEGRAL | 01 - TOTAL | 000 - TOTAL | 1920000.00 | 39816.53;2023;9;Fundo Municipal de HabitaÆo - COHAB;2 - RECEITAS DE CAPITAL;9 - OUTRAS RECEITAS DE CAPITAL;9 - DEMAIS RECEITAS DE CAPITAL;9 - DEMAIS RECEITAS DE CAPITAL;99 - OUTRAS RECEITAS DE CAPITAL;0 - OUTRAS RECEITAS DE CAPITAL;1 - Principal;01 - DEMAIS RECEITAS DE CAPITAL - PRINCIPAL;12 - OUTORGA ONEROSA - LEI DE ANISTIA;000 - OUTORGA ONEROSA - LEI DE ANISTIA;000 - OUTORGA ONEROSA - LEI DE ANISTIA;11 - Integral;01 - Total;000 - Total;1920000.00;39816.53
2023;2023 | 9 | PREFEITURA DO MUNICOPIO DE SCO PAULO | 1 - RECEITAS CORRENTES | 3 - RECEITA PATRIMONIAL | 2 - VALORES MOBILIRIOS | 1 - JUROS E CORREAES MONETRIAS | 05 - JUROS DE TOTULOS DE RENDA | 0 - JUROS DE TOTULOS DE RENDA | 1 - PRINCIPAL | 01 - FUNDOS DE INVESTIMENTOS E APLICAAES EM COTAS - RENDA FIXA | 09 - TESOURO MUNICIPAL - RECURSOS VINCULADOS | 032 - SECRETARIA MUNICIPAL DE URBANISMO E LICENCIAMENTO | 009 - OPERACO URBANA FARIA LIMA - OUTORGA HIS | 11 - INTEGRAL | 01 - TOTAL | 000 - TOTAL | 3897916.00 | 411203.01;2023;9;PREFEITURA DO MUNICÖPIO DE SÇO PAULO;1 - RECEITAS CORRENTES;3 - RECEITA PATRIMONIAL;2 - VALORES MOBILIµRIOS;1 - JUROS E CORREåES MONETµRIAS;05 - JUROS DE TÖTULOS DE RENDA;0 - JUROS DE TÖTULOS DE RENDA;1 - Principal;01 - FUNDOS DE INVESTIMENTOS E APLICAåES EM COTAS - RENDA FIXA;09 - TESOURO MUNICIPAL - RECURSOS VINCULADOS;032 - SECRETARIA MUNICIPAL DE URBANISMO E LICENCIAMENTO;009 - OPERAÇO URBANA FARIA LIMA - OUTORGA HIS;11 - Integral;01 - Total;000 - Total;3897916.00;411203.01
2023;2023 | 9 | PREFEITURA DO MUNICOPIO DE SCO PAULO | 1 - RECEITAS CORRENTES | 3 - RECEITA PATRIMONIAL | 2 - VALORES MOBILIRIOS | 1 - JUROS E CORREAES MONETRIAS | 05 - JUROS DE TOTULOS DE RENDA | 0 - JUROS DE TOTULOS DE RENDA | 1 - PRINCIPAL | 01 - FUNDOS DE INVESTIMENTOS E APLICAAES EM COTAS - RENDA FIXA | 09 - TESOURO MUNICIPAL - RECURSOS VINCULADOS | 032 - SECRETARIA MUNICIPAL DE URBANISMO E LICENCIAMENTO | 011 - OPERACO URBANA FARIA LIMA - OUTORGA | 11 - INTEGRAL | 01 - TOTAL | 000 - TOTAL | 9933052.00 | 1117549.72;2023;9;PREFEITURA DO MUNICÖPIO DE SÇO PAULO;1 - RECEITAS CORRENTES;3 - RECEITA PATRIMONIAL;2 - VALORES MOBILIµRIOS;1 - JUROS E CORREåES MONETµRIAS;05 - JUROS DE TÖTULOS DE RENDA;0 - JUROS DE TÖTULOS DE RENDA;1 - Principal;01 - FUNDOS DE INVESTIMENTOS E APLICAåES EM COTAS - RENDA FIXA;09 - TESOURO MUNICIPAL - RECURSOS VINCULADOS;032 - SECRETARIA MUNICIPAL DE URBANISMO E LICENCIAMENTO;011 - OPERAÇO URBANA FARIA LIMA - OUTORGA;11 - Integral;01 - Total;000 - Total;9933052.00;1117549.72
2023;2023 | 9 | PREFEITURA DO MUNICOPIO DE SCO PAULO | 1 - RECEITAS CORRENTES | 3 - RECEITA PATRIMONIAL | 2 - VALORES MOBILIRIOS | 1 - JUROS E CORREAES MONETRIAS | 05 - JUROS DE TOTULOS DE RENDA | 0 - JUROS DE TOTULOS DE RENDA | 1 - PRINCIPAL | 01 - FUNDOS DE INVESTIMENTOS E APLICAAES EM COTAS - RENDA FIXA | 09 - TESOURO MUNICIPAL - RECURSOS VINCULADOS | 032 - SECRETARIA MUNICIPAL DE URBANISMO E LICENCIAMENTO | 013 - FUNDO ESPECIAL OPERACO URBANA GUA BRANCA - FEAB - OUTORGA | 11 - INTEGRAL | 01 - TOTAL | 000 - TOTAL | 82069353.00 | 8345442.05;2023;9;PREFEITURA DO MUNICÖPIO DE SÇO PAULO;1 - RECEITAS CORRENTES;3 - RECEITA PATRIMONIAL;2 - VALORES MOBILIµRIOS;1 - JUROS E CORREåES MONETµRIAS;05 - JUROS DE TÖTULOS DE RENDA;0 - JUROS DE TÖTULOS DE RENDA;1 - Principal;01 - FUNDOS DE INVESTIMENTOS E APLICAåES EM COTAS - RENDA FIXA;09 - TESOURO MUNICIPAL - RECURSOS VINCULADOS;032 - SECRETARIA MUNICIPAL DE URBANISMO E LICENCIAMENTO;013 - FUNDO ESPECIAL OPERAÇO URBANA µGUA BRANCA - FEAB - OUTORGA;11 - Integral;01 - Total;000 - Total;82069353.00;8345442.05
2023;2023 | 9 | PREFEITURA DO MUNICOPIO DE SCO PAULO | 1 - RECEITAS CORRENTES | 3 - RECEITA PATRIMONIAL | 2 - VALORES MOBILIRIOS | 1 - JUROS E CORREAES MONETRIAS | 05 - JUROS DE TOTULOS DE RENDA | 0 - JUROS DE TOTULOS DE RENDA | 1 - PRINCIPAL | 01 - FUNDOS DE INVESTIMENTOS E APLICAAES EM COTAS - RENDA FIXA | 09 - TESOURO MUNICIPAL - RECURSOS VINCULADOS | 032 - SECRETARIA MUNICIPAL DE URBANISMO E LICENCIAMENTO | 014 - FUNDO ESPECIAL OPERACO URBANA GUA BRANCA - FEAB - OUTORGA - HIS | 11 - INTEGRAL | 01 - TOTAL | 000 - TOTAL | 28901.00 | 2979.69;2023;9;PREFEITURA DO MUNICÖPIO DE SÇO PAULO;1 - RECEITAS CORRENTES;3 - RECEITA PATRIMONIAL;2 - VALORES MOBILIµRIOS;1 - JUROS E CORREåES MONETµRIAS;05 - JUROS DE TÖTULOS DE RENDA;0 - JUROS DE TÖTULOS DE RENDA;1 - Principal;01 - FUNDOS DE INVESTIMENTOS E APLICAåES EM COTAS - RENDA FIXA;09 - TESOURO MUNICIPAL - RECURSOS VINCULADOS;032 - SECRETARIA MUNICIPAL DE URBANISMO E LICENCIAMENTO;014 - FUNDO ESPECIAL OPERAÇO URBANA µGUA BRANCA - FEAB - OUTORGA - HIS;11 - Integral;01 - Total;000 - Total;28901.00;2979.69
2023;2023 | 9 | PREFEITURA DO MUNICOPIO DE SCO PAULO | 1 - RECEITAS CORRENTES | 3 - RECEITA PATRIMONIAL | 2 - VALORES MOBILIRIOS | 1 - JUROS E CORREAES MONETRIAS | 05 - JUROS DE TOTULOS DE RENDA | 0 - JUROS DE TOTULOS DE RENDA | 1 - PRINCIPAL | 01 - FUNDOS DE INVESTIMENTOS E APLICAAES EM COTAS - RENDA FIXA | 09 - TESOURO MUNICIPAL - RECURSOS VINCULADOS | 032 - SECRETARIA MUNICIPAL DE URBANISMO E LICENCIAMENTO | 026 - PMSP-SMUL/OU AGUA BRANCA - OUTORGA GERAL | 11 - INTEGRAL | 01 - TOTAL | 000 - TOTAL | .00 | .00;2023;9;PREFEITURA DO MUNICÖPIO DE SÇO PAULO;1 - RECEITAS CORRENTES;3 - RECEITA PATRIMONIAL;2 - VALORES MOBILIµRIOS;1 - JUROS E CORREåES MONETµRIAS;05 - JUROS DE TÖTULOS DE RENDA;0 - JUROS DE TÖTULOS DE RENDA;1 - Principal;01 - FUNDOS DE INVESTIMENTOS E APLICAåES EM COTAS - RENDA FIXA;09 - TESOURO MUNICIPAL - RECURSOS VINCULADOS;032 - SECRETARIA MUNICIPAL DE URBANISMO E LICENCIAMENTO;026 - PMSP-SMUL/OU AGUA BRANCA - OUTORGA GERAL;11 - Integral;01 - Total;000 - Total;.00;.00
2023;2023 | 9 | PREFEITURA DO MUNICOPIO DE SCO PAULO | 1 - RECEITAS CORRENTES | 3 - RECEITA PATRIMONIAL | 2 - VALORES MOBILIRIOS | 1 - JUROS E CORREAES MONETRIAS | 05 - JUROS DE TOTULOS DE RENDA | 0 - JUROS DE TOTULOS DE RENDA | 1 - PRINCIPAL | 01 - FUNDOS DE INVESTIMENTOS E APLICAAES EM COTAS - RENDA FIXA | 09 - TESOURO MUNICIPAL - RECURSOS VINCULADOS | 032 - SECRETARIA MUNICIPAL DE URBANISMO E LICENCIAMENTO | 028 - PMSP-SMUL/OUC FARIA LIMA - OUTORGA GERAL | 11 - INTEGRAL | 01 - TOTAL | 000 - TOTAL | .00 | .00;2023;9;PREFEITURA DO MUNICÖPIO DE SÇO PAULO;1 - RECEITAS CORRENTES;3 - RECEITA PATRIMONIAL;2 - VALORES MOBILIµRIOS;1 - JUROS E CORREåES MONETµRIAS;05 - JUROS DE TÖTULOS DE RENDA;0 - JUROS DE TÖTULOS DE RENDA;1 - Principal;01 - FUNDOS DE INVESTIMENTOS E APLICAåES EM COTAS - RENDA FIXA;09 - TESOURO MUNICIPAL - RECURSOS VINCULADOS;032 - SECRETARIA MUNICIPAL DE URBANISMO E LICENCIAMENTO;028 - PMSP-SMUL/OUC FARIA LIMA - OUTORGA GERAL;11 - Integral;01 - Total;000 - Total;.00;.00
2023;2023 | 9 | PREFEITURA DO MUNICOPIO DE SCO PAULO | 1 - RECEITAS CORRENTES | 3 - RECEITA PATRIMONIAL | 3 - DELEGACO DE SERVIOS PEBLICOS MEDIANTE CONCESSCO PERMISSCO AUTORIZACO OU LICENA | 9 - DEMAIS DELEGAAES DE SERVIOS PEBLICOS | 99 - OUTRAS DELEGAAES DE SERVIOS PEBLICOS | 0 - OUTRAS DELEGAAES DE SERVIOS PEBLICOS | 1 - PRINCIPAL | 01 - OUTORGAS PROVENIENTES DE CONCESSAES - FMD | 00 - OUTORGAS PROVENIENTES DE CONCESSAES - FMD | 000 - OUTORGAS PROVENIENTES DE CONCESSAES - FMD | 000 - OUTORGAS PROVENIENTES DE CONCESSAES - FMD | 11 - INTEGRAL | 01 - TOTAL | 000 - TOTAL | 101631444.00 | 12160522.72;2023;9;PREFEITURA DO MUNICÖPIO DE SÇO PAULO;1 - RECEITAS CORRENTES;3 - RECEITA PATRIMONIAL;3 - DELEGAÇO DE SERVIOS PéBLICOS MEDIANTE CONCESSÇO PERMISSÇO AUTORIZAÇO OU LICENA;9 - DEMAIS DELEGAåES DE SERVIOS PéBLICOS;99 - OUTRAS DELEGAåES DE SERVIOS PéBLICOS;0 - OUTRAS DELEGAåES DE SERVIOS PéBLICOS;1 - Principal;01 - OUTORGAS PROVENIENTES DE CONCESSåES - FMD;00 - OUTORGAS PROVENIENTES DE CONCESSåES - FMD;000 - OUTORGAS PROVENIENTES DE CONCESSåES - FMD;000 - OUTORGAS PROVENIENTES DE CONCESSåES - FMD;11 - Integral;01 - Total;000 - Total;101631444.00;12160522.72
2023;2023 | 9 | PREFEITURA DO MUNICOPIO DE SCO PAULO | 1 - RECEITAS CORRENTES | 9 - OUTRAS RECEITAS CORRENTES | 4 - MULTAS E JUROS DE MORA DAS RECEITAS DE CAPITAL | 9 - MULTAS E JUROS DE MORA DE OUTRAS RECEITAS DE CAPITAL | 99 - MULTAS E JUROS DE OUTRAS RECEITAS DE CAPITAL | 0 - MULTAS E JUROS DE OUTRAS RECEITAS DE CAPITAL | 2 - MULTA | 76 - OUTORGA ONEROSA - PLANO DIRETOR - DIREITO DE CONSTRUIR - FUNDURB - MULTAS E JUROS | 00 - OUTORGA ONEROSA - PLANO DIRETOR - DIREITO DE CONSTRUIR - FUNDURB - MULTAS E JUROS | 000 - OUTORGA ONEROSA - PLANO DIRETOR - DIREITO DE CONSTRUIR - FUNDURB - MULTAS E JUROS | 000 - OUTORGA ONEROSA - PLANO DIRETOR - DIREITO DE CONSTRUIR - FUNDURB - MULTAS E JUROS | 11 - INTEGRAL | 01 - TOTAL | 000 - TOTAL | .00 | 5145.60;2023;9;PREFEITURA DO MUNICÖPIO DE SÇO PAULO;1 - RECEITAS CORRENTES;9 - OUTRAS RECEITAS CORRENTES;4 - MULTAS E JUROS DE MORA DAS RECEITAS DE CAPITAL;9 - MULTAS E JUROS DE MORA DE OUTRAS RECEITAS DE CAPITAL;99 - MULTAS E JUROS DE OUTRAS RECEITAS DE CAPITAL;0 - MULTAS E JUROS DE OUTRAS RECEITAS DE CAPITAL;2 - Multa;76 - OUTORGA ONEROSA - PLANO DIRETOR - DIREITO DE CONSTRUIR - FUNDURB - MULTAS E JUROS;00 - OUTORGA ONEROSA - PLANO DIRETOR - DIREITO DE CONSTRUIR - FUNDURB - MULTAS E JUROS;000 - OUTORGA ONEROSA - PLANO DIRETOR - DIREITO DE CONSTRUIR - FUNDURB - MULTAS E JUROS;000 - OUTORGA ONEROSA - PLANO DIRETOR - DIREITO DE CONSTRUIR - FUNDURB - MULTAS E JUROS;11 - Integral;01 - Total;000 - Total;.00;5145.60
2023;2023 | 9 | PREFEITURA DO MUNICOPIO DE SCO PAULO | 2 - RECEITAS DE CAPITAL | 9 - OUTRAS RECEITAS DE CAPITAL | 9 - DEMAIS RECEITAS DE CAPITAL | 9 - DEMAIS RECEITAS DE CAPITAL | 99 - OUTRAS RECEITAS DE CAPITAL | 0 - OUTRAS RECEITAS DE CAPITAL | 1 - PRINCIPAL | 01 - DEMAIS RECEITAS DE CAPITAL - PRINCIPAL | 09 - OUTORGA ONEROSA COTA SOLIDARIEDADE - FUNDURB | 000 - OUTORGA ONEROSA COTA SOLIDARIEDADE - FUNDURB | 000 - OUTORGA ONEROSA COTA SOLIDARIEDADE - FUNDURB | 11 - INTEGRAL | 01 - TOTAL | 000 - TOTAL | 12135584.00 | 6290930.07;2023;9;PREFEITURA DO MUNICÖPIO DE SÇO PAULO;2 - RECEITAS DE CAPITAL;9 - OUTRAS RECEITAS DE CAPITAL;9 - DEMAIS RECEITAS DE CAPITAL;9 - DEMAIS RECEITAS DE CAPITAL;99 - OUTRAS RECEITAS DE CAPITAL;0 - OUTRAS RECEITAS DE CAPITAL;1 - Principal;01 - DEMAIS RECEITAS DE CAPITAL - PRINCIPAL;09 - OUTORGA ONEROSA COTA SOLIDARIEDADE - FUNDURB;000 - OUTORGA ONEROSA COTA SOLIDARIEDADE - FUNDURB;000 - OUTORGA ONEROSA COTA SOLIDARIEDADE - FUNDURB;11 - Integral;01 - Total;000 - Total;12135584.00;6290930.07
2023;2023 | 9 | PREFEITURA DO MUNICOPIO DE SCO PAULO | 2 - RECEITAS DE CAPITAL | 9 - OUTRAS RECEITAS DE CAPITAL | 9 - DEMAIS RECEITAS DE CAPITAL | 9 - DEMAIS RECEITAS DE CAPITAL | 99 - OUTRAS RECEITAS DE CAPITAL | 0 - OUTRAS RECEITAS DE CAPITAL | 1 - PRINCIPAL | 01 - DEMAIS RECEITAS DE CAPITAL - PRINCIPAL | 11 - OUTORGA ONEROSA - PLANO DIRETOR - DIREITO DE CONSTRUIR - FUNDURB | 000 - OUTORGA ONEROSA - PLANO DIRETOR - DIREITO DE CONSTRUIR - FUNDURB | 000 - OUTORGA ONEROSA - PLANO DIRETOR - DIREITO DE CONSTRUIR - FUNDURB | 11 - INTEGRAL | 01 - TOTAL | 000 - TOTAL | 708000000.00 | 73401827.02;2023;9;PREFEITURA DO MUNICÖPIO DE SÇO PAULO;2 - RECEITAS DE CAPITAL;9 - OUTRAS RECEITAS DE CAPITAL;9 - DEMAIS RECEITAS DE CAPITAL;9 - DEMAIS RECEITAS DE CAPITAL;99 - OUTRAS RECEITAS DE CAPITAL;0 - OUTRAS RECEITAS DE CAPITAL;1 - Principal;01 - DEMAIS RECEITAS DE CAPITAL - PRINCIPAL;11 - OUTORGA ONEROSA - PLANO DIRETOR - DIREITO DE CONSTRUIR - FUNDURB;000 - OUTORGA ONEROSA - PLANO DIRETOR - DIREITO DE CONSTRUIR - FUNDURB;000 - OUTORGA ONEROSA - PLANO DIRETOR - DIREITO DE CONSTRUIR - FUNDURB;11 - Integral;01 - Total;000 - Total;708000000.00;73401827.02
2023;2023 | 9 | PREFEITURA DO MUNICOPIO DE SCO PAULO | 2 - RECEITAS DE CAPITAL | 9 - OUTRAS RECEITAS DE CAPITAL | 9 - DEMAIS RECEITAS DE CAPITAL | 9 - DEMAIS RECEITAS DE CAPITAL | 99 - OUTRAS RECEITAS DE CAPITAL | 0 - OUTRAS RECEITAS DE CAPITAL | 1 - PRINCIPAL | 01 - DEMAIS RECEITAS DE CAPITAL - PRINCIPAL | 11 - OUTORGA ONEROSA - PLANO DIRETOR - DIREITO DE CONSTRUIR - FUNDURB | 000 - OUTORGA ONEROSA - PLANO DIRETOR - DIREITO DE CONSTRUIR - FUNDURB | 000 - OUTORGA ONEROSA - PLANO DIRETOR - DIREITO DE CONSTRUIR - FUNDURB | 11 - INTEGRAL | 09 - DEDUTORA | 001 - DEDUAES OUTORGA ONEROSA - PLANO DIRETOR - DIREITO DE CONSTRUIR - FUNDURB | .00 | .00;2023;9;PREFEITURA DO MUNICÖPIO DE SÇO PAULO;2 - RECEITAS DE CAPITAL;9 - OUTRAS RECEITAS DE CAPITAL;9 - DEMAIS RECEITAS DE CAPITAL;9 - DEMAIS RECEITAS DE CAPITAL;99 - OUTRAS RECEITAS DE CAPITAL;0 - OUTRAS RECEITAS DE CAPITAL;1 - Principal;01 - DEMAIS RECEITAS DE CAPITAL - PRINCIPAL;11 - OUTORGA ONEROSA - PLANO DIRETOR - DIREITO DE CONSTRUIR - FUNDURB;000 - OUTORGA ONEROSA - PLANO DIRETOR - DIREITO DE CONSTRUIR - FUNDURB;000 - OUTORGA ONEROSA - PLANO DIRETOR - DIREITO DE CONSTRUIR - FUNDURB;11 - Integral;09 - Dedutora;001 - Deduäes Outorga Onerosa - Plano Diretor - Direito de Construir - FUNDURB;.00;.00
2023;2023 | 9 | SERVIO FUNERRIO DO MUNICOPIO DE SCO PAULO | 1 - RECEITAS CORRENTES | 6 - RECEITA DE SERVIOS | 9 - OUTROS SERVIOS | 9 - OUTROS SERVIOS | 99 - OUTROS SERVIOS | 0 - OUTROS SERVIOS | 1 - PRINCIPAL | 11 - VELARIO | 00 - VELARIO | 000 - VELARIO | 000 - VELARIO | 11 - INTEGRAL | 01 - TOTAL | 000 - TOTAL | 2433285.00 | 1474.56;2023;9;SERVIO FUNERµRIO DO MUNICÖPIO DE SÇO PAULO;1 - RECEITAS CORRENTES;6 - RECEITA DE SERVIOS;9 - OUTROS SERVIOS;9 - OUTROS SERVIOS;99 - OUTROS SERVIOS;0 - OUTROS SERVIOS;1 - Principal;11 - VELàRIO;00 - VELàRIO;000 - VELàRIO;000 - VELàRIO;11 - Integral;01 - Total;000 - Total;2433285.00;1474.56
2023;2023 | 9 | SERVIO FUNERRIO DO MUNICOPIO DE SCO PAULO | 1 - RECEITAS CORRENTES | 6 - RECEITA DE SERVIOS | 9 - OUTROS SERVIOS | 9 - OUTROS SERVIOS | 99 - OUTROS SERVIOS | 0 - OUTROS SERVIOS | 1 - PRINCIPAL | 12 - CREMACO | 00 - CREMACO | 000 - CREMACO | 000 - CREMACO | 11 - INTEGRAL | 01 - TOTAL | 000 - TOTAL | 1447902.00 | .00;2023;9;SERVIO FUNERµRIO DO MUNICÖPIO DE SÇO PAULO;1 - RECEITAS CORRENTES;6 - RECEITA DE SERVIOS;9 - OUTROS SERVIOS;9 - OUTROS SERVIOS;99 - OUTROS SERVIOS;0 - OUTROS SERVIOS;1 - Principal;12 - CREMAÇO;00 - CREMAÇO;000 - CREMAÇO;000 - CREMAÇO;11 - Integral;01 - Total;000 - Total;1447902.00;.00
2023;2023 | 9 | SERVIO FUNERRIO DO MUNICOPIO DE SCO PAULO | 7 - RECEITAS CORRENTES INTRAORAMENTRIAS | 9 - OUTRAS RECEITAS CORRENTES INTRAORAMENTRIAS | 2 - INDENIZAAES RESTITUIAES E RESSARCIMENTOS | 2 - RESTITUIAES | 99 - OUTRAS RESTITUIAES | 0 - OUTRAS RESTITUIAES | 1 - PRINCIPAL | 02 - REEMBOLSO DE VALORES RELATIVO A FUNERAL - LEI 8.989/79 | 05 - VELARIO | 000 - VELARIO | 000 - VELARIO | 11 - INTEGRAL | 01 - TOTAL | 000 - TOTAL | 45126.00 | .00;2023;9;SERVIO FUNERµRIO DO MUNICÖPIO DE SÇO PAULO;7 - RECEITAS CORRENTES INTRAORAMENTµRIAS;9 - OUTRAS RECEITAS CORRENTES INTRAORAMENTµRIAS;2 - INDENIZAåES RESTITUIåES E RESSARCIMENTOS;2 - RESTITUIåES;99 - OUTRAS RESTITUIåES;0 - OUTRAS RESTITUIåES;1 - Principal;02 - REEMBOLSO DE VALORES RELATIVO A FUNERAL - LEI 8.989/79;05 - VELàRIO;000 - VELàRIO;000 - VELàRIO;11 - Integral;01 - Total;000 - Total;45126.00;.00
2023;2023 | 9 | SERVIO FUNERRIO DO MUNICOPIO DE SCO PAULO | 7 - RECEITAS CORRENTES INTRAORAMENTRIAS | 9 - OUTRAS RECEITAS CORRENTES INTRAORAMENTRIAS | 2 - INDENIZAAES RESTITUIAES E RESSARCIMENTOS | 2 - RESTITUIAES | 99 - OUTRAS RESTITUIAES | 0 - OUTRAS RESTITUIAES | 1 - PRINCIPAL | 03 - REEMBOLSO DE VALORES RELATIVO A FUNERAL - LEI 11.479/94 | 05 - VELARIO | 000 - VELARIO | 000 - VELARIO | 11 - INTEGRAL | 01 - TOTAL | 000 - TOTAL | 23271.00 | .00;2023;9;SERVIO FUNERµRIO DO MUNICÖPIO DE SÇO PAULO;7 - RECEITAS CORRENTES INTRAORAMENTµRIAS;9 - OUTRAS RECEITAS CORRENTES INTRAORAMENTµRIAS;2 - INDENIZAåES RESTITUIåES E RESSARCIMENTOS;2 - RESTITUIåES;99 - OUTRAS RESTITUIåES;0 - OUTRAS RESTITUIåES;1 - Principal;03 - REEMBOLSO DE VALORES RELATIVO A FUNERAL - LEI 11.479/94;05 - VELàRIO;000 - VELàRIO;000 - VELàRIO;11 - Integral;01 - Total;000 - Total;23271.00;.00
2023;2023 | 10 | FUNDO MUNICIPAL DE HABITAO - COHAB | 1 - RECEITAS CORRENTES | 3 - RECEITA PATRIMONIAL | 2 - VALORES MOBILIRIOS | 1 - JUROS E CORREAES MONETRIAS | 05 - JUROS DE TOTULOS DE RENDA | 0 - JUROS DE TOTULOS DE RENDA | 1 - PRINCIPAL | 01 - FUNDOS DE INVESTIMENTOS E APLICAAES EM COTAS - RENDA FIXA | 09 - TESOURO MUNICIPAL - RECURSOS VINCULADOS | 023 - FUNDO MUNICIPAL DE HABITACO - COHAB | 001 - OUTORGA ONEROSA LEI 13.558/2003 ALTERADA PELA LEI 13.876/2004 | 11 - INTEGRAL | 01 - TOTAL | 000 - TOTAL | 60000.00 | .00;2023;10;Fundo Municipal de HabitaÆo - COHAB;1 - RECEITAS CORRENTES;3 - RECEITA PATRIMONIAL;2 - VALORES MOBILIµRIOS;1 - JUROS E CORREåES MONETµRIAS;05 - JUROS DE TÖTULOS DE RENDA;0 - JUROS DE TÖTULOS DE RENDA;1 - Principal;01 - FUNDOS DE INVESTIMENTOS E APLICAåES EM COTAS - RENDA FIXA;09 - TESOURO MUNICIPAL - RECURSOS VINCULADOS;023 - FUNDO MUNICIPAL DE HABITAÇO - COHAB;001 - OUTORGA ONEROSA LEI 13.558/2003 ALTERADA PELA LEI 13.876/2004;11 - Integral;01 - Total;000 - Total;60000.00;.00
2023;2023 | 10 | FUNDO MUNICIPAL DE HABITAO - COHAB | 2 - RECEITAS DE CAPITAL | 9 - OUTRAS RECEITAS DE CAPITAL | 9 - DEMAIS RECEITAS DE CAPITAL | 9 - DEMAIS RECEITAS DE CAPITAL | 99 - OUTRAS RECEITAS DE CAPITAL | 0 - OUTRAS RECEITAS DE CAPITAL | 1 - PRINCIPAL | 01 - DEMAIS RECEITAS DE CAPITAL - PRINCIPAL | 12 - OUTORGA ONEROSA - LEI DE ANISTIA | 000 - OUTORGA ONEROSA - LEI DE ANISTIA | 000 - OUTORGA ONEROSA - LEI DE ANISTIA | 11 - INTEGRAL | 01 - TOTAL | 000 - TOTAL | 1920000.00 | 1290583.97;2023;10;Fundo Municipal de HabitaÆo - COHAB;2 - RECEITAS DE CAPITAL;9 - OUTRAS RECEITAS DE CAPITAL;9 - DEMAIS RECEITAS DE CAPITAL;9 - DEMAIS RECEITAS DE CAPITAL;99 - OUTRAS RECEITAS DE CAPITAL;0 - OUTRAS RECEITAS DE CAPITAL;1 - Principal;01 - DEMAIS RECEITAS DE CAPITAL - PRINCIPAL;12 - OUTORGA ONEROSA - LEI DE ANISTIA;000 - OUTORGA ONEROSA - LEI DE ANISTIA;000 - OUTORGA ONEROSA - LEI DE ANISTIA;11 - Integral;01 - Total;000 - Total;1920000.00;1290583.97
2023;2023 | 10 | PREFEITURA DO MUNICOPIO DE SCO PAULO | 1 - RECEITAS CORRENTES | 3 - RECEITA PATRIMONIAL | 2 - VALORES MOBILIRIOS | 1 - JUROS E CORREAES MONETRIAS | 05 - JUROS DE TOTULOS DE RENDA | 0 - JUROS DE TOTULOS DE RENDA | 1 - PRINCIPAL | 01 - FUNDOS DE INVESTIMENTOS E APLICAAES EM COTAS - RENDA FIXA | 09 - TESOURO MUNICIPAL - RECURSOS VINCULADOS | 032 - SECRETARIA MUNICIPAL DE URBANISMO E LICENCIAMENTO | 009 - OPERACO URBANA FARIA LIMA - OUTORGA HIS | 11 - INTEGRAL | 01 - TOTAL | 000 - TOTAL | 3897916.00 | 412786.52;2023;10;PREFEITURA DO MUNICÖPIO DE SÇO PAULO;1 - RECEITAS CORRENTES;3 - RECEITA PATRIMONIAL;2 - VALORES MOBILIµRIOS;1 - JUROS E CORREåES MONETµRIAS;05 - JUROS DE TÖTULOS DE RENDA;0 - JUROS DE TÖTULOS DE RENDA;1 - Principal;01 - FUNDOS DE INVESTIMENTOS E APLICAåES EM COTAS - RENDA FIXA;09 - TESOURO MUNICIPAL - RECURSOS VINCULADOS;032 - SECRETARIA MUNICIPAL DE URBANISMO E LICENCIAMENTO;009 - OPERAÇO URBANA FARIA LIMA - OUTORGA HIS;11 - Integral;01 - Total;000 - Total;3897916.00;412786.52
2023;2023 | 10 | PREFEITURA DO MUNICOPIO DE SCO PAULO | 1 - RECEITAS CORRENTES | 3 - RECEITA PATRIMONIAL | 2 - VALORES MOBILIRIOS | 1 - JUROS E CORREAES MONETRIAS | 05 - JUROS DE TOTULOS DE RENDA | 0 - JUROS DE TOTULOS DE RENDA | 1 - PRINCIPAL | 01 - FUNDOS DE INVESTIMENTOS E APLICAAES EM COTAS - RENDA FIXA | 09 - TESOURO MUNICIPAL - RECURSOS VINCULADOS | 032 - SECRETARIA MUNICIPAL DE URBANISMO E LICENCIAMENTO | 011 - OPERACO URBANA FARIA LIMA - OUTORGA | 11 - INTEGRAL | 01 - TOTAL | 000 - TOTAL | 9933052.00 | 1121853.30;2023;10;PREFEITURA DO MUNICÖPIO DE SÇO PAULO;1 - RECEITAS CORRENTES;3 - RECEITA PATRIMONIAL;2 - VALORES MOBILIµRIOS;1 - JUROS E CORREåES MONETµRIAS;05 - JUROS DE TÖTULOS DE RENDA;0 - JUROS DE TÖTULOS DE RENDA;1 - Principal;01 - FUNDOS DE INVESTIMENTOS E APLICAåES EM COTAS - RENDA FIXA;09 - TESOURO MUNICIPAL - RECURSOS VINCULADOS;032 - SECRETARIA MUNICIPAL DE URBANISMO E LICENCIAMENTO;011 - OPERAÇO URBANA FARIA LIMA - OUTORGA;11 - Integral;01 - Total;000 - Total;9933052.00;1121853.30
2023;2023 | 10 | PREFEITURA DO MUNICOPIO DE SCO PAULO | 1 - RECEITAS CORRENTES | 3 - RECEITA PATRIMONIAL | 2 - VALORES MOBILIRIOS | 1 - JUROS E CORREAES MONETRIAS | 05 - JUROS DE TOTULOS DE RENDA | 0 - JUROS DE TOTULOS DE RENDA | 1 - PRINCIPAL | 01 - FUNDOS DE INVESTIMENTOS E APLICAAES EM COTAS - RENDA FIXA | 09 - TESOURO MUNICIPAL - RECURSOS VINCULADOS | 032 - SECRETARIA MUNICIPAL DE URBANISMO E LICENCIAMENTO | 013 - FUNDO ESPECIAL OPERACO URBANA GUA BRANCA - FEAB - OUTORGA | 11 - INTEGRAL | 01 - TOTAL | 000 - TOTAL | 82069353.00 | 8377479.40;2023;10;PREFEITURA DO MUNICÖPIO DE SÇO PAULO;1 - RECEITAS CORRENTES;3 - RECEITA PATRIMONIAL;2 - VALORES MOBILIµRIOS;1 - JUROS E CORREåES MONETµRIAS;05 - JUROS DE TÖTULOS DE RENDA;0 - JUROS DE TÖTULOS DE RENDA;1 - Principal;01 - FUNDOS DE INVESTIMENTOS E APLICAåES EM COTAS - RENDA FIXA;09 - TESOURO MUNICIPAL - RECURSOS VINCULADOS;032 - SECRETARIA MUNICIPAL DE URBANISMO E LICENCIAMENTO;013 - FUNDO ESPECIAL OPERAÇO URBANA µGUA BRANCA - FEAB - OUTORGA;11 - Integral;01 - Total;000 - Total;82069353.00;8377479.40
2023;2023 | 10 | PREFEITURA DO MUNICOPIO DE SCO PAULO | 1 - RECEITAS CORRENTES | 3 - RECEITA PATRIMONIAL | 2 - VALORES MOBILIRIOS | 1 - JUROS E CORREAES MONETRIAS | 05 - JUROS DE TOTULOS DE RENDA | 0 - JUROS DE TOTULOS DE RENDA | 1 - PRINCIPAL | 01 - FUNDOS DE INVESTIMENTOS E APLICAAES EM COTAS - RENDA FIXA | 09 - TESOURO MUNICIPAL - RECURSOS VINCULADOS | 032 - SECRETARIA MUNICIPAL DE URBANISMO E LICENCIAMENTO | 014 - FUNDO ESPECIAL OPERACO URBANA GUA BRANCA - FEAB - OUTORGA - HIS | 11 - INTEGRAL | 01 - TOTAL | 000 - TOTAL | 28901.00 | 2991.16;2023;10;PREFEITURA DO MUNICÖPIO DE SÇO PAULO;1 - RECEITAS CORRENTES;3 - RECEITA PATRIMONIAL;2 - VALORES MOBILIµRIOS;1 - JUROS E CORREåES MONETµRIAS;05 - JUROS DE TÖTULOS DE RENDA;0 - JUROS DE TÖTULOS DE RENDA;1 - Principal;01 - FUNDOS DE INVESTIMENTOS E APLICAåES EM COTAS - RENDA FIXA;09 - TESOURO MUNICIPAL - RECURSOS VINCULADOS;032 - SECRETARIA MUNICIPAL DE URBANISMO E LICENCIAMENTO;014 - FUNDO ESPECIAL OPERAÇO URBANA µGUA BRANCA - FEAB - OUTORGA - HIS;11 - Integral;01 - Total;000 - Total;28901.00;2991.16
2023;2023 | 10 | PREFEITURA DO MUNICOPIO DE SCO PAULO | 1 - RECEITAS CORRENTES | 3 - RECEITA PATRIMONIAL | 2 - VALORES MOBILIRIOS | 1 - JUROS E CORREAES MONETRIAS | 05 - JUROS DE TOTULOS DE RENDA | 0 - JUROS DE TOTULOS DE RENDA | 1 - PRINCIPAL | 01 - FUNDOS DE INVESTIMENTOS E APLICAAES EM COTAS - RENDA FIXA | 09 - TESOURO MUNICIPAL - RECURSOS VINCULADOS | 032 - SECRETARIA MUNICIPAL DE URBANISMO E LICENCIAMENTO | 026 - PMSP-SMUL/OU AGUA BRANCA - OUTORGA GERAL | 11 - INTEGRAL | 01 - TOTAL | 000 - TOTAL | .00 | .00;2023;10;PREFEITURA DO MUNICÖPIO DE SÇO PAULO;1 - RECEITAS CORRENTES;3 - RECEITA PATRIMONIAL;2 - VALORES MOBILIµRIOS;1 - JUROS E CORREåES MONETµRIAS;05 - JUROS DE TÖTULOS DE RENDA;0 - JUROS DE TÖTULOS DE RENDA;1 - Principal;01 - FUNDOS DE INVESTIMENTOS E APLICAåES EM COTAS - RENDA FIXA;09 - TESOURO MUNICIPAL - RECURSOS VINCULADOS;032 - SECRETARIA MUNICIPAL DE URBANISMO E LICENCIAMENTO;026 - PMSP-SMUL/OU AGUA BRANCA - OUTORGA GERAL;11 - Integral;01 - Total;000 - Total;.00;.00
2023;2023 | 10 | PREFEITURA DO MUNICOPIO DE SCO PAULO | 1 - RECEITAS CORRENTES | 3 - RECEITA PATRIMONIAL | 2 - VALORES MOBILIRIOS | 1 - JUROS E CORREAES MONETRIAS | 05 - JUROS DE TOTULOS DE RENDA | 0 - JUROS DE TOTULOS DE RENDA | 1 - PRINCIPAL | 01 - FUNDOS DE INVESTIMENTOS E APLICAAES EM COTAS - RENDA FIXA | 09 - TESOURO MUNICIPAL - RECURSOS VINCULADOS | 032 - SECRETARIA MUNICIPAL DE URBANISMO E LICENCIAMENTO | 028 - PMSP-SMUL/OUC FARIA LIMA - OUTORGA GERAL | 11 - INTEGRAL | 01 - TOTAL | 000 - TOTAL | .00 | .00;2023;10;PREFEITURA DO MUNICÖPIO DE SÇO PAULO;1 - RECEITAS CORRENTES;3 - RECEITA PATRIMONIAL;2 - VALORES MOBILIµRIOS;1 - JUROS E CORREåES MONETµRIAS;05 - JUROS DE TÖTULOS DE RENDA;0 - JUROS DE TÖTULOS DE RENDA;1 - Principal;01 - FUNDOS DE INVESTIMENTOS E APLICAåES EM COTAS - RENDA FIXA;09 - TESOURO MUNICIPAL - RECURSOS VINCULADOS;032 - SECRETARIA MUNICIPAL DE URBANISMO E LICENCIAMENTO;028 - PMSP-SMUL/OUC FARIA LIMA - OUTORGA GERAL;11 - Integral;01 - Total;000 - Total;.00;.00
2023;2023 | 10 | PREFEITURA DO MUNICOPIO DE SCO PAULO | 1 - RECEITAS CORRENTES | 3 - RECEITA PATRIMONIAL | 3 - DELEGACO DE SERVIOS PEBLICOS MEDIANTE CONCESSCO PERMISSCO AUTORIZACO OU LICENA | 9 - DEMAIS DELEGAAES DE SERVIOS PEBLICOS | 99 - OUTRAS DELEGAAES DE SERVIOS PEBLICOS | 0 - OUTRAS DELEGAAES DE SERVIOS PEBLICOS | 1 - PRINCIPAL | 01 - OUTORGAS PROVENIENTES DE CONCESSAES - FMD | 00 - OUTORGAS PROVENIENTES DE CONCESSAES - FMD | 000 - OUTORGAS PROVENIENTES DE CONCESSAES - FMD | 000 - OUTORGAS PROVENIENTES DE CONCESSAES - FMD | 11 - INTEGRAL | 01 - TOTAL | 000 - TOTAL | 101631444.00 | 10984879.40;2023;10;PREFEITURA DO MUNICÖPIO DE SÇO PAULO;1 - RECEITAS CORRENTES;3 - RECEITA PATRIMONIAL;3 - DELEGAÇO DE SERVIOS PéBLICOS MEDIANTE CONCESSÇO PERMISSÇO AUTORIZAÇO OU LICENA;9 - DEMAIS DELEGAåES DE SERVIOS PéBLICOS;99 - OUTRAS DELEGAåES DE SERVIOS PéBLICOS;0 - OUTRAS DELEGAåES DE SERVIOS PéBLICOS;1 - Principal;01 - OUTORGAS PROVENIENTES DE CONCESSåES - FMD;00 - OUTORGAS PROVENIENTES DE CONCESSåES - FMD;000 - OUTORGAS PROVENIENTES DE CONCESSåES - FMD;000 - OUTORGAS PROVENIENTES DE CONCESSåES - FMD;11 - Integral;01 - Total;000 - Total;101631444.00;10984879.40
2023;2023 | 10 | PREFEITURA DO MUNICOPIO DE SCO PAULO | 1 - RECEITAS CORRENTES | 9 - OUTRAS RECEITAS CORRENTES | 4 - MULTAS E JUROS DE MORA DAS RECEITAS DE CAPITAL | 9 - MULTAS E JUROS DE MORA DE OUTRAS RECEITAS DE CAPITAL | 99 - MULTAS E JUROS DE OUTRAS RECEITAS DE CAPITAL | 0 - MULTAS E JUROS DE OUTRAS RECEITAS DE CAPITAL | 2 - MULTA | 76 - OUTORGA ONEROSA - PLANO DIRETOR - DIREITO DE CONSTRUIR - FUNDURB - MULTAS E JUROS | 00 - OUTORGA ONEROSA - PLANO DIRETOR - DIREITO DE CONSTRUIR - FUNDURB - MULTAS E JUROS | 000 - OUTORGA ONEROSA - PLANO DIRETOR - DIREITO DE CONSTRUIR - FUNDURB - MULTAS E JUROS | 000 - OUTORGA ONEROSA - PLANO DIRETOR - DIREITO DE CONSTRUIR - FUNDURB - MULTAS E JUROS | 11 - INTEGRAL | 01 - TOTAL | 000 - TOTAL | .00 | 1365.15;2023;10;PREFEITURA DO MUNICÖPIO DE SÇO PAULO;1 - RECEITAS CORRENTES;9 - OUTRAS RECEITAS CORRENTES;4 - MULTAS E JUROS DE MORA DAS RECEITAS DE CAPITAL;9 - MULTAS E JUROS DE MORA DE OUTRAS RECEITAS DE CAPITAL;99 - MULTAS E JUROS DE OUTRAS RECEITAS DE CAPITAL;0 - MULTAS E JUROS DE OUTRAS RECEITAS DE CAPITAL;2 - Multa;76 - OUTORGA ONEROSA - PLANO DIRETOR - DIREITO DE CONSTRUIR - FUNDURB - MULTAS E JUROS;00 - OUTORGA ONEROSA - PLANO DIRETOR - DIREITO DE CONSTRUIR - FUNDURB - MULTAS E JUROS;000 - OUTORGA ONEROSA - PLANO DIRETOR - DIREITO DE CONSTRUIR - FUNDURB - MULTAS E JUROS;000 - OUTORGA ONEROSA - PLANO DIRETOR - DIREITO DE CONSTRUIR - FUNDURB - MULTAS E JUROS;11 - Integral;01 - Total;000 - Total;.00;1365.15
2023;2023 | 10 | PREFEITURA DO MUNICOPIO DE SCO PAULO | 2 - RECEITAS DE CAPITAL | 9 - OUTRAS RECEITAS DE CAPITAL | 9 - DEMAIS RECEITAS DE CAPITAL | 9 - DEMAIS RECEITAS DE CAPITAL | 99 - OUTRAS RECEITAS DE CAPITAL | 0 - OUTRAS RECEITAS DE CAPITAL | 1 - PRINCIPAL | 01 - DEMAIS RECEITAS DE CAPITAL - PRINCIPAL | 09 - OUTORGA ONEROSA COTA SOLIDARIEDADE - FUNDURB | 000 - OUTORGA ONEROSA COTA SOLIDARIEDADE - FUNDURB | 000 - OUTORGA ONEROSA COTA SOLIDARIEDADE - FUNDURB | 11 - INTEGRAL | 01 - TOTAL | 000 - TOTAL | 12135584.00 | 5609073.79;2023;10;PREFEITURA DO MUNICÖPIO DE SÇO PAULO;2 - RECEITAS DE CAPITAL;9 - OUTRAS RECEITAS DE CAPITAL;9 - DEMAIS RECEITAS DE CAPITAL;9 - DEMAIS RECEITAS DE CAPITAL;99 - OUTRAS RECEITAS DE CAPITAL;0 - OUTRAS RECEITAS DE CAPITAL;1 - Principal;01 - DEMAIS RECEITAS DE CAPITAL - PRINCIPAL;09 - OUTORGA ONEROSA COTA SOLIDARIEDADE - FUNDURB;000 - OUTORGA ONEROSA COTA SOLIDARIEDADE - FUNDURB;000 - OUTORGA ONEROSA COTA SOLIDARIEDADE - FUNDURB;11 - Integral;01 - Total;000 - Total;12135584.00;5609073.79
2023;2023 | 10 | PREFEITURA DO MUNICOPIO DE SCO PAULO | 2 - RECEITAS DE CAPITAL | 9 - OUTRAS RECEITAS DE CAPITAL | 9 - DEMAIS RECEITAS DE CAPITAL | 9 - DEMAIS RECEITAS DE CAPITAL | 99 - OUTRAS RECEITAS DE CAPITAL | 0 - OUTRAS RECEITAS DE CAPITAL | 1 - PRINCIPAL | 01 - DEMAIS RECEITAS DE CAPITAL - PRINCIPAL | 11 - OUTORGA ONEROSA - PLANO DIRETOR - DIREITO DE CONSTRUIR - FUNDURB | 000 - OUTORGA ONEROSA - PLANO DIRETOR - DIREITO DE CONSTRUIR - FUNDURB | 000 - OUTORGA ONEROSA - PLANO DIRETOR - DIREITO DE CONSTRUIR - FUNDURB | 11 - INTEGRAL | 01 - TOTAL | 000 - TOTAL | 708000000.00 | 86354942.80;2023;10;PREFEITURA DO MUNICÖPIO DE SÇO PAULO;2 - RECEITAS DE CAPITAL;9 - OUTRAS RECEITAS DE CAPITAL;9 - DEMAIS RECEITAS DE CAPITAL;9 - DEMAIS RECEITAS DE CAPITAL;99 - OUTRAS RECEITAS DE CAPITAL;0 - OUTRAS RECEITAS DE CAPITAL;1 - Principal;01 - DEMAIS RECEITAS DE CAPITAL - PRINCIPAL;11 - OUTORGA ONEROSA - PLANO DIRETOR - DIREITO DE CONSTRUIR - FUNDURB;000 - OUTORGA ONEROSA - PLANO DIRETOR - DIREITO DE CONSTRUIR - FUNDURB;000 - OUTORGA ONEROSA - PLANO DIRETOR - DIREITO DE CONSTRUIR - FUNDURB;11 - Integral;01 - Total;000 - Total;708000000.00;86354942.80
2023;2023 | 10 | PREFEITURA DO MUNICOPIO DE SCO PAULO | 2 - RECEITAS DE CAPITAL | 9 - OUTRAS RECEITAS DE CAPITAL | 9 - DEMAIS RECEITAS DE CAPITAL | 9 - DEMAIS RECEITAS DE CAPITAL | 99 - OUTRAS RECEITAS DE CAPITAL | 0 - OUTRAS RECEITAS DE CAPITAL | 1 - PRINCIPAL | 01 - DEMAIS RECEITAS DE CAPITAL - PRINCIPAL | 11 - OUTORGA ONEROSA - PLANO DIRETOR - DIREITO DE CONSTRUIR - FUNDURB | 000 - OUTORGA ONEROSA - PLANO DIRETOR - DIREITO DE CONSTRUIR - FUNDURB | 000 - OUTORGA ONEROSA - PLANO DIRETOR - DIREITO DE CONSTRUIR - FUNDURB | 11 - INTEGRAL | 09 - DEDUTORA | 001 - DEDUAES OUTORGA ONEROSA - PLANO DIRETOR - DIREITO DE CONSTRUIR - FUNDURB | .00 | -440781.12;2023;10;PREFEITURA DO MUNICÖPIO DE SÇO PAULO;2 - RECEITAS DE CAPITAL;9 - OUTRAS RECEITAS DE CAPITAL;9 - DEMAIS RECEITAS DE CAPITAL;9 - DEMAIS RECEITAS DE CAPITAL;99 - OUTRAS RECEITAS DE CAPITAL;0 - OUTRAS RECEITAS DE CAPITAL;1 - Principal;01 - DEMAIS RECEITAS DE CAPITAL - PRINCIPAL;11 - OUTORGA ONEROSA - PLANO DIRETOR - DIREITO DE CONSTRUIR - FUNDURB;000 - OUTORGA ONEROSA - PLANO DIRETOR - DIREITO DE CONSTRUIR - FUNDURB;000 - OUTORGA ONEROSA - PLANO DIRETOR - DIREITO DE CONSTRUIR - FUNDURB;11 - Integral;09 - Dedutora;001 - Deduäes Outorga Onerosa - Plano Diretor - Direito de Construir - FUNDURB;.00;-440781.12
2023;2023 | 10 | SERVIO FUNERRIO DO MUNICOPIO DE SCO PAULO | 1 - RECEITAS CORRENTES | 6 - RECEITA DE SERVIOS | 9 - OUTROS SERVIOS | 9 - OUTROS SERVIOS | 99 - OUTROS SERVIOS | 0 - OUTROS SERVIOS | 1 - PRINCIPAL | 11 - VELARIO | 00 - VELARIO | 000 - VELARIO | 000 - VELARIO | 11 - INTEGRAL | 01 - TOTAL | 000 - TOTAL | 2433285.00 | 1483.77;2023;10;SERVIO FUNERµRIO DO MUNICÖPIO DE SÇO PAULO;1 - RECEITAS CORRENTES;6 - RECEITA DE SERVIOS;9 - OUTROS SERVIOS;9 - OUTROS SERVIOS;99 - OUTROS SERVIOS;0 - OUTROS SERVIOS;1 - Principal;11 - VELàRIO;00 - VELàRIO;000 - VELàRIO;000 - VELàRIO;11 - Integral;01 - Total;000 - Total;2433285.00;1483.77
2023;2023 | 10 | SERVIO FUNERRIO DO MUNICOPIO DE SCO PAULO | 1 - RECEITAS CORRENTES | 6 - RECEITA DE SERVIOS | 9 - OUTROS SERVIOS | 9 - OUTROS SERVIOS | 99 - OUTROS SERVIOS | 0 - OUTROS SERVIOS | 1 - PRINCIPAL | 12 - CREMACO | 00 - CREMACO | 000 - CREMACO | 000 - CREMACO | 11 - INTEGRAL | 01 - TOTAL | 000 - TOTAL | 1447902.00 | .00;2023;10;SERVIO FUNERµRIO DO MUNICÖPIO DE SÇO PAULO;1 - RECEITAS CORRENTES;6 - RECEITA DE SERVIOS;9 - OUTROS SERVIOS;9 - OUTROS SERVIOS;99 - OUTROS SERVIOS;0 - OUTROS SERVIOS;1 - Principal;12 - CREMAÇO;00 - CREMAÇO;000 - CREMAÇO;000 - CREMAÇO;11 - Integral;01 - Total;000 - Total;1447902.00;.00
2023;2023 | 10 | SERVIO FUNERRIO DO MUNICOPIO DE SCO PAULO | 7 - RECEITAS CORRENTES INTRAORAMENTRIAS | 9 - OUTRAS RECEITAS CORRENTES INTRAORAMENTRIAS | 2 - INDENIZAAES RESTITUIAES E RESSARCIMENTOS | 2 - RESTITUIAES | 99 - OUTRAS RESTITUIAES | 0 - OUTRAS RESTITUIAES | 1 - PRINCIPAL | 02 - REEMBOLSO DE VALORES RELATIVO A FUNERAL - LEI 8.989/79 | 05 - VELARIO | 000 - VELARIO | 000 - VELARIO | 11 - INTEGRAL | 01 - TOTAL | 000 - TOTAL | 45126.00 | .00;2023;10;SERVIO FUNERµRIO DO MUNICÖPIO DE SÇO PAULO;7 - RECEITAS CORRENTES INTRAORAMENTµRIAS;9 - OUTRAS RECEITAS CORRENTES INTRAORAMENTµRIAS;2 - INDENIZAåES RESTITUIåES E RESSARCIMENTOS;2 - RESTITUIåES;99 - OUTRAS RESTITUIåES;0 - OUTRAS RESTITUIåES;1 - Principal;02 - REEMBOLSO DE VALORES RELATIVO A FUNERAL - LEI 8.989/79;05 - VELàRIO;000 - VELàRIO;000 - VELàRIO;11 - Integral;01 - Total;000 - Total;45126.00;.00
2023;2023 | 10 | SERVIO FUNERRIO DO MUNICOPIO DE SCO PAULO | 7 - RECEITAS CORRENTES INTRAORAMENTRIAS | 9 - OUTRAS RECEITAS CORRENTES INTRAORAMENTRIAS | 2 - INDENIZAAES RESTITUIAES E RESSARCIMENTOS | 2 - RESTITUIAES | 99 - OUTRAS RESTITUIAES | 0 - OUTRAS RESTITUIAES | 1 - PRINCIPAL | 03 - REEMBOLSO DE VALORES RELATIVO A FUNERAL - LEI 11.479/94 | 05 - VELARIO | 000 - VELARIO | 000 - VELARIO | 11 - INTEGRAL | 01 - TOTAL | 000 - TOTAL | 23271.00 | .00;2023;10;SERVIO FUNERµRIO DO MUNICÖPIO DE SÇO PAULO;7 - RECEITAS CORRENTES INTRAORAMENTµRIAS;9 - OUTRAS RECEITAS CORRENTES INTRAORAMENTµRIAS;2 - INDENIZAåES RESTITUIåES E RESSARCIMENTOS;2 - RESTITUIåES;99 - OUTRAS RESTITUIåES;0 - OUTRAS RESTITUIåES;1 - Principal;03 - REEMBOLSO DE VALORES RELATIVO A FUNERAL - LEI 11.479/94;05 - VELàRIO;000 - VELàRIO;000 - VELàRIO;11 - Integral;01 - Total;000 - Total;23271.00;.00
2023;2023 | 11 | FUNDO MUNICIPAL DE HABITAO - COHAB | 1 - RECEITAS CORRENTES | 3 - RECEITA PATRIMONIAL | 2 - VALORES MOBILIRIOS | 1 - JUROS E CORREAES MONETRIAS | 05 - JUROS DE TOTULOS DE RENDA | 0 - JUROS DE TOTULOS DE RENDA | 1 - PRINCIPAL | 01 - FUNDOS DE INVESTIMENTOS E APLICAAES EM COTAS - RENDA FIXA | 09 - TESOURO MUNICIPAL - RECURSOS VINCULADOS | 023 - FUNDO MUNICIPAL DE HABITACO - COHAB | 001 - OUTORGA ONEROSA LEI 13.558/2003 ALTERADA PELA LEI 13.876/2004 | 11 - INTEGRAL | 01 - TOTAL | 000 - TOTAL | 60000.00 | .00;2023;11;Fundo Municipal de HabitaÆo - COHAB;1 - RECEITAS CORRENTES;3 - RECEITA PATRIMONIAL;2 - VALORES MOBILIµRIOS;1 - JUROS E CORREåES MONETµRIAS;05 - JUROS DE TÖTULOS DE RENDA;0 - JUROS DE TÖTULOS DE RENDA;1 - Principal;01 - FUNDOS DE INVESTIMENTOS E APLICAåES EM COTAS - RENDA FIXA;09 - TESOURO MUNICIPAL - RECURSOS VINCULADOS;023 - FUNDO MUNICIPAL DE HABITAÇO - COHAB;001 - OUTORGA ONEROSA LEI 13.558/2003 ALTERADA PELA LEI 13.876/2004;11 - Integral;01 - Total;000 - Total;60000.00;.00
2023;2023 | 11 | FUNDO MUNICIPAL DE HABITAO - COHAB | 2 - RECEITAS DE CAPITAL | 9 - OUTRAS RECEITAS DE CAPITAL | 9 - DEMAIS RECEITAS DE CAPITAL | 9 - DEMAIS RECEITAS DE CAPITAL | 99 - OUTRAS RECEITAS DE CAPITAL | 0 - OUTRAS RECEITAS DE CAPITAL | 1 - PRINCIPAL | 01 - DEMAIS RECEITAS DE CAPITAL - PRINCIPAL | 12 - OUTORGA ONEROSA - LEI DE ANISTIA | 000 - OUTORGA ONEROSA - LEI DE ANISTIA | 000 - OUTORGA ONEROSA - LEI DE ANISTIA | 11 - INTEGRAL | 01 - TOTAL | 000 - TOTAL | 1920000.00 | 31437.48;2023;11;Fundo Municipal de HabitaÆo - COHAB;2 - RECEITAS DE CAPITAL;9 - OUTRAS RECEITAS DE CAPITAL;9 - DEMAIS RECEITAS DE CAPITAL;9 - DEMAIS RECEITAS DE CAPITAL;99 - OUTRAS RECEITAS DE CAPITAL;0 - OUTRAS RECEITAS DE CAPITAL;1 - Principal;01 - DEMAIS RECEITAS DE CAPITAL - PRINCIPAL;12 - OUTORGA ONEROSA - LEI DE ANISTIA;000 - OUTORGA ONEROSA - LEI DE ANISTIA;000 - OUTORGA ONEROSA - LEI DE ANISTIA;11 - Integral;01 - Total;000 - Total;1920000.00;31437.48
2023;2023 | 11 | PREFEITURA DO MUNICOPIO DE SCO PAULO | 1 - RECEITAS CORRENTES | 3 - RECEITA PATRIMONIAL | 2 - VALORES MOBILIRIOS | 1 - JUROS E CORREAES MONETRIAS | 05 - JUROS DE TOTULOS DE RENDA | 0 - JUROS DE TOTULOS DE RENDA | 1 - PRINCIPAL | 01 - FUNDOS DE INVESTIMENTOS E APLICAAES EM COTAS - RENDA FIXA | 09 - TESOURO MUNICIPAL - RECURSOS VINCULADOS | 032 - SECRETARIA MUNICIPAL DE URBANISMO E LICENCIAMENTO | 009 - OPERACO URBANA FARIA LIMA - OUTORGA HIS | 11 - INTEGRAL | 01 - TOTAL | 000 - TOTAL | 3897916.00 | 402314.38;2023;11;PREFEITURA DO MUNICÖPIO DE SÇO PAULO;1 - RECEITAS CORRENTES;3 - RECEITA PATRIMONIAL;2 - VALORES MOBILIµRIOS;1 - JUROS E CORREåES MONETµRIAS;05 - JUROS DE TÖTULOS DE RENDA;0 - JUROS DE TÖTULOS DE RENDA;1 - Principal;01 - FUNDOS DE INVESTIMENTOS E APLICAåES EM COTAS - RENDA FIXA;09 - TESOURO MUNICIPAL - RECURSOS VINCULADOS;032 - SECRETARIA MUNICIPAL DE URBANISMO E LICENCIAMENTO;009 - OPERAÇO URBANA FARIA LIMA - OUTORGA HIS;11 - Integral;01 - Total;000 - Total;3897916.00;402314.38
2023;2023 | 11 | PREFEITURA DO MUNICOPIO DE SCO PAULO | 1 - RECEITAS CORRENTES | 3 - RECEITA PATRIMONIAL | 2 - VALORES MOBILIRIOS | 1 - JUROS E CORREAES MONETRIAS | 05 - JUROS DE TOTULOS DE RENDA | 0 - JUROS DE TOTULOS DE RENDA | 1 - PRINCIPAL | 01 - FUNDOS DE INVESTIMENTOS E APLICAAES EM COTAS - RENDA FIXA | 09 - TESOURO MUNICIPAL - RECURSOS VINCULADOS | 032 - SECRETARIA MUNICIPAL DE URBANISMO E LICENCIAMENTO | 011 - OPERACO URBANA FARIA LIMA - OUTORGA | 11 - INTEGRAL | 01 - TOTAL | 000 - TOTAL | 9933052.00 | 1093392.59;2023;11;PREFEITURA DO MUNICÖPIO DE SÇO PAULO;1 - RECEITAS CORRENTES;3 - RECEITA PATRIMONIAL;2 - VALORES MOBILIµRIOS;1 - JUROS E CORREåES MONETµRIAS;05 - JUROS DE TÖTULOS DE RENDA;0 - JUROS DE TÖTULOS DE RENDA;1 - Principal;01 - FUNDOS DE INVESTIMENTOS E APLICAåES EM COTAS - RENDA FIXA;09 - TESOURO MUNICIPAL - RECURSOS VINCULADOS;032 - SECRETARIA MUNICIPAL DE URBANISMO E LICENCIAMENTO;011 - OPERAÇO URBANA FARIA LIMA - OUTORGA;11 - Integral;01 - Total;000 - Total;9933052.00;1093392.59
2023;2023 | 11 | PREFEITURA DO MUNICOPIO DE SCO PAULO | 1 - RECEITAS CORRENTES | 3 - RECEITA PATRIMONIAL | 2 - VALORES MOBILIRIOS | 1 - JUROS E CORREAES MONETRIAS | 05 - JUROS DE TOTULOS DE RENDA | 0 - JUROS DE TOTULOS DE RENDA | 1 - PRINCIPAL | 01 - FUNDOS DE INVESTIMENTOS E APLICAAES EM COTAS - RENDA FIXA | 09 - TESOURO MUNICIPAL - RECURSOS VINCULADOS | 032 - SECRETARIA MUNICIPAL DE URBANISMO E LICENCIAMENTO | 013 - FUNDO ESPECIAL OPERACO URBANA GUA BRANCA - FEAB - OUTORGA | 11 - INTEGRAL | 01 - TOTAL | 000 - TOTAL | 82069353.00 | 8164886.69;2023;11;PREFEITURA DO MUNICÖPIO DE SÇO PAULO;1 - RECEITAS CORRENTES;3 - RECEITA PATRIMONIAL;2 - VALORES MOBILIµRIOS;1 - JUROS E CORREåES MONETµRIAS;05 - JUROS DE TÖTULOS DE RENDA;0 - JUROS DE TÖTULOS DE RENDA;1 - Principal;01 - FUNDOS DE INVESTIMENTOS E APLICAåES EM COTAS - RENDA FIXA;09 - TESOURO MUNICIPAL - RECURSOS VINCULADOS;032 - SECRETARIA MUNICIPAL DE URBANISMO E LICENCIAMENTO;013 - FUNDO ESPECIAL OPERAÇO URBANA µGUA BRANCA - FEAB - OUTORGA;11 - Integral;01 - Total;000 - Total;82069353.00;8164886.69
2023;2023 | 11 | PREFEITURA DO MUNICOPIO DE SCO PAULO | 1 - RECEITAS CORRENTES | 3 - RECEITA PATRIMONIAL | 2 - VALORES MOBILIRIOS | 1 - JUROS E CORREAES MONETRIAS | 05 - JUROS DE TOTULOS DE RENDA | 0 - JUROS DE TOTULOS DE RENDA | 1 - PRINCIPAL | 01 - FUNDOS DE INVESTIMENTOS E APLICAAES EM COTAS - RENDA FIXA | 09 - TESOURO MUNICIPAL - RECURSOS VINCULADOS | 032 - SECRETARIA MUNICIPAL DE URBANISMO E LICENCIAMENTO | 014 - FUNDO ESPECIAL OPERACO URBANA GUA BRANCA - FEAB - OUTORGA - HIS | 11 - INTEGRAL | 01 - TOTAL | 000 - TOTAL | 28901.00 | 2915.27;2023;11;PREFEITURA DO MUNICÖPIO DE SÇO PAULO;1 - RECEITAS CORRENTES;3 - RECEITA PATRIMONIAL;2 - VALORES MOBILIµRIOS;1 - JUROS E CORREåES MONETµRIAS;05 - JUROS DE TÖTULOS DE RENDA;0 - JUROS DE TÖTULOS DE RENDA;1 - Principal;01 - FUNDOS DE INVESTIMENTOS E APLICAåES EM COTAS - RENDA FIXA;09 - TESOURO MUNICIPAL - RECURSOS VINCULADOS;032 - SECRETARIA MUNICIPAL DE URBANISMO E LICENCIAMENTO;014 - FUNDO ESPECIAL OPERAÇO URBANA µGUA BRANCA - FEAB - OUTORGA - HIS;11 - Integral;01 - Total;000 - Total;28901.00;2915.27
2023;2023 | 11 | PREFEITURA DO MUNICOPIO DE SCO PAULO | 1 - RECEITAS CORRENTES | 3 - RECEITA PATRIMONIAL | 2 - VALORES MOBILIRIOS | 1 - JUROS E CORREAES MONETRIAS | 05 - JUROS DE TOTULOS DE RENDA | 0 - JUROS DE TOTULOS DE RENDA | 1 - PRINCIPAL | 01 - FUNDOS DE INVESTIMENTOS E APLICAAES EM COTAS - RENDA FIXA | 09 - TESOURO MUNICIPAL - RECURSOS VINCULADOS | 032 - SECRETARIA MUNICIPAL DE URBANISMO E LICENCIAMENTO | 026 - PMSP-SMUL/OU AGUA BRANCA - OUTORGA GERAL | 11 - INTEGRAL | 01 - TOTAL | 000 - TOTAL | .00 | .00;2023;11;PREFEITURA DO MUNICÖPIO DE SÇO PAULO;1 - RECEITAS CORRENTES;3 - RECEITA PATRIMONIAL;2 - VALORES MOBILIµRIOS;1 - JUROS E CORREåES MONETµRIAS;05 - JUROS DE TÖTULOS DE RENDA;0 - JUROS DE TÖTULOS DE RENDA;1 - Principal;01 - FUNDOS DE INVESTIMENTOS E APLICAåES EM COTAS - RENDA FIXA;09 - TESOURO MUNICIPAL - RECURSOS VINCULADOS;032 - SECRETARIA MUNICIPAL DE URBANISMO E LICENCIAMENTO;026 - PMSP-SMUL/OU AGUA BRANCA - OUTORGA GERAL;11 - Integral;01 - Total;000 - Total;.00;.00
2023;2023 | 11 | PREFEITURA DO MUNICOPIO DE SCO PAULO | 1 - RECEITAS CORRENTES | 3 - RECEITA PATRIMONIAL | 2 - VALORES MOBILIRIOS | 1 - JUROS E CORREAES MONETRIAS | 05 - JUROS DE TOTULOS DE RENDA | 0 - JUROS DE TOTULOS DE RENDA | 1 - PRINCIPAL | 01 - FUNDOS DE INVESTIMENTOS E APLICAAES EM COTAS - RENDA FIXA | 09 - TESOURO MUNICIPAL - RECURSOS VINCULADOS | 032 - SECRETARIA MUNICIPAL DE URBANISMO E LICENCIAMENTO | 028 - PMSP-SMUL/OUC FARIA LIMA - OUTORGA GERAL | 11 - INTEGRAL | 01 - TOTAL | 000 - TOTAL | .00 | .00;2023;11;PREFEITURA DO MUNICÖPIO DE SÇO PAULO;1 - RECEITAS CORRENTES;3 - RECEITA PATRIMONIAL;2 - VALORES MOBILIµRIOS;1 - JUROS E CORREåES MONETµRIAS;05 - JUROS DE TÖTULOS DE RENDA;0 - JUROS DE TÖTULOS DE RENDA;1 - Principal;01 - FUNDOS DE INVESTIMENTOS E APLICAåES EM COTAS - RENDA FIXA;09 - TESOURO MUNICIPAL - RECURSOS VINCULADOS;032 - SECRETARIA MUNICIPAL DE URBANISMO E LICENCIAMENTO;028 - PMSP-SMUL/OUC FARIA LIMA - OUTORGA GERAL;11 - Integral;01 - Total;000 - Total;.00;.00
2023;2023 | 11 | PREFEITURA DO MUNICOPIO DE SCO PAULO | 1 - RECEITAS CORRENTES | 3 - RECEITA PATRIMONIAL | 3 - DELEGACO DE SERVIOS PEBLICOS MEDIANTE CONCESSCO PERMISSCO AUTORIZACO OU LICENA | 9 - DEMAIS DELEGAAES DE SERVIOS PEBLICOS | 99 - OUTRAS DELEGAAES DE SERVIOS PEBLICOS | 0 - OUTRAS DELEGAAES DE SERVIOS PEBLICOS | 1 - PRINCIPAL | 01 - OUTORGAS PROVENIENTES DE CONCESSAES - FMD | 00 - OUTORGAS PROVENIENTES DE CONCESSAES - FMD | 000 - OUTORGAS PROVENIENTES DE CONCESSAES - FMD | 000 - OUTORGAS PROVENIENTES DE CONCESSAES - FMD | 11 - INTEGRAL | 01 - TOTAL | 000 - TOTAL | 101631444.00 | 11080740.29;2023;11;PREFEITURA DO MUNICÖPIO DE SÇO PAULO;1 - RECEITAS CORRENTES;3 - RECEITA PATRIMONIAL;3 - DELEGAÇO DE SERVIOS PéBLICOS MEDIANTE CONCESSÇO PERMISSÇO AUTORIZAÇO OU LICENA;9 - DEMAIS DELEGAåES DE SERVIOS PéBLICOS;99 - OUTRAS DELEGAåES DE SERVIOS PéBLICOS;0 - OUTRAS DELEGAåES DE SERVIOS PéBLICOS;1 - Principal;01 - OUTORGAS PROVENIENTES DE CONCESSåES - FMD;00 - OUTORGAS PROVENIENTES DE CONCESSåES - FMD;000 - OUTORGAS PROVENIENTES DE CONCESSåES - FMD;000 - OUTORGAS PROVENIENTES DE CONCESSåES - FMD;11 - Integral;01 - Total;000 - Total;101631444.00;11080740.29
2023;2023 | 11 | PREFEITURA DO MUNICOPIO DE SCO PAULO | 1 - RECEITAS CORRENTES | 9 - OUTRAS RECEITAS CORRENTES | 4 - MULTAS E JUROS DE MORA DAS RECEITAS DE CAPITAL | 9 - MULTAS E JUROS DE MORA DE OUTRAS RECEITAS DE CAPITAL | 99 - MULTAS E JUROS DE OUTRAS RECEITAS DE CAPITAL | 0 - MULTAS E JUROS DE OUTRAS RECEITAS DE CAPITAL | 2 - MULTA | 76 - OUTORGA ONEROSA - PLANO DIRETOR - DIREITO DE CONSTRUIR - FUNDURB - MULTAS E JUROS | 00 - OUTORGA ONEROSA - PLANO DIRETOR - DIREITO DE CONSTRUIR - FUNDURB - MULTAS E JUROS | 000 - OUTORGA ONEROSA - PLANO DIRETOR - DIREITO DE CONSTRUIR - FUNDURB - MULTAS E JUROS | 000 - OUTORGA ONEROSA - PLANO DIRETOR - DIREITO DE CONSTRUIR - FUNDURB - MULTAS E JUROS | 11 - INTEGRAL | 01 - TOTAL | 000 - TOTAL | .00 | .00;2023;11;PREFEITURA DO MUNICÖPIO DE SÇO PAULO;1 - RECEITAS CORRENTES;9 - OUTRAS RECEITAS CORRENTES;4 - MULTAS E JUROS DE MORA DAS RECEITAS DE CAPITAL;9 - MULTAS E JUROS DE MORA DE OUTRAS RECEITAS DE CAPITAL;99 - MULTAS E JUROS DE OUTRAS RECEITAS DE CAPITAL;0 - MULTAS E JUROS DE OUTRAS RECEITAS DE CAPITAL;2 - Multa;76 - OUTORGA ONEROSA - PLANO DIRETOR - DIREITO DE CONSTRUIR - FUNDURB - MULTAS E JUROS;00 - OUTORGA ONEROSA - PLANO DIRETOR - DIREITO DE CONSTRUIR - FUNDURB - MULTAS E JUROS;000 - OUTORGA ONEROSA - PLANO DIRETOR - DIREITO DE CONSTRUIR - FUNDURB - MULTAS E JUROS;000 - OUTORGA ONEROSA - PLANO DIRETOR - DIREITO DE CONSTRUIR - FUNDURB - MULTAS E JUROS;11 - Integral;01 - Total;000 - Total;.00;.00
2023;2023 | 11 | PREFEITURA DO MUNICOPIO DE SCO PAULO | 2 - RECEITAS DE CAPITAL | 9 - OUTRAS RECEITAS DE CAPITAL | 9 - DEMAIS RECEITAS DE CAPITAL | 9 - DEMAIS RECEITAS DE CAPITAL | 99 - OUTRAS RECEITAS DE CAPITAL | 0 - OUTRAS RECEITAS DE CAPITAL | 1 - PRINCIPAL | 01 - DEMAIS RECEITAS DE CAPITAL - PRINCIPAL | 09 - OUTORGA ONEROSA COTA SOLIDARIEDADE - FUNDURB | 000 - OUTORGA ONEROSA COTA SOLIDARIEDADE - FUNDURB | 000 - OUTORGA ONEROSA COTA SOLIDARIEDADE - FUNDURB | 11 - INTEGRAL | 01 - TOTAL | 000 - TOTAL | 12135584.00 | 2287752.52;2023;11;PREFEITURA DO MUNICÖPIO DE SÇO PAULO;2 - RECEITAS DE CAPITAL;9 - OUTRAS RECEITAS DE CAPITAL;9 - DEMAIS RECEITAS DE CAPITAL;9 - DEMAIS RECEITAS DE CAPITAL;99 - OUTRAS RECEITAS DE CAPITAL;0 - OUTRAS RECEITAS DE CAPITAL;1 - Principal;01 - DEMAIS RECEITAS DE CAPITAL - PRINCIPAL;09 - OUTORGA ONEROSA COTA SOLIDARIEDADE - FUNDURB;000 - OUTORGA ONEROSA COTA SOLIDARIEDADE - FUNDURB;000 - OUTORGA ONEROSA COTA SOLIDARIEDADE - FUNDURB;11 - Integral;01 - Total;000 - Total;12135584.00;2287752.52
2023;2023 | 11 | PREFEITURA DO MUNICOPIO DE SCO PAULO | 2 - RECEITAS DE CAPITAL | 9 - OUTRAS RECEITAS DE CAPITAL | 9 - DEMAIS RECEITAS DE CAPITAL | 9 - DEMAIS RECEITAS DE CAPITAL | 99 - OUTRAS RECEITAS DE CAPITAL | 0 - OUTRAS RECEITAS DE CAPITAL | 1 - PRINCIPAL | 01 - DEMAIS RECEITAS DE CAPITAL - PRINCIPAL | 11 - OUTORGA ONEROSA - PLANO DIRETOR - DIREITO DE CONSTRUIR - FUNDURB | 000 - OUTORGA ONEROSA - PLANO DIRETOR - DIREITO DE CONSTRUIR - FUNDURB | 000 - OUTORGA ONEROSA - PLANO DIRETOR - DIREITO DE CONSTRUIR - FUNDURB | 11 - INTEGRAL | 01 - TOTAL | 000 - TOTAL | 708000000.00 | 57585687.08;2023;11;PREFEITURA DO MUNICÖPIO DE SÇO PAULO;2 - RECEITAS DE CAPITAL;9 - OUTRAS RECEITAS DE CAPITAL;9 - DEMAIS RECEITAS DE CAPITAL;9 - DEMAIS RECEITAS DE CAPITAL;99 - OUTRAS RECEITAS DE CAPITAL;0 - OUTRAS RECEITAS DE CAPITAL;1 - Principal;01 - DEMAIS RECEITAS DE CAPITAL - PRINCIPAL;11 - OUTORGA ONEROSA - PLANO DIRETOR - DIREITO DE CONSTRUIR - FUNDURB;000 - OUTORGA ONEROSA - PLANO DIRETOR - DIREITO DE CONSTRUIR - FUNDURB;000 - OUTORGA ONEROSA - PLANO DIRETOR - DIREITO DE CONSTRUIR - FUNDURB;11 - Integral;01 - Total;000 - Total;708000000.00;57585687.08
2023;2023 | 11 | PREFEITURA DO MUNICOPIO DE SCO PAULO | 2 - RECEITAS DE CAPITAL | 9 - OUTRAS RECEITAS DE CAPITAL | 9 - DEMAIS RECEITAS DE CAPITAL | 9 - DEMAIS RECEITAS DE CAPITAL | 99 - OUTRAS RECEITAS DE CAPITAL | 0 - OUTRAS RECEITAS DE CAPITAL | 1 - PRINCIPAL | 01 - DEMAIS RECEITAS DE CAPITAL - PRINCIPAL | 11 - OUTORGA ONEROSA - PLANO DIRETOR - DIREITO DE CONSTRUIR - FUNDURB | 000 - OUTORGA ONEROSA - PLANO DIRETOR - DIREITO DE CONSTRUIR - FUNDURB | 000 - OUTORGA ONEROSA - PLANO DIRETOR - DIREITO DE CONSTRUIR - FUNDURB | 11 - INTEGRAL | 09 - DEDUTORA | 001 - DEDUAES OUTORGA ONEROSA - PLANO DIRETOR - DIREITO DE CONSTRUIR - FUNDURB | .00 | .00;2023;11;PREFEITURA DO MUNICÖPIO DE SÇO PAULO;2 - RECEITAS DE CAPITAL;9 - OUTRAS RECEITAS DE CAPITAL;9 - DEMAIS RECEITAS DE CAPITAL;9 - DEMAIS RECEITAS DE CAPITAL;99 - OUTRAS RECEITAS DE CAPITAL;0 - OUTRAS RECEITAS DE CAPITAL;1 - Principal;01 - DEMAIS RECEITAS DE CAPITAL - PRINCIPAL;11 - OUTORGA ONEROSA - PLANO DIRETOR - DIREITO DE CONSTRUIR - FUNDURB;000 - OUTORGA ONEROSA - PLANO DIRETOR - DIREITO DE CONSTRUIR - FUNDURB;000 - OUTORGA ONEROSA - PLANO DIRETOR - DIREITO DE CONSTRUIR - FUNDURB;11 - Integral;09 - Dedutora;001 - Deduäes Outorga Onerosa - Plano Diretor - Direito de Construir - FUNDURB;.00;.00
2023;2023 | 11 | SERVIO FUNERRIO DO MUNICOPIO DE SCO PAULO | 1 - RECEITAS CORRENTES | 6 - RECEITA DE SERVIOS | 9 - OUTROS SERVIOS | 9 - OUTROS SERVIOS | 99 - OUTROS SERVIOS | 0 - OUTROS SERVIOS | 1 - PRINCIPAL | 11 - VELARIO | 00 - VELARIO | 000 - VELARIO | 000 - VELARIO | 11 - INTEGRAL | 01 - TOTAL | 000 - TOTAL | 2433285.00 | 1896.43;2023;11;SERVIO FUNERµRIO DO MUNICÖPIO DE SÇO PAULO;1 - RECEITAS CORRENTES;6 - RECEITA DE SERVIOS;9 - OUTROS SERVIOS;9 - OUTROS SERVIOS;99 - OUTROS SERVIOS;0 - OUTROS SERVIOS;1 - Principal;11 - VELàRIO;00 - VELàRIO;000 - VELàRIO;000 - VELàRIO;11 - Integral;01 - Total;000 - Total;2433285.00;1896.43
2023;2023 | 11 | SERVIO FUNERRIO DO MUNICOPIO DE SCO PAULO | 1 - RECEITAS CORRENTES | 6 - RECEITA DE SERVIOS | 9 - OUTROS SERVIOS | 9 - OUTROS SERVIOS | 99 - OUTROS SERVIOS | 0 - OUTROS SERVIOS | 1 - PRINCIPAL | 12 - CREMACO | 00 - CREMACO | 000 - CREMACO | 000 - CREMACO | 11 - INTEGRAL | 01 - TOTAL | 000 - TOTAL | 1447902.00 | .00;2023;11;SERVIO FUNERµRIO DO MUNICÖPIO DE SÇO PAULO;1 - RECEITAS CORRENTES;6 - RECEITA DE SERVIOS;9 - OUTROS SERVIOS;9 - OUTROS SERVIOS;99 - OUTROS SERVIOS;0 - OUTROS SERVIOS;1 - Principal;12 - CREMAÇO;00 - CREMAÇO;000 - CREMAÇO;000 - CREMAÇO;11 - Integral;01 - Total;000 - Total;1447902.00;.00
2023;2023 | 11 | SERVIO FUNERRIO DO MUNICOPIO DE SCO PAULO | 7 - RECEITAS CORRENTES INTRAORAMENTRIAS | 9 - OUTRAS RECEITAS CORRENTES INTRAORAMENTRIAS | 2 - INDENIZAAES RESTITUIAES E RESSARCIMENTOS | 2 - RESTITUIAES | 99 - OUTRAS RESTITUIAES | 0 - OUTRAS RESTITUIAES | 1 - PRINCIPAL | 02 - REEMBOLSO DE VALORES RELATIVO A FUNERAL - LEI 8.989/79 | 05 - VELARIO | 000 - VELARIO | 000 - VELARIO | 11 - INTEGRAL | 01 - TOTAL | 000 - TOTAL | 45126.00 | .00;2023;11;SERVIO FUNERµRIO DO MUNICÖPIO DE SÇO PAULO;7 - RECEITAS CORRENTES INTRAORAMENTµRIAS;9 - OUTRAS RECEITAS CORRENTES INTRAORAMENTµRIAS;2 - INDENIZAåES RESTITUIåES E RESSARCIMENTOS;2 - RESTITUIåES;99 - OUTRAS RESTITUIåES;0 - OUTRAS RESTITUIåES;1 - Principal;02 - REEMBOLSO DE VALORES RELATIVO A FUNERAL - LEI 8.989/79;05 - VELàRIO;000 - VELàRIO;000 - VELàRIO;11 - Integral;01 - Total;000 - Total;45126.00;.00
2023;2023 | 11 | SERVIO FUNERRIO DO MUNICOPIO DE SCO PAULO | 7 - RECEITAS CORRENTES INTRAORAMENTRIAS | 9 - OUTRAS RECEITAS CORRENTES INTRAORAMENTRIAS | 2 - INDENIZAAES RESTITUIAES E RESSARCIMENTOS | 2 - RESTITUIAES | 99 - OUTRAS RESTITUIAES | 0 - OUTRAS RESTITUIAES | 1 - PRINCIPAL | 03 - REEMBOLSO DE VALORES RELATIVO A FUNERAL - LEI 11.479/94 | 05 - VELARIO | 000 - VELARIO | 000 - VELARIO | 11 - INTEGRAL | 01 - TOTAL | 000 - TOTAL | 23271.00 | .00;2023;11;SERVIO FUNERµRIO DO MUNICÖPIO DE SÇO PAULO;7 - RECEITAS CORRENTES INTRAORAMENTµRIAS;9 - OUTRAS RECEITAS CORRENTES INTRAORAMENTµRIAS;2 - INDENIZAåES RESTITUIåES E RESSARCIMENTOS;2 - RESTITUIåES;99 - OUTRAS RESTITUIåES;0 - OUTRAS RESTITUIåES;1 - Principal;03 - REEMBOLSO DE VALORES RELATIVO A FUNERAL - LEI 11.479/94;05 - VELàRIO;000 - VELàRIO;000 - VELàRIO;11 - Integral;01 - Total;000 - Total;23271.00;.00
2023;2023 | 12 | FUNDO MUNICIPAL DE HABITAO - COHAB | 1 - RECEITAS CORRENTES | 3 - RECEITA PATRIMONIAL | 2 - VALORES MOBILIRIOS | 1 - JUROS E CORREAES MONETRIAS | 05 - JUROS DE TOTULOS DE RENDA | 0 - JUROS DE TOTULOS DE RENDA | 1 - PRINCIPAL | 01 - FUNDOS DE INVESTIMENTOS E APLICAAES EM COTAS - RENDA FIXA | 09 - TESOURO MUNICIPAL - RECURSOS VINCULADOS | 023 - FUNDO MUNICIPAL DE HABITACO - COHAB | 001 - OUTORGA ONEROSA LEI 13.558/2003 ALTERADA PELA LEI 13.876/2004 | 11 - INTEGRAL | 01 - TOTAL | 000 - TOTAL | 60000.00 | .00;2023;12;Fundo Municipal de HabitaÆo - COHAB;1 - RECEITAS CORRENTES;3 - RECEITA PATRIMONIAL;2 - VALORES MOBILIµRIOS;1 - JUROS E CORREåES MONETµRIAS;05 - JUROS DE TÖTULOS DE RENDA;0 - JUROS DE TÖTULOS DE RENDA;1 - Principal;01 - FUNDOS DE INVESTIMENTOS E APLICAåES EM COTAS - RENDA FIXA;09 - TESOURO MUNICIPAL - RECURSOS VINCULADOS;023 - FUNDO MUNICIPAL DE HABITAÇO - COHAB;001 - OUTORGA ONEROSA LEI 13.558/2003 ALTERADA PELA LEI 13.876/2004;11 - Integral;01 - Total;000 - Total;60000.00;.00
2023;2023 | 12 | FUNDO MUNICIPAL DE HABITAO - COHAB | 2 - RECEITAS DE CAPITAL | 9 - OUTRAS RECEITAS DE CAPITAL | 9 - DEMAIS RECEITAS DE CAPITAL | 9 - DEMAIS RECEITAS DE CAPITAL | 99 - OUTRAS RECEITAS DE CAPITAL | 0 - OUTRAS RECEITAS DE CAPITAL | 1 - PRINCIPAL | 01 - DEMAIS RECEITAS DE CAPITAL - PRINCIPAL | 12 - OUTORGA ONEROSA - LEI DE ANISTIA | 000 - OUTORGA ONEROSA - LEI DE ANISTIA | 000 - OUTORGA ONEROSA - LEI DE ANISTIA | 11 - INTEGRAL | 01 - TOTAL | 000 - TOTAL | 1920000.00 | .00;2023;12;Fundo Municipal de HabitaÆo - COHAB;2 - RECEITAS DE CAPITAL;9 - OUTRAS RECEITAS DE CAPITAL;9 - DEMAIS RECEITAS DE CAPITAL;9 - DEMAIS RECEITAS DE CAPITAL;99 - OUTRAS RECEITAS DE CAPITAL;0 - OUTRAS RECEITAS DE CAPITAL;1 - Principal;01 - DEMAIS RECEITAS DE CAPITAL - PRINCIPAL;12 - OUTORGA ONEROSA - LEI DE ANISTIA;000 - OUTORGA ONEROSA - LEI DE ANISTIA;000 - OUTORGA ONEROSA - LEI DE ANISTIA;11 - Integral;01 - Total;000 - Total;1920000.00;.00
2023;2023 | 12 | PREFEITURA DO MUNICOPIO DE SCO PAULO | 1 - RECEITAS CORRENTES | 3 - RECEITA PATRIMONIAL | 2 - VALORES MOBILIRIOS | 1 - JUROS E CORREAES MONETRIAS | 05 - JUROS DE TOTULOS DE RENDA | 0 - JUROS DE TOTULOS DE RENDA | 1 - PRINCIPAL | 01 - FUNDOS DE INVESTIMENTOS E APLICAAES EM COTAS - RENDA FIXA | 09 - TESOURO MUNICIPAL - RECURSOS VINCULADOS | 032 - SECRETARIA MUNICIPAL DE URBANISMO E LICENCIAMENTO | 009 - OPERACO URBANA FARIA LIMA - OUTORGA HIS | 11 - INTEGRAL | 01 - TOTAL | 000 - TOTAL | 3897916.00 | 383858.24;2023;12;PREFEITURA DO MUNICÖPIO DE SÇO PAULO;1 - RECEITAS CORRENTES;3 - RECEITA PATRIMONIAL;2 - VALORES MOBILIµRIOS;1 - JUROS E CORREåES MONETµRIAS;05 - JUROS DE TÖTULOS DE RENDA;0 - JUROS DE TÖTULOS DE RENDA;1 - Principal;01 - FUNDOS DE INVESTIMENTOS E APLICAåES EM COTAS - RENDA FIXA;09 - TESOURO MUNICIPAL - RECURSOS VINCULADOS;032 - SECRETARIA MUNICIPAL DE URBANISMO E LICENCIAMENTO;009 - OPERAÇO URBANA FARIA LIMA - OUTORGA HIS;11 - Integral;01 - Total;000 - Total;3897916.00;383858.24
2023;2023 | 12 | PREFEITURA DO MUNICOPIO DE SCO PAULO | 1 - RECEITAS CORRENTES | 3 - RECEITA PATRIMONIAL | 2 - VALORES MOBILIRIOS | 1 - JUROS E CORREAES MONETRIAS | 05 - JUROS DE TOTULOS DE RENDA | 0 - JUROS DE TOTULOS DE RENDA | 1 - PRINCIPAL | 01 - FUNDOS DE INVESTIMENTOS E APLICAAES EM COTAS - RENDA FIXA | 09 - TESOURO MUNICIPAL - RECURSOS VINCULADOS | 032 - SECRETARIA MUNICIPAL DE URBANISMO E LICENCIAMENTO | 011 - OPERACO URBANA FARIA LIMA - OUTORGA | 11 - INTEGRAL | 01 - TOTAL | 000 - TOTAL | 9933052.00 | 1030969.06;2023;12;PREFEITURA DO MUNICÖPIO DE SÇO PAULO;1 - RECEITAS CORRENTES;3 - RECEITA PATRIMONIAL;2 - VALORES MOBILIµRIOS;1 - JUROS E CORREåES MONETµRIAS;05 - JUROS DE TÖTULOS DE RENDA;0 - JUROS DE TÖTULOS DE RENDA;1 - Principal;01 - FUNDOS DE INVESTIMENTOS E APLICAåES EM COTAS - RENDA FIXA;09 - TESOURO MUNICIPAL - RECURSOS VINCULADOS;032 - SECRETARIA MUNICIPAL DE URBANISMO E LICENCIAMENTO;011 - OPERAÇO URBANA FARIA LIMA - OUTORGA;11 - Integral;01 - Total;000 - Total;9933052.00;1030969.06
2023;2023 | 12 | PREFEITURA DO MUNICOPIO DE SCO PAULO | 1 - RECEITAS CORRENTES | 3 - RECEITA PATRIMONIAL | 2 - VALORES MOBILIRIOS | 1 - JUROS E CORREAES MONETRIAS | 05 - JUROS DE TOTULOS DE RENDA | 0 - JUROS DE TOTULOS DE RENDA | 1 - PRINCIPAL | 01 - FUNDOS DE INVESTIMENTOS E APLICAAES EM COTAS - RENDA FIXA | 09 - TESOURO MUNICIPAL - RECURSOS VINCULADOS | 032 - SECRETARIA MUNICIPAL DE URBANISMO E LICENCIAMENTO | 013 - FUNDO ESPECIAL OPERACO URBANA GUA BRANCA - FEAB - OUTORGA | 11 - INTEGRAL | 01 - TOTAL | 000 - TOTAL | 82069353.00 | 7941475.87;2023;12;PREFEITURA DO MUNICÖPIO DE SÇO PAULO;1 - RECEITAS CORRENTES;3 - RECEITA PATRIMONIAL;2 - VALORES MOBILIµRIOS;1 - JUROS E CORREåES MONETµRIAS;05 - JUROS DE TÖTULOS DE RENDA;0 - JUROS DE TÖTULOS DE RENDA;1 - Principal;01 - FUNDOS DE INVESTIMENTOS E APLICAåES EM COTAS - RENDA FIXA;09 - TESOURO MUNICIPAL - RECURSOS VINCULADOS;032 - SECRETARIA MUNICIPAL DE URBANISMO E LICENCIAMENTO;013 - FUNDO ESPECIAL OPERAÇO URBANA µGUA BRANCA - FEAB - OUTORGA;11 - Integral;01 - Total;000 - Total;82069353.00;7941475.87
2023;2023 | 12 | PREFEITURA DO MUNICOPIO DE SCO PAULO | 1 - RECEITAS CORRENTES | 3 - RECEITA PATRIMONIAL | 2 - VALORES MOBILIRIOS | 1 - JUROS E CORREAES MONETRIAS | 05 - JUROS DE TOTULOS DE RENDA | 0 - JUROS DE TOTULOS DE RENDA | 1 - PRINCIPAL | 01 - FUNDOS DE INVESTIMENTOS E APLICAAES EM COTAS - RENDA FIXA | 09 - TESOURO MUNICIPAL - RECURSOS VINCULADOS | 032 - SECRETARIA MUNICIPAL DE URBANISMO E LICENCIAMENTO | 014 - FUNDO ESPECIAL OPERACO URBANA GUA BRANCA - FEAB - OUTORGA - HIS | 11 - INTEGRAL | 01 - TOTAL | 000 - TOTAL | 28901.00 | 2835.51;2023;12;PREFEITURA DO MUNICÖPIO DE SÇO PAULO;1 - RECEITAS CORRENTES;3 - RECEITA PATRIMONIAL;2 - VALORES MOBILIµRIOS;1 - JUROS E CORREåES MONETµRIAS;05 - JUROS DE TÖTULOS DE RENDA;0 - JUROS DE TÖTULOS DE RENDA;1 - Principal;01 - FUNDOS DE INVESTIMENTOS E APLICAåES EM COTAS - RENDA FIXA;09 - TESOURO MUNICIPAL - RECURSOS VINCULADOS;032 - SECRETARIA MUNICIPAL DE URBANISMO E LICENCIAMENTO;014 - FUNDO ESPECIAL OPERAÇO URBANA µGUA BRANCA - FEAB - OUTORGA - HIS;11 - Integral;01 - Total;000 - Total;28901.00;2835.51
2023;2023 | 12 | PREFEITURA DO MUNICOPIO DE SCO PAULO | 1 - RECEITAS CORRENTES | 3 - RECEITA PATRIMONIAL | 2 - VALORES MOBILIRIOS | 1 - JUROS E CORREAES MONETRIAS | 05 - JUROS DE TOTULOS DE RENDA | 0 - JUROS DE TOTULOS DE RENDA | 1 - PRINCIPAL | 01 - FUNDOS DE INVESTIMENTOS E APLICAAES EM COTAS - RENDA FIXA | 09 - TESOURO MUNICIPAL - RECURSOS VINCULADOS | 032 - SECRETARIA MUNICIPAL DE URBANISMO E LICENCIAMENTO | 026 - PMSP-SMUL/OU AGUA BRANCA - OUTORGA GERAL | 11 - INTEGRAL | 01 - TOTAL | 000 - TOTAL | .00 | .00;2023;12;PREFEITURA DO MUNICÖPIO DE SÇO PAULO;1 - RECEITAS CORRENTES;3 - RECEITA PATRIMONIAL;2 - VALORES MOBILIµRIOS;1 - JUROS E CORREåES MONETµRIAS;05 - JUROS DE TÖTULOS DE RENDA;0 - JUROS DE TÖTULOS DE RENDA;1 - Principal;01 - FUNDOS DE INVESTIMENTOS E APLICAåES EM COTAS - RENDA FIXA;09 - TESOURO MUNICIPAL - RECURSOS VINCULADOS;032 - SECRETARIA MUNICIPAL DE URBANISMO E LICENCIAMENTO;026 - PMSP-SMUL/OU AGUA BRANCA - OUTORGA GERAL;11 - Integral;01 - Total;000 - Total;.00;.00
2023;2023 | 12 | PREFEITURA DO MUNICOPIO DE SCO PAULO | 1 - RECEITAS CORRENTES | 3 - RECEITA PATRIMONIAL | 2 - VALORES MOBILIRIOS | 1 - JUROS E CORREAES MONETRIAS | 05 - JUROS DE TOTULOS DE RENDA | 0 - JUROS DE TOTULOS DE RENDA | 1 - PRINCIPAL | 01 - FUNDOS DE INVESTIMENTOS E APLICAAES EM COTAS - RENDA FIXA | 09 - TESOURO MUNICIPAL - RECURSOS VINCULADOS | 032 - SECRETARIA MUNICIPAL DE URBANISMO E LICENCIAMENTO | 028 - PMSP-SMUL/OUC FARIA LIMA - OUTORGA GERAL | 11 - INTEGRAL | 01 - TOTAL | 000 - TOTAL | .00 | .00;2023;12;PREFEITURA DO MUNICÖPIO DE SÇO PAULO;1 - RECEITAS CORRENTES;3 - RECEITA PATRIMONIAL;2 - VALORES MOBILIµRIOS;1 - JUROS E CORREåES MONETµRIAS;05 - JUROS DE TÖTULOS DE RENDA;0 - JUROS DE TÖTULOS DE RENDA;1 - Principal;01 - FUNDOS DE INVESTIMENTOS E APLICAåES EM COTAS - RENDA FIXA;09 - TESOURO MUNICIPAL - RECURSOS VINCULADOS;032 - SECRETARIA MUNICIPAL DE URBANISMO E LICENCIAMENTO;028 - PMSP-SMUL/OUC FARIA LIMA - OUTORGA GERAL;11 - Integral;01 - Total;000 - Total;.00;.00
2023;2023 | 12 | PREFEITURA DO MUNICOPIO DE SCO PAULO | 1 - RECEITAS CORRENTES | 3 - RECEITA PATRIMONIAL | 3 - DELEGACO DE SERVIOS PEBLICOS MEDIANTE CONCESSCO PERMISSCO AUTORIZACO OU LICENA | 9 - DEMAIS DELEGAAES DE SERVIOS PEBLICOS | 99 - OUTRAS DELEGAAES DE SERVIOS PEBLICOS | 0 - OUTRAS DELEGAAES DE SERVIOS PEBLICOS | 1 - PRINCIPAL | 01 - OUTORGAS PROVENIENTES DE CONCESSAES - FMD | 00 - OUTORGAS PROVENIENTES DE CONCESSAES - FMD | 000 - OUTORGAS PROVENIENTES DE CONCESSAES - FMD | 000 - OUTORGAS PROVENIENTES DE CONCESSAES - FMD | 11 - INTEGRAL | 01 - TOTAL | 000 - TOTAL | 101631444.00 | 3316152.22;2023;12;PREFEITURA DO MUNICÖPIO DE SÇO PAULO;1 - RECEITAS CORRENTES;3 - RECEITA PATRIMONIAL;3 - DELEGAÇO DE SERVIOS PéBLICOS MEDIANTE CONCESSÇO PERMISSÇO AUTORIZAÇO OU LICENA;9 - DEMAIS DELEGAåES DE SERVIOS PéBLICOS;99 - OUTRAS DELEGAåES DE SERVIOS PéBLICOS;0 - OUTRAS DELEGAåES DE SERVIOS PéBLICOS;1 - Principal;01 - OUTORGAS PROVENIENTES DE CONCESSåES - FMD;00 - OUTORGAS PROVENIENTES DE CONCESSåES - FMD;000 - OUTORGAS PROVENIENTES DE CONCESSåES - FMD;000 - OUTORGAS PROVENIENTES DE CONCESSåES - FMD;11 - Integral;01 - Total;000 - Total;101631444.00;3316152.22
2023;2023 | 12 | PREFEITURA DO MUNICOPIO DE SCO PAULO | 1 - RECEITAS CORRENTES | 9 - OUTRAS RECEITAS CORRENTES | 4 - MULTAS E JUROS DE MORA DAS RECEITAS DE CAPITAL | 9 - MULTAS E JUROS DE MORA DE OUTRAS RECEITAS DE CAPITAL | 99 - MULTAS E JUROS DE OUTRAS RECEITAS DE CAPITAL | 0 - MULTAS E JUROS DE OUTRAS RECEITAS DE CAPITAL | 2 - MULTA | 76 - OUTORGA ONEROSA - PLANO DIRETOR - DIREITO DE CONSTRUIR - FUNDURB - MULTAS E JUROS | 00 - OUTORGA ONEROSA - PLANO DIRETOR - DIREITO DE CONSTRUIR - FUNDURB - MULTAS E JUROS | 000 - OUTORGA ONEROSA - PLANO DIRETOR - DIREITO DE CONSTRUIR - FUNDURB - MULTAS E JUROS | 000 - OUTORGA ONEROSA - PLANO DIRETOR - DIREITO DE CONSTRUIR - FUNDURB - MULTAS E JUROS | 11 - INTEGRAL | 01 - TOTAL | 000 - TOTAL | .00 | .00;2023;12;PREFEITURA DO MUNICÖPIO DE SÇO PAULO;1 - RECEITAS CORRENTES;9 - OUTRAS RECEITAS CORRENTES;4 - MULTAS E JUROS DE MORA DAS RECEITAS DE CAPITAL;9 - MULTAS E JUROS DE MORA DE OUTRAS RECEITAS DE CAPITAL;99 - MULTAS E JUROS DE OUTRAS RECEITAS DE CAPITAL;0 - MULTAS E JUROS DE OUTRAS RECEITAS DE CAPITAL;2 - Multa;76 - OUTORGA ONEROSA - PLANO DIRETOR - DIREITO DE CONSTRUIR - FUNDURB - MULTAS E JUROS;00 - OUTORGA ONEROSA - PLANO DIRETOR - DIREITO DE CONSTRUIR - FUNDURB - MULTAS E JUROS;000 - OUTORGA ONEROSA - PLANO DIRETOR - DIREITO DE CONSTRUIR - FUNDURB - MULTAS E JUROS;000 - OUTORGA ONEROSA - PLANO DIRETOR - DIREITO DE CONSTRUIR - FUNDURB - MULTAS E JUROS;11 - Integral;01 - Total;000 - Total;.00;.00
2023;2023 | 12 | PREFEITURA DO MUNICOPIO DE SCO PAULO | 2 - RECEITAS DE CAPITAL | 9 - OUTRAS RECEITAS DE CAPITAL | 9 - DEMAIS RECEITAS DE CAPITAL | 9 - DEMAIS RECEITAS DE CAPITAL | 99 - OUTRAS RECEITAS DE CAPITAL | 0 - OUTRAS RECEITAS DE CAPITAL | 1 - PRINCIPAL | 01 - DEMAIS RECEITAS DE CAPITAL - PRINCIPAL | 09 - OUTORGA ONEROSA COTA SOLIDARIEDADE - FUNDURB | 000 - OUTORGA ONEROSA COTA SOLIDARIEDADE - FUNDURB | 000 - OUTORGA ONEROSA COTA SOLIDARIEDADE - FUNDURB | 11 - INTEGRAL | 01 - TOTAL | 000 - TOTAL | 12135584.00 | -9155597.06;2023;12;PREFEITURA DO MUNICÖPIO DE SÇO PAULO;2 - RECEITAS DE CAPITAL;9 - OUTRAS RECEITAS DE CAPITAL;9 - DEMAIS RECEITAS DE CAPITAL;9 - DEMAIS RECEITAS DE CAPITAL;99 - OUTRAS RECEITAS DE CAPITAL;0 - OUTRAS RECEITAS DE CAPITAL;1 - Principal;01 - DEMAIS RECEITAS DE CAPITAL - PRINCIPAL;09 - OUTORGA ONEROSA COTA SOLIDARIEDADE - FUNDURB;000 - OUTORGA ONEROSA COTA SOLIDARIEDADE - FUNDURB;000 - OUTORGA ONEROSA COTA SOLIDARIEDADE - FUNDURB;11 - Integral;01 - Total;000 - Total;12135584.00;-9155597.06
2023;2023 | 12 | PREFEITURA DO MUNICOPIO DE SCO PAULO | 2 - RECEITAS DE CAPITAL | 9 - OUTRAS RECEITAS DE CAPITAL | 9 - DEMAIS RECEITAS DE CAPITAL | 9 - DEMAIS RECEITAS DE CAPITAL | 99 - OUTRAS RECEITAS DE CAPITAL | 0 - OUTRAS RECEITAS DE CAPITAL | 1 - PRINCIPAL | 01 - DEMAIS RECEITAS DE CAPITAL - PRINCIPAL | 11 - OUTORGA ONEROSA - PLANO DIRETOR - DIREITO DE CONSTRUIR - FUNDURB | 000 - OUTORGA ONEROSA - PLANO DIRETOR - DIREITO DE CONSTRUIR - FUNDURB | 000 - OUTORGA ONEROSA - PLANO DIRETOR - DIREITO DE CONSTRUIR - FUNDURB | 11 - INTEGRAL | 01 - TOTAL | 000 - TOTAL | 708000000.00 | 96510175.57;2023;12;PREFEITURA DO MUNICÖPIO DE SÇO PAULO;2 - RECEITAS DE CAPITAL;9 - OUTRAS RECEITAS DE CAPITAL;9 - DEMAIS RECEITAS DE CAPITAL;9 - DEMAIS RECEITAS DE CAPITAL;99 - OUTRAS RECEITAS DE CAPITAL;0 - OUTRAS RECEITAS DE CAPITAL;1 - Principal;01 - DEMAIS RECEITAS DE CAPITAL - PRINCIPAL;11 - OUTORGA ONEROSA - PLANO DIRETOR - DIREITO DE CONSTRUIR - FUNDURB;000 - OUTORGA ONEROSA - PLANO DIRETOR - DIREITO DE CONSTRUIR - FUNDURB;000 - OUTORGA ONEROSA - PLANO DIRETOR - DIREITO DE CONSTRUIR - FUNDURB;11 - Integral;01 - Total;000 - Total;708000000.00;96510175.57
2023;2023 | 12 | PREFEITURA DO MUNICOPIO DE SCO PAULO | 2 - RECEITAS DE CAPITAL | 9 - OUTRAS RECEITAS DE CAPITAL | 9 - DEMAIS RECEITAS DE CAPITAL | 9 - DEMAIS RECEITAS DE CAPITAL | 99 - OUTRAS RECEITAS DE CAPITAL | 0 - OUTRAS RECEITAS DE CAPITAL | 1 - PRINCIPAL | 01 - DEMAIS RECEITAS DE CAPITAL - PRINCIPAL | 11 - OUTORGA ONEROSA - PLANO DIRETOR - DIREITO DE CONSTRUIR - FUNDURB | 000 - OUTORGA ONEROSA - PLANO DIRETOR - DIREITO DE CONSTRUIR - FUNDURB | 000 - OUTORGA ONEROSA - PLANO DIRETOR - DIREITO DE CONSTRUIR - FUNDURB | 11 - INTEGRAL | 09 - DEDUTORA | 001 - DEDUAES OUTORGA ONEROSA - PLANO DIRETOR - DIREITO DE CONSTRUIR - FUNDURB | .00 | -42934.68;2023;12;PREFEITURA DO MUNICÖPIO DE SÇO PAULO;2 - RECEITAS DE CAPITAL;9 - OUTRAS RECEITAS DE CAPITAL;9 - DEMAIS RECEITAS DE CAPITAL;9 - DEMAIS RECEITAS DE CAPITAL;99 - OUTRAS RECEITAS DE CAPITAL;0 - OUTRAS RECEITAS DE CAPITAL;1 - Principal;01 - DEMAIS RECEITAS DE CAPITAL - PRINCIPAL;11 - OUTORGA ONEROSA - PLANO DIRETOR - DIREITO DE CONSTRUIR - FUNDURB;000 - OUTORGA ONEROSA - PLANO DIRETOR - DIREITO DE CONSTRUIR - FUNDURB;000 - OUTORGA ONEROSA - PLANO DIRETOR - DIREITO DE CONSTRUIR - FUNDURB;11 - Integral;09 - Dedutora;001 - Deduäes Outorga Onerosa - Plano Diretor - Direito de Construir - FUNDURB;.00;-42934.68
2023;2023 | 12 | PREFEITURA DO MUNICOPIO DE SCO PAULO | 8 - RECEITAS DE CAPITAL INTRAORAMENTRIAS | 9 - OUTRAS RECEITAS DE CAPITAL INTRAORAMENTRIAS | 9 - DEMAIS RECEITAS DE CAPITAL | 9 - OUTRAS RECEITAS DE CAPITAL | 99 - OUTRAS RECEITAS DE CAPITAL | 0 - OUTRAS RECEITAS DE CAPITAL | 1 - PRINCIPAL | 09 - OUTORGA ONEROSA COTA SOLIDARIEDADE - FUNDURB | 00 - OUTORGA ONEROSA COTA SOLIDARIEDADE - FUNDURB | 000 - OUTORGA ONEROSA COTA SOLIDARIEDADE - FUNDURB | 000 - OUTORGA ONEROSA COTA SOLIDARIEDADE - FUNDURB | 11 - INTEGRAL | 01 - TOTAL | 000 - TOTAL | .00 | 10614492.20;2023;12;PREFEITURA DO MUNICÖPIO DE SÇO PAULO;8 - RECEITAS DE CAPITAL INTRAORAMENTµRIAS;9 - OUTRAS RECEITAS DE CAPITAL INTRAORAMENTµRIAS;9 - DEMAIS RECEITAS DE CAPITAL;9 - OUTRAS RECEITAS DE CAPITAL;99 - OUTRAS RECEITAS DE CAPITAL;0 - OUTRAS RECEITAS DE CAPITAL;1 - Principal;09 - OUTORGA ONEROSA COTA SOLIDARIEDADE - FUNDURB;00 - OUTORGA ONEROSA COTA SOLIDARIEDADE - FUNDURB;000 - OUTORGA ONEROSA COTA SOLIDARIEDADE - FUNDURB;000 - OUTORGA ONEROSA COTA SOLIDARIEDADE - FUNDURB;11 - Integral;01 - Total;000 - Total;.00;10614492.20
2023;2023 | 12 | SERVIO FUNERRIO DO MUNICOPIO DE SCO PAULO | 1 - RECEITAS CORRENTES | 6 - RECEITA DE SERVIOS | 9 - OUTROS SERVIOS | 9 - OUTROS SERVIOS | 99 - OUTROS SERVIOS | 0 - OUTROS SERVIOS | 1 - PRINCIPAL | 11 - VELARIO | 00 - VELARIO | 000 - VELARIO | 000 - VELARIO | 11 - INTEGRAL | 01 - TOTAL | 000 - TOTAL | 2433285.00 | 20792.37;2023;12;SERVIO FUNERµRIO DO MUNICÖPIO DE SÇO PAULO;1 - RECEITAS CORRENTES;6 - RECEITA DE SERVIOS;9 - OUTROS SERVIOS;9 - OUTROS SERVIOS;99 - OUTROS SERVIOS;0 - OUTROS SERVIOS;1 - Principal;11 - VELàRIO;00 - VELàRIO;000 - VELàRIO;000 - VELàRIO;11 - Integral;01 - Total;000 - Total;2433285.00;20792.37
2023;2023 | 12 | SERVIO FUNERRIO DO MUNICOPIO DE SCO PAULO | 1 - RECEITAS CORRENTES | 6 - RECEITA DE SERVIOS | 9 - OUTROS SERVIOS | 9 - OUTROS SERVIOS | 99 - OUTROS SERVIOS | 0 - OUTROS SERVIOS | 1 - PRINCIPAL | 12 - CREMACO | 00 - CREMACO | 000 - CREMACO | 000 - CREMACO | 11 - INTEGRAL | 01 - TOTAL | 000 - TOTAL | 1447902.00 | .00;2023;12;SERVIO FUNERµRIO DO MUNICÖPIO DE SÇO PAULO;1 - RECEITAS CORRENTES;6 - RECEITA DE SERVIOS;9 - OUTROS SERVIOS;9 - OUTROS SERVIOS;99 - OUTROS SERVIOS;0 - OUTROS SERVIOS;1 - Principal;12 - CREMAÇO;00 - CREMAÇO;000 - CREMAÇO;000 - CREMAÇO;11 - Integral;01 - Total;000 - Total;1447902.00;.00
2023;2023 | 12 | SERVIO FUNERRIO DO MUNICOPIO DE SCO PAULO | 7 - RECEITAS CORRENTES INTRAORAMENTRIAS | 9 - OUTRAS RECEITAS CORRENTES INTRAORAMENTRIAS | 2 - INDENIZAAES RESTITUIAES E RESSARCIMENTOS | 2 - RESTITUIAES | 99 - OUTRAS RESTITUIAES | 0 - OUTRAS RESTITUIAES | 1 - PRINCIPAL | 02 - REEMBOLSO DE VALORES RELATIVO A FUNERAL - LEI 8.989/79 | 05 - VELARIO | 000 - VELARIO | 000 - VELARIO | 11 - INTEGRAL | 01 - TOTAL | 000 - TOTAL | 45126.00 | .00;2023;12;SERVIO FUNERµRIO DO MUNICÖPIO DE SÇO PAULO;7 - RECEITAS CORRENTES INTRAORAMENTµRIAS;9 - OUTRAS RECEITAS CORRENTES INTRAORAMENTµRIAS;2 - INDENIZAåES RESTITUIåES E RESSARCIMENTOS;2 - RESTITUIåES;99 - OUTRAS RESTITUIåES;0 - OUTRAS RESTITUIåES;1 - Principal;02 - REEMBOLSO DE VALORES RELATIVO A FUNERAL - LEI 8.989/79;05 - VELàRIO;000 - VELàRIO;000 - VELàRIO;11 - Integral;01 - Total;000 - Total;45126.00;.00
2023;2023 | 12 | SERVIO FUNERRIO DO MUNICOPIO DE SCO PAULO | 7 - RECEITAS CORRENTES INTRAORAMENTRIAS | 9 - OUTRAS RECEITAS CORRENTES INTRAORAMENTRIAS | 2 - INDENIZAAES RESTITUIAES E RESSARCIMENTOS | 2 - RESTITUIAES | 99 - OUTRAS RESTITUIAES | 0 - OUTRAS RESTITUIAES | 1 - PRINCIPAL | 03 - REEMBOLSO DE VALORES RELATIVO A FUNERAL - LEI 11.479/94 | 05 - VELARIO | 000 - VELARIO | 000 - VELARIO | 11 - INTEGRAL | 01 - TOTAL | 000 - TOTAL | 23271.00 | .00;2023;12;SERVIO FUNERµRIO DO MUNICÖPIO DE SÇO PAULO;7 - RECEITAS CORRENTES INTRAORAMENTµRIAS;9 - OUTRAS RECEITAS CORRENTES INTRAORAMENTµRIAS;2 - INDENIZAåES RESTITUIåES E RESSARCIMENTOS;2 - RESTITUIåES;99 - OUTRAS RESTITUIåES;0 - OUTRAS RESTITUIåES;1 - Principal;03 - REEMBOLSO DE VALORES RELATIVO A FUNERAL - LEI 11.479/94;05 - VELàRIO;000 - VELàRIO;000 - VELàRIO;11 - Integral;01 - Total;000 - Total;23271.00;.00
2024;2024 | 1 | FUNDO MUNICIPAL DE HABITAO - COHAB | 1 - RECEITAS CORRENTES | 3 - RECEITA PATRIMONIAL | 2 - VALORES MOBILIRIOS | 1 - JUROS E CORREAES MONETRIAS | 05 - JUROS DE TOTULOS DE RENDA | 0 - JUROS DE TOTULOS DE RENDA | 1 - PRINCIPAL | 01 - FUNDOS DE INVESTIMENTOS E APLICAAES EM COTAS - RENDA FIXA | 09 - TESOURO MUNICIPAL - RECURSOS VINCULADOS | 023 - FUNDO MUNICIPAL DE HABITACO - COHAB | 001 - OUTORGA ONEROSA LEI 13.558/2003 ALTERADA PELA LEI 13.876/2004 | 11 - INTEGRAL | 01 - TOTAL | 000 - TOTAL | 3293.00 | .00;2024;1;Fundo Municipal de HabitaÆo - COHAB;1 - RECEITAS CORRENTES;3 - RECEITA PATRIMONIAL;2 - VALORES MOBILIµRIOS;1 - JUROS E CORREåES MONETµRIAS;05 - JUROS DE TÖTULOS DE RENDA;0 - JUROS DE TÖTULOS DE RENDA;1 - Principal;01 - FUNDOS DE INVESTIMENTOS E APLICAåES EM COTAS - RENDA FIXA;09 - TESOURO MUNICIPAL - RECURSOS VINCULADOS;023 - FUNDO MUNICIPAL DE HABITAÇO - COHAB;001 - OUTORGA ONEROSA LEI 13.558/2003 ALTERADA PELA LEI 13.876/2004;11 - Integral;01 - Total;000 - Total;3293.00;.00
2024;2024 | 1 | FUNDO MUNICIPAL DE HABITAO - COHAB | 2 - RECEITAS DE CAPITAL | 9 - OUTRAS RECEITAS DE CAPITAL | 9 - DEMAIS RECEITAS DE CAPITAL | 9 - DEMAIS RECEITAS DE CAPITAL | 99 - OUTRAS RECEITAS DE CAPITAL | 0 - OUTRAS RECEITAS DE CAPITAL | 1 - PRINCIPAL | 01 - DEMAIS RECEITAS DE CAPITAL - PRINCIPAL | 12 - OUTORGA ONEROSA - LEI DE ANISTIA | 000 - OUTORGA ONEROSA - LEI DE ANISTIA | 000 - OUTORGA ONEROSA - LEI DE ANISTIA | 11 - INTEGRAL | 01 - TOTAL | 000 - TOTAL | 720000.00 | .00;2024;1;Fundo Municipal de HabitaÆo - COHAB;2 - RECEITAS DE CAPITAL;9 - OUTRAS RECEITAS DE CAPITAL;9 - DEMAIS RECEITAS DE CAPITAL;9 - DEMAIS RECEITAS DE CAPITAL;99 - OUTRAS RECEITAS DE CAPITAL;0 - OUTRAS RECEITAS DE CAPITAL;1 - Principal;01 - DEMAIS RECEITAS DE CAPITAL - PRINCIPAL;12 - OUTORGA ONEROSA - LEI DE ANISTIA;000 - OUTORGA ONEROSA - LEI DE ANISTIA;000 - OUTORGA ONEROSA - LEI DE ANISTIA;11 - Integral;01 - Total;000 - Total;720000.00;.00
2024;2024 | 1 | PREFEITURA DO MUNICOPIO DE SCO PAULO | 1 - RECEITAS CORRENTES | 3 - RECEITA PATRIMONIAL | 2 - VALORES MOBILIRIOS | 1 - JUROS E CORREAES MONETRIAS | 05 - JUROS DE TOTULOS DE RENDA | 0 - JUROS DE TOTULOS DE RENDA | 1 - PRINCIPAL | 01 - FUNDOS DE INVESTIMENTOS E APLICAAES EM COTAS - RENDA FIXA | 09 - TESOURO MUNICIPAL - RECURSOS VINCULADOS | 032 - SECRETARIA MUNICIPAL DE URBANISMO E LICENCIAMENTO | 009 - OPERACO URBANA FARIA LIMA - OUTORGA HIS | 11 - INTEGRAL | 01 - TOTAL | 000 - TOTAL | 3840000.00 | 404527.16;2024;1;PREFEITURA DO MUNICÖPIO DE SÇO PAULO;1 - RECEITAS CORRENTES;3 - RECEITA PATRIMONIAL;2 - VALORES MOBILIµRIOS;1 - JUROS E CORREåES MONETµRIAS;05 - JUROS DE TÖTULOS DE RENDA;0 - JUROS DE TÖTULOS DE RENDA;1 - Principal;01 - FUNDOS DE INVESTIMENTOS E APLICAåES EM COTAS - RENDA FIXA;09 - TESOURO MUNICIPAL - RECURSOS VINCULADOS;032 - SECRETARIA MUNICIPAL DE URBANISMO E LICENCIAMENTO;009 - OPERAÇO URBANA FARIA LIMA - OUTORGA HIS;11 - Integral;01 - Total;000 - Total;3840000.00;404527.16
2024;2024 | 1 | PREFEITURA DO MUNICOPIO DE SCO PAULO | 1 - RECEITAS CORRENTES | 3 - RECEITA PATRIMONIAL | 2 - VALORES MOBILIRIOS | 1 - JUROS E CORREAES MONETRIAS | 05 - JUROS DE TOTULOS DE RENDA | 0 - JUROS DE TOTULOS DE RENDA | 1 - PRINCIPAL | 01 - FUNDOS DE INVESTIMENTOS E APLICAAES EM COTAS - RENDA FIXA | 09 - TESOURO MUNICIPAL - RECURSOS VINCULADOS | 032 - SECRETARIA MUNICIPAL DE URBANISMO E LICENCIAMENTO | 011 - OPERACO URBANA FARIA LIMA - OUTORGA | 11 - INTEGRAL | 01 - TOTAL | 000 - TOTAL | 9600000.00 | 1079292.43;2024;1;PREFEITURA DO MUNICÖPIO DE SÇO PAULO;1 - RECEITAS CORRENTES;3 - RECEITA PATRIMONIAL;2 - VALORES MOBILIµRIOS;1 - JUROS E CORREåES MONETµRIAS;05 - JUROS DE TÖTULOS DE RENDA;0 - JUROS DE TÖTULOS DE RENDA;1 - Principal;01 - FUNDOS DE INVESTIMENTOS E APLICAåES EM COTAS - RENDA FIXA;09 - TESOURO MUNICIPAL - RECURSOS VINCULADOS;032 - SECRETARIA MUNICIPAL DE URBANISMO E LICENCIAMENTO;011 - OPERAÇO URBANA FARIA LIMA - OUTORGA;11 - Integral;01 - Total;000 - Total;9600000.00;1079292.43
2024;2024 | 1 | PREFEITURA DO MUNICOPIO DE SCO PAULO | 1 - RECEITAS CORRENTES | 3 - RECEITA PATRIMONIAL | 2 - VALORES MOBILIRIOS | 1 - JUROS E CORREAES MONETRIAS | 05 - JUROS DE TOTULOS DE RENDA | 0 - JUROS DE TOTULOS DE RENDA | 1 - PRINCIPAL | 01 - FUNDOS DE INVESTIMENTOS E APLICAAES EM COTAS - RENDA FIXA | 09 - TESOURO MUNICIPAL - RECURSOS VINCULADOS | 032 - SECRETARIA MUNICIPAL DE URBANISMO E LICENCIAMENTO | 013 - FUNDO ESPECIAL OPERACO URBANA GUA BRANCA - FEAB - OUTORGA | 11 - INTEGRAL | 01 - TOTAL | 000 - TOTAL | 73598400.00 | 8470345.23;2024;1;PREFEITURA DO MUNICÖPIO DE SÇO PAULO;1 - RECEITAS CORRENTES;3 - RECEITA PATRIMONIAL;2 - VALORES MOBILIµRIOS;1 - JUROS E CORREåES MONETµRIAS;05 - JUROS DE TÖTULOS DE RENDA;0 - JUROS DE TÖTULOS DE RENDA;1 - Principal;01 - FUNDOS DE INVESTIMENTOS E APLICAåES EM COTAS - RENDA FIXA;09 - TESOURO MUNICIPAL - RECURSOS VINCULADOS;032 - SECRETARIA MUNICIPAL DE URBANISMO E LICENCIAMENTO;013 - FUNDO ESPECIAL OPERAÇO URBANA µGUA BRANCA - FEAB - OUTORGA;11 - Integral;01 - Total;000 - Total;73598400.00;8470345.23
2024;2024 | 1 | PREFEITURA DO MUNICOPIO DE SCO PAULO | 1 - RECEITAS CORRENTES | 3 - RECEITA PATRIMONIAL | 2 - VALORES MOBILIRIOS | 1 - JUROS E CORREAES MONETRIAS | 05 - JUROS DE TOTULOS DE RENDA | 0 - JUROS DE TOTULOS DE RENDA | 1 - PRINCIPAL | 01 - FUNDOS DE INVESTIMENTOS E APLICAAES EM COTAS - RENDA FIXA | 09 - TESOURO MUNICIPAL - RECURSOS VINCULADOS | 032 - SECRETARIA MUNICIPAL DE URBANISMO E LICENCIAMENTO | 014 - FUNDO ESPECIAL OPERACO URBANA GUA BRANCA - FEAB - OUTORGA - HIS | 11 - INTEGRAL | 01 - TOTAL | 000 - TOTAL | 26400.00 | 3024.34;2024;1;PREFEITURA DO MUNICÖPIO DE SÇO PAULO;1 - RECEITAS CORRENTES;3 - RECEITA PATRIMONIAL;2 - VALORES MOBILIµRIOS;1 - JUROS E CORREåES MONETµRIAS;05 - JUROS DE TÖTULOS DE RENDA;0 - JUROS DE TÖTULOS DE RENDA;1 - Principal;01 - FUNDOS DE INVESTIMENTOS E APLICAåES EM COTAS - RENDA FIXA;09 - TESOURO MUNICIPAL - RECURSOS VINCULADOS;032 - SECRETARIA MUNICIPAL DE URBANISMO E LICENCIAMENTO;014 - FUNDO ESPECIAL OPERAÇO URBANA µGUA BRANCA - FEAB - OUTORGA - HIS;11 - Integral;01 - Total;000 - Total;26400.00;3024.34
2024;2024 | 1 | PREFEITURA DO MUNICOPIO DE SCO PAULO | 1 - RECEITAS CORRENTES | 3 - RECEITA PATRIMONIAL | 3 - DELEGACO DE SERVIOS PEBLICOS MEDIANTE CONCESSCO PERMISSCO AUTORIZACO OU LICENA | 9 - DEMAIS DELEGAAES DE SERVIOS PEBLICOS | 99 - OUTRAS DELEGAAES DE SERVIOS PEBLICOS | 0 - OUTRAS DELEGAAES DE SERVIOS PEBLICOS | 1 - PRINCIPAL | 01 - OUTORGAS PROVENIENTES DE CONCESSAES - FMD | 00 - OUTORGAS PROVENIENTES DE CONCESSAES - FMD | 000 - OUTORGAS PROVENIENTES DE CONCESSAES - FMD | 000 - OUTORGAS PROVENIENTES DE CONCESSAES - FMD | 11 - INTEGRAL | 01 - TOTAL | 000 - TOTAL | 149581358.00 | 632881.12;2024;1;PREFEITURA DO MUNICÖPIO DE SÇO PAULO;1 - RECEITAS CORRENTES;3 - RECEITA PATRIMONIAL;3 - DELEGAÇO DE SERVIOS PéBLICOS MEDIANTE CONCESSÇO PERMISSÇO AUTORIZAÇO OU LICENA;9 - DEMAIS DELEGAåES DE SERVIOS PéBLICOS;99 - OUTRAS DELEGAåES DE SERVIOS PéBLICOS;0 - OUTRAS DELEGAåES DE SERVIOS PéBLICOS;1 - Principal;01 - OUTORGAS PROVENIENTES DE CONCESSåES - FMD;00 - OUTORGAS PROVENIENTES DE CONCESSåES - FMD;000 - OUTORGAS PROVENIENTES DE CONCESSåES - FMD;000 - OUTORGAS PROVENIENTES DE CONCESSåES - FMD;11 - Integral;01 - Total;000 - Total;149581358.00;632881.12
2024;2024 | 1 | PREFEITURA DO MUNICOPIO DE SCO PAULO | 1 - RECEITAS CORRENTES | 9 - OUTRAS RECEITAS CORRENTES | 4 - MULTAS E JUROS DE MORA DAS RECEITAS DE CAPITAL | 9 - MULTAS E JUROS DE MORA DE OUTRAS RECEITAS DE CAPITAL | 99 - MULTAS E JUROS DE OUTRAS RECEITAS DE CAPITAL | 0 - MULTAS E JUROS DE OUTRAS RECEITAS DE CAPITAL | 2 - MULTA | 76 - OUTORGA ONEROSA - PLANO DIRETOR - DIREITO DE CONSTRUIR - FUNDURB - MULTAS E JUROS | 00 - OUTORGA ONEROSA - PLANO DIRETOR - DIREITO DE CONSTRUIR - FUNDURB - MULTAS E JUROS | 000 - OUTORGA ONEROSA - PLANO DIRETOR - DIREITO DE CONSTRUIR - FUNDURB - MULTAS E JUROS | 000 - OUTORGA ONEROSA - PLANO DIRETOR - DIREITO DE CONSTRUIR - FUNDURB - MULTAS E JUROS | 11 - INTEGRAL | 01 - TOTAL | 000 - TOTAL | 1755.00 | .00;2024;1;PREFEITURA DO MUNICÖPIO DE SÇO PAULO;1 - RECEITAS CORRENTES;9 - OUTRAS RECEITAS CORRENTES;4 - MULTAS E JUROS DE MORA DAS RECEITAS DE CAPITAL;9 - MULTAS E JUROS DE MORA DE OUTRAS RECEITAS DE CAPITAL;99 - MULTAS E JUROS DE OUTRAS RECEITAS DE CAPITAL;0 - MULTAS E JUROS DE OUTRAS RECEITAS DE CAPITAL;2 - Multa;76 - OUTORGA ONEROSA - PLANO DIRETOR - DIREITO DE CONSTRUIR - FUNDURB - MULTAS E JUROS;00 - OUTORGA ONEROSA - PLANO DIRETOR - DIREITO DE CONSTRUIR - FUNDURB - MULTAS E JUROS;000 - OUTORGA ONEROSA - PLANO DIRETOR - DIREITO DE CONSTRUIR - FUNDURB - MULTAS E JUROS;000 - OUTORGA ONEROSA - PLANO DIRETOR - DIREITO DE CONSTRUIR - FUNDURB - MULTAS E JUROS;11 - Integral;01 - Total;000 - Total;1755.00;.00
2024;2024 | 1 | PREFEITURA DO MUNICOPIO DE SCO PAULO | 2 - RECEITAS DE CAPITAL | 9 - OUTRAS RECEITAS DE CAPITAL | 9 - DEMAIS RECEITAS DE CAPITAL | 9 - DEMAIS RECEITAS DE CAPITAL | 99 - OUTRAS RECEITAS DE CAPITAL | 0 - OUTRAS RECEITAS DE CAPITAL | 1 - PRINCIPAL | 01 - DEMAIS RECEITAS DE CAPITAL - PRINCIPAL | 09 - OUTORGA ONEROSA COTA SOLIDARIEDADE - FUNDURB | 000 - OUTORGA ONEROSA COTA SOLIDARIEDADE - FUNDURB | 000 - OUTORGA ONEROSA COTA SOLIDARIEDADE - FUNDURB | 11 - INTEGRAL | 01 - TOTAL | 000 - TOTAL | 21606266.00 | 2394859.71;2024;1;PREFEITURA DO MUNICÖPIO DE SÇO PAULO;2 - RECEITAS DE CAPITAL;9 - OUTRAS RECEITAS DE CAPITAL;9 - DEMAIS RECEITAS DE CAPITAL;9 - DEMAIS RECEITAS DE CAPITAL;99 - OUTRAS RECEITAS DE CAPITAL;0 - OUTRAS RECEITAS DE CAPITAL;1 - Principal;01 - DEMAIS RECEITAS DE CAPITAL - PRINCIPAL;09 - OUTORGA ONEROSA COTA SOLIDARIEDADE - FUNDURB;000 - OUTORGA ONEROSA COTA SOLIDARIEDADE - FUNDURB;000 - OUTORGA ONEROSA COTA SOLIDARIEDADE - FUNDURB;11 - Integral;01 - Total;000 - Total;21606266.00;2394859.71
2024;2024 | 1 | PREFEITURA DO MUNICOPIO DE SCO PAULO | 2 - RECEITAS DE CAPITAL | 9 - OUTRAS RECEITAS DE CAPITAL | 9 - DEMAIS RECEITAS DE CAPITAL | 9 - DEMAIS RECEITAS DE CAPITAL | 99 - OUTRAS RECEITAS DE CAPITAL | 0 - OUTRAS RECEITAS DE CAPITAL | 1 - PRINCIPAL | 01 - DEMAIS RECEITAS DE CAPITAL - PRINCIPAL | 11 - OUTORGA ONEROSA - PLANO DIRETOR - DIREITO DE CONSTRUIR - FUNDURB | 000 - OUTORGA ONEROSA - PLANO DIRETOR - DIREITO DE CONSTRUIR - FUNDURB | 000 - OUTORGA ONEROSA - PLANO DIRETOR - DIREITO DE CONSTRUIR - FUNDURB | 11 - INTEGRAL | 01 - TOTAL | 000 - TOTAL | 1118194927.00 | 61606744.42;2024;1;PREFEITURA DO MUNICÖPIO DE SÇO PAULO;2 - RECEITAS DE CAPITAL;9 - OUTRAS RECEITAS DE CAPITAL;9 - DEMAIS RECEITAS DE CAPITAL;9 - DEMAIS RECEITAS DE CAPITAL;99 - OUTRAS RECEITAS DE CAPITAL;0 - OUTRAS RECEITAS DE CAPITAL;1 - Principal;01 - DEMAIS RECEITAS DE CAPITAL - PRINCIPAL;11 - OUTORGA ONEROSA - PLANO DIRETOR - DIREITO DE CONSTRUIR - FUNDURB;000 - OUTORGA ONEROSA - PLANO DIRETOR - DIREITO DE CONSTRUIR - FUNDURB;000 - OUTORGA ONEROSA - PLANO DIRETOR - DIREITO DE CONSTRUIR - FUNDURB;11 - Integral;01 - Total;000 - Total;1118194927.00;61606744.42
2024;2024 | 1 | PREFEITURA DO MUNICOPIO DE SCO PAULO | 2 - RECEITAS DE CAPITAL | 9 - OUTRAS RECEITAS DE CAPITAL | 9 - DEMAIS RECEITAS DE CAPITAL | 9 - DEMAIS RECEITAS DE CAPITAL | 99 - OUTRAS RECEITAS DE CAPITAL | 0 - OUTRAS RECEITAS DE CAPITAL | 1 - PRINCIPAL | 01 - DEMAIS RECEITAS DE CAPITAL - PRINCIPAL | 11 - OUTORGA ONEROSA - PLANO DIRETOR - DIREITO DE CONSTRUIR - FUNDURB | 000 - OUTORGA ONEROSA - PLANO DIRETOR - DIREITO DE CONSTRUIR - FUNDURB | 000 - OUTORGA ONEROSA - PLANO DIRETOR - DIREITO DE CONSTRUIR - FUNDURB | 11 - INTEGRAL | 09 - DEDUTORA | 001 - DEDUAES OUTORGA ONEROSA - PLANO DIRETOR - DIREITO DE CONSTRUIR - FUNDURB | .00 | -176189.86;2024;1;PREFEITURA DO MUNICÖPIO DE SÇO PAULO;2 - RECEITAS DE CAPITAL;9 - OUTRAS RECEITAS DE CAPITAL;9 - DEMAIS RECEITAS DE CAPITAL;9 - DEMAIS RECEITAS DE CAPITAL;99 - OUTRAS RECEITAS DE CAPITAL;0 - OUTRAS RECEITAS DE CAPITAL;1 - Principal;01 - DEMAIS RECEITAS DE CAPITAL - PRINCIPAL;11 - OUTORGA ONEROSA - PLANO DIRETOR - DIREITO DE CONSTRUIR - FUNDURB;000 - OUTORGA ONEROSA - PLANO DIRETOR - DIREITO DE CONSTRUIR - FUNDURB;000 - OUTORGA ONEROSA - PLANO DIRETOR - DIREITO DE CONSTRUIR - FUNDURB;11 - Integral;09 - Dedutora;001 - Deduäes Outorga Onerosa - Plano Diretor - Direito de Construir - FUNDURB;.00;-176189.86
2024;2024 | 2 | FUNDO MUNICIPAL DE HABITAO - COHAB | 1 - RECEITAS CORRENTES | 3 - RECEITA PATRIMONIAL | 2 - VALORES MOBILIRIOS | 1 - JUROS E CORREAES MONETRIAS | 05 - JUROS DE TOTULOS DE RENDA | 0 - JUROS DE TOTULOS DE RENDA | 1 - PRINCIPAL | 01 - FUNDOS DE INVESTIMENTOS E APLICAAES EM COTAS - RENDA FIXA | 09 - TESOURO MUNICIPAL - RECURSOS VINCULADOS | 023 - FUNDO MUNICIPAL DE HABITACO - COHAB | 001 - OUTORGA ONEROSA LEI 13.558/2003 ALTERADA PELA LEI 13.876/2004 | 11 - INTEGRAL | 01 - TOTAL | 000 - TOTAL | 3293.00 | .00;2024;2;Fundo Municipal de HabitaÆo - COHAB;1 - RECEITAS CORRENTES;3 - RECEITA PATRIMONIAL;2 - VALORES MOBILIµRIOS;1 - JUROS E CORREåES MONETµRIAS;05 - JUROS DE TÖTULOS DE RENDA;0 - JUROS DE TÖTULOS DE RENDA;1 - Principal;01 - FUNDOS DE INVESTIMENTOS E APLICAåES EM COTAS - RENDA FIXA;09 - TESOURO MUNICIPAL - RECURSOS VINCULADOS;023 - FUNDO MUNICIPAL DE HABITAÇO - COHAB;001 - OUTORGA ONEROSA LEI 13.558/2003 ALTERADA PELA LEI 13.876/2004;11 - Integral;01 - Total;000 - Total;3293.00;.00
2024;2024 | 2 | FUNDO MUNICIPAL DE HABITAO - COHAB | 2 - RECEITAS DE CAPITAL | 9 - OUTRAS RECEITAS DE CAPITAL | 9 - DEMAIS RECEITAS DE CAPITAL | 9 - DEMAIS RECEITAS DE CAPITAL | 99 - OUTRAS RECEITAS DE CAPITAL | 0 - OUTRAS RECEITAS DE CAPITAL | 1 - PRINCIPAL | 01 - DEMAIS RECEITAS DE CAPITAL - PRINCIPAL | 12 - OUTORGA ONEROSA - LEI DE ANISTIA | 000 - OUTORGA ONEROSA - LEI DE ANISTIA | 000 - OUTORGA ONEROSA - LEI DE ANISTIA | 11 - INTEGRAL | 01 - TOTAL | 000 - TOTAL | 720000.00 | 54891.00;2024;2;Fundo Municipal de HabitaÆo - COHAB;2 - RECEITAS DE CAPITAL;9 - OUTRAS RECEITAS DE CAPITAL;9 - DEMAIS RECEITAS DE CAPITAL;9 - DEMAIS RECEITAS DE CAPITAL;99 - OUTRAS RECEITAS DE CAPITAL;0 - OUTRAS RECEITAS DE CAPITAL;1 - Principal;01 - DEMAIS RECEITAS DE CAPITAL - PRINCIPAL;12 - OUTORGA ONEROSA - LEI DE ANISTIA;000 - OUTORGA ONEROSA - LEI DE ANISTIA;000 - OUTORGA ONEROSA - LEI DE ANISTIA;11 - Integral;01 - Total;000 - Total;720000.00;54891.00
2024;2024 | 2 | PREFEITURA DO MUNICOPIO DE SCO PAULO | 1 - RECEITAS CORRENTES | 3 - RECEITA PATRIMONIAL | 2 - VALORES MOBILIRIOS | 1 - JUROS E CORREAES MONETRIAS | 05 - JUROS DE TOTULOS DE RENDA | 0 - JUROS DE TOTULOS DE RENDA | 1 - PRINCIPAL | 01 - FUNDOS DE INVESTIMENTOS E APLICAAES EM COTAS - RENDA FIXA | 09 - TESOURO MUNICIPAL - RECURSOS VINCULADOS | 032 - SECRETARIA MUNICIPAL DE URBANISMO E LICENCIAMENTO | 009 - OPERACO URBANA FARIA LIMA - OUTORGA HIS | 11 - INTEGRAL | 01 - TOTAL | 000 - TOTAL | 3840000.00 | 337474.29;2024;2;PREFEITURA DO MUNICÖPIO DE SÇO PAULO;1 - RECEITAS CORRENTES;3 - RECEITA PATRIMONIAL;2 - VALORES MOBILIµRIOS;1 - JUROS E CORREåES MONETµRIAS;05 - JUROS DE TÖTULOS DE RENDA;0 - JUROS DE TÖTULOS DE RENDA;1 - Principal;01 - FUNDOS DE INVESTIMENTOS E APLICAåES EM COTAS - RENDA FIXA;09 - TESOURO MUNICIPAL - RECURSOS VINCULADOS;032 - SECRETARIA MUNICIPAL DE URBANISMO E LICENCIAMENTO;009 - OPERAÇO URBANA FARIA LIMA - OUTORGA HIS;11 - Integral;01 - Total;000 - Total;3840000.00;337474.29
2024;2024 | 2 | PREFEITURA DO MUNICOPIO DE SCO PAULO | 1 - RECEITAS CORRENTES | 3 - RECEITA PATRIMONIAL | 2 - VALORES MOBILIRIOS | 1 - JUROS E CORREAES MONETRIAS | 05 - JUROS DE TOTULOS DE RENDA | 0 - JUROS DE TOTULOS DE RENDA | 1 - PRINCIPAL | 01 - FUNDOS DE INVESTIMENTOS E APLICAAES EM COTAS - RENDA FIXA | 09 - TESOURO MUNICIPAL - RECURSOS VINCULADOS | 032 - SECRETARIA MUNICIPAL DE URBANISMO E LICENCIAMENTO | 011 - OPERACO URBANA FARIA LIMA - OUTORGA | 11 - INTEGRAL | 01 - TOTAL | 000 - TOTAL | 9600000.00 | 900346.81;2024;2;PREFEITURA DO MUNICÖPIO DE SÇO PAULO;1 - RECEITAS CORRENTES;3 - RECEITA PATRIMONIAL;2 - VALORES MOBILIµRIOS;1 - JUROS E CORREåES MONETµRIAS;05 - JUROS DE TÖTULOS DE RENDA;0 - JUROS DE TÖTULOS DE RENDA;1 - Principal;01 - FUNDOS DE INVESTIMENTOS E APLICAåES EM COTAS - RENDA FIXA;09 - TESOURO MUNICIPAL - RECURSOS VINCULADOS;032 - SECRETARIA MUNICIPAL DE URBANISMO E LICENCIAMENTO;011 - OPERAÇO URBANA FARIA LIMA - OUTORGA;11 - Integral;01 - Total;000 - Total;9600000.00;900346.81
2024;2024 | 2 | PREFEITURA DO MUNICOPIO DE SCO PAULO | 1 - RECEITAS CORRENTES | 3 - RECEITA PATRIMONIAL | 2 - VALORES MOBILIRIOS | 1 - JUROS E CORREAES MONETRIAS | 05 - JUROS DE TOTULOS DE RENDA | 0 - JUROS DE TOTULOS DE RENDA | 1 - PRINCIPAL | 01 - FUNDOS DE INVESTIMENTOS E APLICAAES EM COTAS - RENDA FIXA | 09 - TESOURO MUNICIPAL - RECURSOS VINCULADOS | 032 - SECRETARIA MUNICIPAL DE URBANISMO E LICENCIAMENTO | 013 - FUNDO ESPECIAL OPERACO URBANA GUA BRANCA - FEAB - OUTORGA | 11 - INTEGRAL | 01 - TOTAL | 000 - TOTAL | 73598400.00 | 7094692.19;2024;2;PREFEITURA DO MUNICÖPIO DE SÇO PAULO;1 - RECEITAS CORRENTES;3 - RECEITA PATRIMONIAL;2 - VALORES MOBILIµRIOS;1 - JUROS E CORREåES MONETµRIAS;05 - JUROS DE TÖTULOS DE RENDA;0 - JUROS DE TÖTULOS DE RENDA;1 - Principal;01 - FUNDOS DE INVESTIMENTOS E APLICAåES EM COTAS - RENDA FIXA;09 - TESOURO MUNICIPAL - RECURSOS VINCULADOS;032 - SECRETARIA MUNICIPAL DE URBANISMO E LICENCIAMENTO;013 - FUNDO ESPECIAL OPERAÇO URBANA µGUA BRANCA - FEAB - OUTORGA;11 - Integral;01 - Total;000 - Total;73598400.00;7094692.19
2024;2024 | 2 | PREFEITURA DO MUNICOPIO DE SCO PAULO | 1 - RECEITAS CORRENTES | 3 - RECEITA PATRIMONIAL | 2 - VALORES MOBILIRIOS | 1 - JUROS E CORREAES MONETRIAS | 05 - JUROS DE TOTULOS DE RENDA | 0 - JUROS DE TOTULOS DE RENDA | 1 - PRINCIPAL | 01 - FUNDOS DE INVESTIMENTOS E APLICAAES EM COTAS - RENDA FIXA | 09 - TESOURO MUNICIPAL - RECURSOS VINCULADOS | 032 - SECRETARIA MUNICIPAL DE URBANISMO E LICENCIAMENTO | 014 - FUNDO ESPECIAL OPERACO URBANA GUA BRANCA - FEAB - OUTORGA - HIS | 11 - INTEGRAL | 01 - TOTAL | 000 - TOTAL | 26400.00 | 2533.16;2024;2;PREFEITURA DO MUNICÖPIO DE SÇO PAULO;1 - RECEITAS CORRENTES;3 - RECEITA PATRIMONIAL;2 - VALORES MOBILIµRIOS;1 - JUROS E CORREåES MONETµRIAS;05 - JUROS DE TÖTULOS DE RENDA;0 - JUROS DE TÖTULOS DE RENDA;1 - Principal;01 - FUNDOS DE INVESTIMENTOS E APLICAåES EM COTAS - RENDA FIXA;09 - TESOURO MUNICIPAL - RECURSOS VINCULADOS;032 - SECRETARIA MUNICIPAL DE URBANISMO E LICENCIAMENTO;014 - FUNDO ESPECIAL OPERAÇO URBANA µGUA BRANCA - FEAB - OUTORGA - HIS;11 - Integral;01 - Total;000 - Total;26400.00;2533.16
2024;2024 | 2 | PREFEITURA DO MUNICOPIO DE SCO PAULO | 1 - RECEITAS CORRENTES | 3 - RECEITA PATRIMONIAL | 3 - DELEGACO DE SERVIOS PEBLICOS MEDIANTE CONCESSCO PERMISSCO AUTORIZACO OU LICENA | 9 - DEMAIS DELEGAAES DE SERVIOS PEBLICOS | 99 - OUTRAS DELEGAAES DE SERVIOS PEBLICOS | 0 - OUTRAS DELEGAAES DE SERVIOS PEBLICOS | 1 - PRINCIPAL | 01 - OUTORGAS PROVENIENTES DE CONCESSAES - FMD | 00 - OUTORGAS PROVENIENTES DE CONCESSAES - FMD | 000 - OUTORGAS PROVENIENTES DE CONCESSAES - FMD | 000 - OUTORGAS PROVENIENTES DE CONCESSAES - FMD | 11 - INTEGRAL | 01 - TOTAL | 000 - TOTAL | 149581358.00 | 10239516.10;2024;2;PREFEITURA DO MUNICÖPIO DE SÇO PAULO;1 - RECEITAS CORRENTES;3 - RECEITA PATRIMONIAL;3 - DELEGAÇO DE SERVIOS PéBLICOS MEDIANTE CONCESSÇO PERMISSÇO AUTORIZAÇO OU LICENA;9 - DEMAIS DELEGAåES DE SERVIOS PéBLICOS;99 - OUTRAS DELEGAåES DE SERVIOS PéBLICOS;0 - OUTRAS DELEGAåES DE SERVIOS PéBLICOS;1 - Principal;01 - OUTORGAS PROVENIENTES DE CONCESSåES - FMD;00 - OUTORGAS PROVENIENTES DE CONCESSåES - FMD;000 - OUTORGAS PROVENIENTES DE CONCESSåES - FMD;000 - OUTORGAS PROVENIENTES DE CONCESSåES - FMD;11 - Integral;01 - Total;000 - Total;149581358.00;10239516.10
2024;2024 | 2 | PREFEITURA DO MUNICOPIO DE SCO PAULO | 1 - RECEITAS CORRENTES | 9 - OUTRAS RECEITAS CORRENTES | 2 - INDENIZAAES RESTITUIAES E RESSARCIMENTOS | 3 - RESSARCIMENTOS | 99 - OUTROS RESSARCIMENTOS | 0 - OUTROS RESSARCIMENTOS | 1 - PRINCIPAL | 12 - OUTROS RESSARCIMENTOSY- OUCFL - OUTORGA | 00 - OUTROS RESSARCIMENTOSY- OUCFL - OUTORGA | 000 - OUTROS RESSARCIMENTOSY- OUCFL - OUTORGA | 000 - OUTROS RESSARCIMENTOSY- OUCFL - OUTORGA | 11 - INTEGRAL | 01 - TOTAL | 000 - TOTAL | .00 | 48018.17;2024;2;PREFEITURA DO MUNICÖPIO DE SÇO PAULO;1 - RECEITAS CORRENTES;9 - OUTRAS RECEITAS CORRENTES;2 - INDENIZAåES RESTITUIåES E RESSARCIMENTOS;3 - RESSARCIMENTOS;99 - OUTROS RESSARCIMENTOS;0 - OUTROS RESSARCIMENTOS;1 - Principal;12 - OUTROS RESSARCIMENTOSÿ- OUCFL - Outorga;00 - OUTROS RESSARCIMENTOSÿ- OUCFL - Outorga;000 - OUTROS RESSARCIMENTOSÿ- OUCFL - Outorga;000 - OUTROS RESSARCIMENTOSÿ- OUCFL - Outorga;11 - Integral;01 - Total;000 - Total;.00;48018.17
2024;2024 | 2 | PREFEITURA DO MUNICOPIO DE SCO PAULO | 1 - RECEITAS CORRENTES | 9 - OUTRAS RECEITAS CORRENTES | 4 - MULTAS E JUROS DE MORA DAS RECEITAS DE CAPITAL | 9 - MULTAS E JUROS DE MORA DE OUTRAS RECEITAS DE CAPITAL | 99 - MULTAS E JUROS DE OUTRAS RECEITAS DE CAPITAL | 0 - MULTAS E JUROS DE OUTRAS RECEITAS DE CAPITAL | 2 - MULTA | 76 - OUTORGA ONEROSA - PLANO DIRETOR - DIREITO DE CONSTRUIR - FUNDURB - MULTAS E JUROS | 00 - OUTORGA ONEROSA - PLANO DIRETOR - DIREITO DE CONSTRUIR - FUNDURB - MULTAS E JUROS | 000 - OUTORGA ONEROSA - PLANO DIRETOR - DIREITO DE CONSTRUIR - FUNDURB - MULTAS E JUROS | 000 - OUTORGA ONEROSA - PLANO DIRETOR - DIREITO DE CONSTRUIR - FUNDURB - MULTAS E JUROS | 11 - INTEGRAL | 01 - TOTAL | 000 - TOTAL | 1755.00 | .00;2024;2;PREFEITURA DO MUNICÖPIO DE SÇO PAULO;1 - RECEITAS CORRENTES;9 - OUTRAS RECEITAS CORRENTES;4 - MULTAS E JUROS DE MORA DAS RECEITAS DE CAPITAL;9 - MULTAS E JUROS DE MORA DE OUTRAS RECEITAS DE CAPITAL;99 - MULTAS E JUROS DE OUTRAS RECEITAS DE CAPITAL;0 - MULTAS E JUROS DE OUTRAS RECEITAS DE CAPITAL;2 - Multa;76 - OUTORGA ONEROSA - PLANO DIRETOR - DIREITO DE CONSTRUIR - FUNDURB - MULTAS E JUROS;00 - OUTORGA ONEROSA - PLANO DIRETOR - DIREITO DE CONSTRUIR - FUNDURB - MULTAS E JUROS;000 - OUTORGA ONEROSA - PLANO DIRETOR - DIREITO DE CONSTRUIR - FUNDURB - MULTAS E JUROS;000 - OUTORGA ONEROSA - PLANO DIRETOR - DIREITO DE CONSTRUIR - FUNDURB - MULTAS E JUROS;11 - Integral;01 - Total;000 - Total;1755.00;.00
2024;2024 | 2 | PREFEITURA DO MUNICOPIO DE SCO PAULO | 2 - RECEITAS DE CAPITAL | 9 - OUTRAS RECEITAS DE CAPITAL | 9 - DEMAIS RECEITAS DE CAPITAL | 9 - DEMAIS RECEITAS DE CAPITAL | 99 - OUTRAS RECEITAS DE CAPITAL | 0 - OUTRAS RECEITAS DE CAPITAL | 1 - PRINCIPAL | 01 - DEMAIS RECEITAS DE CAPITAL - PRINCIPAL | 09 - OUTORGA ONEROSA COTA SOLIDARIEDADE - FUNDURB | 000 - OUTORGA ONEROSA COTA SOLIDARIEDADE - FUNDURB | 000 - OUTORGA ONEROSA COTA SOLIDARIEDADE - FUNDURB | 11 - INTEGRAL | 01 - TOTAL | 000 - TOTAL | 21606266.00 | 2458045.25;2024;2;PREFEITURA DO MUNICÖPIO DE SÇO PAULO;2 - RECEITAS DE CAPITAL;9 - OUTRAS RECEITAS DE CAPITAL;9 - DEMAIS RECEITAS DE CAPITAL;9 - DEMAIS RECEITAS DE CAPITAL;99 - OUTRAS RECEITAS DE CAPITAL;0 - OUTRAS RECEITAS DE CAPITAL;1 - Principal;01 - DEMAIS RECEITAS DE CAPITAL - PRINCIPAL;09 - OUTORGA ONEROSA COTA SOLIDARIEDADE - FUNDURB;000 - OUTORGA ONEROSA COTA SOLIDARIEDADE - FUNDURB;000 - OUTORGA ONEROSA COTA SOLIDARIEDADE - FUNDURB;11 - Integral;01 - Total;000 - Total;21606266.00;2458045.25
2024;2024 | 2 | PREFEITURA DO MUNICOPIO DE SCO PAULO | 2 - RECEITAS DE CAPITAL | 9 - OUTRAS RECEITAS DE CAPITAL | 9 - DEMAIS RECEITAS DE CAPITAL | 9 - DEMAIS RECEITAS DE CAPITAL | 99 - OUTRAS RECEITAS DE CAPITAL | 0 - OUTRAS RECEITAS DE CAPITAL | 1 - PRINCIPAL | 01 - DEMAIS RECEITAS DE CAPITAL - PRINCIPAL | 11 - OUTORGA ONEROSA - PLANO DIRETOR - DIREITO DE CONSTRUIR - FUNDURB | 000 - OUTORGA ONEROSA - PLANO DIRETOR - DIREITO DE CONSTRUIR - FUNDURB | 000 - OUTORGA ONEROSA - PLANO DIRETOR - DIREITO DE CONSTRUIR - FUNDURB | 11 - INTEGRAL | 01 - TOTAL | 000 - TOTAL | 1118194927.00 | 69058756.94;2024;2;PREFEITURA DO MUNICÖPIO DE SÇO PAULO;2 - RECEITAS DE CAPITAL;9 - OUTRAS RECEITAS DE CAPITAL;9 - DEMAIS RECEITAS DE CAPITAL;9 - DEMAIS RECEITAS DE CAPITAL;99 - OUTRAS RECEITAS DE CAPITAL;0 - OUTRAS RECEITAS DE CAPITAL;1 - Principal;01 - DEMAIS RECEITAS DE CAPITAL - PRINCIPAL;11 - OUTORGA ONEROSA - PLANO DIRETOR - DIREITO DE CONSTRUIR - FUNDURB;000 - OUTORGA ONEROSA - PLANO DIRETOR - DIREITO DE CONSTRUIR - FUNDURB;000 - OUTORGA ONEROSA - PLANO DIRETOR - DIREITO DE CONSTRUIR - FUNDURB;11 - Integral;01 - Total;000 - Total;1118194927.00;69058756.94
2024;2024 | 2 | PREFEITURA DO MUNICOPIO DE SCO PAULO | 2 - RECEITAS DE CAPITAL | 9 - OUTRAS RECEITAS DE CAPITAL | 9 - DEMAIS RECEITAS DE CAPITAL | 9 - DEMAIS RECEITAS DE CAPITAL | 99 - OUTRAS RECEITAS DE CAPITAL | 0 - OUTRAS RECEITAS DE CAPITAL | 1 - PRINCIPAL | 01 - DEMAIS RECEITAS DE CAPITAL - PRINCIPAL | 11 - OUTORGA ONEROSA - PLANO DIRETOR - DIREITO DE CONSTRUIR - FUNDURB | 000 - OUTORGA ONEROSA - PLANO DIRETOR - DIREITO DE CONSTRUIR - FUNDURB | 000 - OUTORGA ONEROSA - PLANO DIRETOR - DIREITO DE CONSTRUIR - FUNDURB | 11 - INTEGRAL | 09 - DEDUTORA | 001 - DEDUAES OUTORGA ONEROSA - PLANO DIRETOR - DIREITO DE CONSTRUIR - FUNDURB | .00 | .00;2024;2;PREFEITURA DO MUNICÖPIO DE SÇO PAULO;2 - RECEITAS DE CAPITAL;9 - OUTRAS RECEITAS DE CAPITAL;9 - DEMAIS RECEITAS DE CAPITAL;9 - DEMAIS RECEITAS DE CAPITAL;99 - OUTRAS RECEITAS DE CAPITAL;0 - OUTRAS RECEITAS DE CAPITAL;1 - Principal;01 - DEMAIS RECEITAS DE CAPITAL - PRINCIPAL;11 - OUTORGA ONEROSA - PLANO DIRETOR - DIREITO DE CONSTRUIR - FUNDURB;000 - OUTORGA ONEROSA - PLANO DIRETOR - DIREITO DE CONSTRUIR - FUNDURB;000 - OUTORGA ONEROSA - PLANO DIRETOR - DIREITO DE CONSTRUIR - FUNDURB;11 - Integral;09 - Dedutora;001 - Deduäes Outorga Onerosa - Plano Diretor - Direito de Construir - FUNDURB;.00;.00
2024;2024 | 3 | FUNDO MUNICIPAL DE HABITAO - COHAB | 1 - RECEITAS CORRENTES | 3 - RECEITA PATRIMONIAL | 2 - VALORES MOBILIRIOS | 1 - JUROS E CORREAES MONETRIAS | 05 - JUROS DE TOTULOS DE RENDA | 0 - JUROS DE TOTULOS DE RENDA | 1 - PRINCIPAL | 01 - FUNDOS DE INVESTIMENTOS E APLICAAES EM COTAS - RENDA FIXA | 09 - TESOURO MUNICIPAL - RECURSOS VINCULADOS | 023 - FUNDO MUNICIPAL DE HABITACO - COHAB | 001 - OUTORGA ONEROSA LEI 13.558/2003 ALTERADA PELA LEI 13.876/2004 | 11 - INTEGRAL | 01 - TOTAL | 000 - TOTAL | 3293.00 | .00;2024;3;Fundo Municipal de HabitaÆo - COHAB;1 - RECEITAS CORRENTES;3 - RECEITA PATRIMONIAL;2 - VALORES MOBILIµRIOS;1 - JUROS E CORREåES MONETµRIAS;05 - JUROS DE TÖTULOS DE RENDA;0 - JUROS DE TÖTULOS DE RENDA;1 - Principal;01 - FUNDOS DE INVESTIMENTOS E APLICAåES EM COTAS - RENDA FIXA;09 - TESOURO MUNICIPAL - RECURSOS VINCULADOS;023 - FUNDO MUNICIPAL DE HABITAÇO - COHAB;001 - OUTORGA ONEROSA LEI 13.558/2003 ALTERADA PELA LEI 13.876/2004;11 - Integral;01 - Total;000 - Total;3293.00;.00
2024;2024 | 3 | FUNDO MUNICIPAL DE HABITAO - COHAB | 2 - RECEITAS DE CAPITAL | 9 - OUTRAS RECEITAS DE CAPITAL | 9 - DEMAIS RECEITAS DE CAPITAL | 9 - DEMAIS RECEITAS DE CAPITAL | 99 - OUTRAS RECEITAS DE CAPITAL | 0 - OUTRAS RECEITAS DE CAPITAL | 1 - PRINCIPAL | 01 - DEMAIS RECEITAS DE CAPITAL - PRINCIPAL | 12 - OUTORGA ONEROSA - LEI DE ANISTIA | 000 - OUTORGA ONEROSA - LEI DE ANISTIA | 000 - OUTORGA ONEROSA - LEI DE ANISTIA | 11 - INTEGRAL | 01 - TOTAL | 000 - TOTAL | 720000.00 | .00;2024;3;Fundo Municipal de HabitaÆo - COHAB;2 - RECEITAS DE CAPITAL;9 - OUTRAS RECEITAS DE CAPITAL;9 - DEMAIS RECEITAS DE CAPITAL;9 - DEMAIS RECEITAS DE CAPITAL;99 - OUTRAS RECEITAS DE CAPITAL;0 - OUTRAS RECEITAS DE CAPITAL;1 - Principal;01 - DEMAIS RECEITAS DE CAPITAL - PRINCIPAL;12 - OUTORGA ONEROSA - LEI DE ANISTIA;000 - OUTORGA ONEROSA - LEI DE ANISTIA;000 - OUTORGA ONEROSA - LEI DE ANISTIA;11 - Integral;01 - Total;000 - Total;720000.00;.00
2024;2024 | 3 | PREFEITURA DO MUNICOPIO DE SCO PAULO | 1 - RECEITAS CORRENTES | 3 - RECEITA PATRIMONIAL | 2 - VALORES MOBILIRIOS | 1 - JUROS E CORREAES MONETRIAS | 05 - JUROS DE TOTULOS DE RENDA | 0 - JUROS DE TOTULOS DE RENDA | 1 - PRINCIPAL | 01 - FUNDOS DE INVESTIMENTOS E APLICAAES EM COTAS - RENDA FIXA | 09 - TESOURO MUNICIPAL - RECURSOS VINCULADOS | 032 - SECRETARIA MUNICIPAL DE URBANISMO E LICENCIAMENTO | 009 - OPERACO URBANA FARIA LIMA - OUTORGA HIS | 11 - INTEGRAL | 01 - TOTAL | 000 - TOTAL | 3840000.00 | 352680.48;2024;3;PREFEITURA DO MUNICÖPIO DE SÇO PAULO;1 - RECEITAS CORRENTES;3 - RECEITA PATRIMONIAL;2 - VALORES MOBILIµRIOS;1 - JUROS E CORREåES MONETµRIAS;05 - JUROS DE TÖTULOS DE RENDA;0 - JUROS DE TÖTULOS DE RENDA;1 - Principal;01 - FUNDOS DE INVESTIMENTOS E APLICAåES EM COTAS - RENDA FIXA;09 - TESOURO MUNICIPAL - RECURSOS VINCULADOS;032 - SECRETARIA MUNICIPAL DE URBANISMO E LICENCIAMENTO;009 - OPERAÇO URBANA FARIA LIMA - OUTORGA HIS;11 - Integral;01 - Total;000 - Total;3840000.00;352680.48
2024;2024 | 3 | PREFEITURA DO MUNICOPIO DE SCO PAULO | 1 - RECEITAS CORRENTES | 3 - RECEITA PATRIMONIAL | 2 - VALORES MOBILIRIOS | 1 - JUROS E CORREAES MONETRIAS | 05 - JUROS DE TOTULOS DE RENDA | 0 - JUROS DE TOTULOS DE RENDA | 1 - PRINCIPAL | 01 - FUNDOS DE INVESTIMENTOS E APLICAAES EM COTAS - RENDA FIXA | 09 - TESOURO MUNICIPAL - RECURSOS VINCULADOS | 032 - SECRETARIA MUNICIPAL DE URBANISMO E LICENCIAMENTO | 011 - OPERACO URBANA FARIA LIMA - OUTORGA | 11 - INTEGRAL | 01 - TOTAL | 000 - TOTAL | 9600000.00 | 941288.47;2024;3;PREFEITURA DO MUNICÖPIO DE SÇO PAULO;1 - RECEITAS CORRENTES;3 - RECEITA PATRIMONIAL;2 - VALORES MOBILIµRIOS;1 - JUROS E CORREåES MONETµRIAS;05 - JUROS DE TÖTULOS DE RENDA;0 - JUROS DE TÖTULOS DE RENDA;1 - Principal;01 - FUNDOS DE INVESTIMENTOS E APLICAåES EM COTAS - RENDA FIXA;09 - TESOURO MUNICIPAL - RECURSOS VINCULADOS;032 - SECRETARIA MUNICIPAL DE URBANISMO E LICENCIAMENTO;011 - OPERAÇO URBANA FARIA LIMA - OUTORGA;11 - Integral;01 - Total;000 - Total;9600000.00;941288.47
2024;2024 | 3 | PREFEITURA DO MUNICOPIO DE SCO PAULO | 1 - RECEITAS CORRENTES | 3 - RECEITA PATRIMONIAL | 2 - VALORES MOBILIRIOS | 1 - JUROS E CORREAES MONETRIAS | 05 - JUROS DE TOTULOS DE RENDA | 0 - JUROS DE TOTULOS DE RENDA | 1 - PRINCIPAL | 01 - FUNDOS DE INVESTIMENTOS E APLICAAES EM COTAS - RENDA FIXA | 09 - TESOURO MUNICIPAL - RECURSOS VINCULADOS | 032 - SECRETARIA MUNICIPAL DE URBANISMO E LICENCIAMENTO | 013 - FUNDO ESPECIAL OPERACO URBANA GUA BRANCA - FEAB - OUTORGA | 11 - INTEGRAL | 01 - TOTAL | 000 - TOTAL | 73598400.00 | 7413778.17;2024;3;PREFEITURA DO MUNICÖPIO DE SÇO PAULO;1 - RECEITAS CORRENTES;3 - RECEITA PATRIMONIAL;2 - VALORES MOBILIµRIOS;1 - JUROS E CORREåES MONETµRIAS;05 - JUROS DE TÖTULOS DE RENDA;0 - JUROS DE TÖTULOS DE RENDA;1 - Principal;01 - FUNDOS DE INVESTIMENTOS E APLICAåES EM COTAS - RENDA FIXA;09 - TESOURO MUNICIPAL - RECURSOS VINCULADOS;032 - SECRETARIA MUNICIPAL DE URBANISMO E LICENCIAMENTO;013 - FUNDO ESPECIAL OPERAÇO URBANA µGUA BRANCA - FEAB - OUTORGA;11 - Integral;01 - Total;000 - Total;73598400.00;7413778.17
2024;2024 | 3 | PREFEITURA DO MUNICOPIO DE SCO PAULO | 1 - RECEITAS CORRENTES | 3 - RECEITA PATRIMONIAL | 2 - VALORES MOBILIRIOS | 1 - JUROS E CORREAES MONETRIAS | 05 - JUROS DE TOTULOS DE RENDA | 0 - JUROS DE TOTULOS DE RENDA | 1 - PRINCIPAL | 01 - FUNDOS DE INVESTIMENTOS E APLICAAES EM COTAS - RENDA FIXA | 09 - TESOURO MUNICIPAL - RECURSOS VINCULADOS | 032 - SECRETARIA MUNICIPAL DE URBANISMO E LICENCIAMENTO | 014 - FUNDO ESPECIAL OPERACO URBANA GUA BRANCA - FEAB - OUTORGA - HIS | 11 - INTEGRAL | 01 - TOTAL | 000 - TOTAL | 26400.00 | 2647.30;2024;3;PREFEITURA DO MUNICÖPIO DE SÇO PAULO;1 - RECEITAS CORRENTES;3 - RECEITA PATRIMONIAL;2 - VALORES MOBILIµRIOS;1 - JUROS E CORREåES MONETµRIAS;05 - JUROS DE TÖTULOS DE RENDA;0 - JUROS DE TÖTULOS DE RENDA;1 - Principal;01 - FUNDOS DE INVESTIMENTOS E APLICAåES EM COTAS - RENDA FIXA;09 - TESOURO MUNICIPAL - RECURSOS VINCULADOS;032 - SECRETARIA MUNICIPAL DE URBANISMO E LICENCIAMENTO;014 - FUNDO ESPECIAL OPERAÇO URBANA µGUA BRANCA - FEAB - OUTORGA - HIS;11 - Integral;01 - Total;000 - Total;26400.00;2647.30
2024;2024 | 3 | PREFEITURA DO MUNICOPIO DE SCO PAULO | 1 - RECEITAS CORRENTES | 3 - RECEITA PATRIMONIAL | 3 - DELEGACO DE SERVIOS PEBLICOS MEDIANTE CONCESSCO PERMISSCO AUTORIZACO OU LICENA | 9 - DEMAIS DELEGAAES DE SERVIOS PEBLICOS | 99 - OUTRAS DELEGAAES DE SERVIOS PEBLICOS | 0 - OUTRAS DELEGAAES DE SERVIOS PEBLICOS | 1 - PRINCIPAL | 01 - OUTORGAS PROVENIENTES DE CONCESSAES - FMD | 00 - OUTORGAS PROVENIENTES DE CONCESSAES - FMD | 000 - OUTORGAS PROVENIENTES DE CONCESSAES - FMD | 000 - OUTORGAS PROVENIENTES DE CONCESSAES - FMD | 11 - INTEGRAL | 01 - TOTAL | 000 - TOTAL | 149581358.00 | 8536295.89;2024;3;PREFEITURA DO MUNICÖPIO DE SÇO PAULO;1 - RECEITAS CORRENTES;3 - RECEITA PATRIMONIAL;3 - DELEGAÇO DE SERVIOS PéBLICOS MEDIANTE CONCESSÇO PERMISSÇO AUTORIZAÇO OU LICENA;9 - DEMAIS DELEGAåES DE SERVIOS PéBLICOS;99 - OUTRAS DELEGAåES DE SERVIOS PéBLICOS;0 - OUTRAS DELEGAåES DE SERVIOS PéBLICOS;1 - Principal;01 - OUTORGAS PROVENIENTES DE CONCESSåES - FMD;00 - OUTORGAS PROVENIENTES DE CONCESSåES - FMD;000 - OUTORGAS PROVENIENTES DE CONCESSåES - FMD;000 - OUTORGAS PROVENIENTES DE CONCESSåES - FMD;11 - Integral;01 - Total;000 - Total;149581358.00;8536295.89
2024;2024 | 3 | PREFEITURA DO MUNICOPIO DE SCO PAULO | 1 - RECEITAS CORRENTES | 9 - OUTRAS RECEITAS CORRENTES | 4 - MULTAS E JUROS DE MORA DAS RECEITAS DE CAPITAL | 9 - MULTAS E JUROS DE MORA DE OUTRAS RECEITAS DE CAPITAL | 99 - MULTAS E JUROS DE OUTRAS RECEITAS DE CAPITAL | 0 - MULTAS E JUROS DE OUTRAS RECEITAS DE CAPITAL | 2 - MULTA | 76 - OUTORGA ONEROSA - PLANO DIRETOR - DIREITO DE CONSTRUIR - FUNDURB - MULTAS E JUROS | 00 - OUTORGA ONEROSA - PLANO DIRETOR - DIREITO DE CONSTRUIR - FUNDURB - MULTAS E JUROS | 000 - OUTORGA ONEROSA - PLANO DIRETOR - DIREITO DE CONSTRUIR - FUNDURB - MULTAS E JUROS | 000 - OUTORGA ONEROSA - PLANO DIRETOR - DIREITO DE CONSTRUIR - FUNDURB - MULTAS E JUROS | 11 - INTEGRAL | 01 - TOTAL | 000 - TOTAL | 1755.00 | 274.89;2024;3;PREFEITURA DO MUNICÖPIO DE SÇO PAULO;1 - RECEITAS CORRENTES;9 - OUTRAS RECEITAS CORRENTES;4 - MULTAS E JUROS DE MORA DAS RECEITAS DE CAPITAL;9 - MULTAS E JUROS DE MORA DE OUTRAS RECEITAS DE CAPITAL;99 - MULTAS E JUROS DE OUTRAS RECEITAS DE CAPITAL;0 - MULTAS E JUROS DE OUTRAS RECEITAS DE CAPITAL;2 - Multa;76 - OUTORGA ONEROSA - PLANO DIRETOR - DIREITO DE CONSTRUIR - FUNDURB - MULTAS E JUROS;00 - OUTORGA ONEROSA - PLANO DIRETOR - DIREITO DE CONSTRUIR - FUNDURB - MULTAS E JUROS;000 - OUTORGA ONEROSA - PLANO DIRETOR - DIREITO DE CONSTRUIR - FUNDURB - MULTAS E JUROS;000 - OUTORGA ONEROSA - PLANO DIRETOR - DIREITO DE CONSTRUIR - FUNDURB - MULTAS E JUROS;11 - Integral;01 - Total;000 - Total;1755.00;274.89
2024;2024 | 3 | PREFEITURA DO MUNICOPIO DE SCO PAULO | 2 - RECEITAS DE CAPITAL | 9 - OUTRAS RECEITAS DE CAPITAL | 9 - DEMAIS RECEITAS DE CAPITAL | 9 - DEMAIS RECEITAS DE CAPITAL | 99 - OUTRAS RECEITAS DE CAPITAL | 0 - OUTRAS RECEITAS DE CAPITAL | 1 - PRINCIPAL | 01 - DEMAIS RECEITAS DE CAPITAL - PRINCIPAL | 09 - OUTORGA ONEROSA COTA SOLIDARIEDADE - FUNDURB | 000 - OUTORGA ONEROSA COTA SOLIDARIEDADE - FUNDURB | 000 - OUTORGA ONEROSA COTA SOLIDARIEDADE - FUNDURB | 11 - INTEGRAL | 01 - TOTAL | 000 - TOTAL | 21606266.00 | 4161446.59;2024;3;PREFEITURA DO MUNICÖPIO DE SÇO PAULO;2 - RECEITAS DE CAPITAL;9 - OUTRAS RECEITAS DE CAPITAL;9 - DEMAIS RECEITAS DE CAPITAL;9 - DEMAIS RECEITAS DE CAPITAL;99 - OUTRAS RECEITAS DE CAPITAL;0 - OUTRAS RECEITAS DE CAPITAL;1 - Principal;01 - DEMAIS RECEITAS DE CAPITAL - PRINCIPAL;09 - OUTORGA ONEROSA COTA SOLIDARIEDADE - FUNDURB;000 - OUTORGA ONEROSA COTA SOLIDARIEDADE - FUNDURB;000 - OUTORGA ONEROSA COTA SOLIDARIEDADE - FUNDURB;11 - Integral;01 - Total;000 - Total;21606266.00;4161446.59
2024;2024 | 3 | PREFEITURA DO MUNICOPIO DE SCO PAULO | 2 - RECEITAS DE CAPITAL | 9 - OUTRAS RECEITAS DE CAPITAL | 9 - DEMAIS RECEITAS DE CAPITAL | 9 - DEMAIS RECEITAS DE CAPITAL | 99 - OUTRAS RECEITAS DE CAPITAL | 0 - OUTRAS RECEITAS DE CAPITAL | 1 - PRINCIPAL | 01 - DEMAIS RECEITAS DE CAPITAL - PRINCIPAL | 11 - OUTORGA ONEROSA - PLANO DIRETOR - DIREITO DE CONSTRUIR - FUNDURB | 000 - OUTORGA ONEROSA - PLANO DIRETOR - DIREITO DE CONSTRUIR - FUNDURB | 000 - OUTORGA ONEROSA - PLANO DIRETOR - DIREITO DE CONSTRUIR - FUNDURB | 11 - INTEGRAL | 01 - TOTAL | 000 - TOTAL | 1118194927.00 | 63070895.74;2024;3;PREFEITURA DO MUNICÖPIO DE SÇO PAULO;2 - RECEITAS DE CAPITAL;9 - OUTRAS RECEITAS DE CAPITAL;9 - DEMAIS RECEITAS DE CAPITAL;9 - DEMAIS RECEITAS DE CAPITAL;99 - OUTRAS RECEITAS DE CAPITAL;0 - OUTRAS RECEITAS DE CAPITAL;1 - Principal;01 - DEMAIS RECEITAS DE CAPITAL - PRINCIPAL;11 - OUTORGA ONEROSA - PLANO DIRETOR - DIREITO DE CONSTRUIR - FUNDURB;000 - OUTORGA ONEROSA - PLANO DIRETOR - DIREITO DE CONSTRUIR - FUNDURB;000 - OUTORGA ONEROSA - PLANO DIRETOR - DIREITO DE CONSTRUIR - FUNDURB;11 - Integral;01 - Total;000 - Total;1118194927.00;63070895.74
2024;2024 | 3 | PREFEITURA DO MUNICOPIO DE SCO PAULO | 2 - RECEITAS DE CAPITAL | 9 - OUTRAS RECEITAS DE CAPITAL | 9 - DEMAIS RECEITAS DE CAPITAL | 9 - DEMAIS RECEITAS DE CAPITAL | 99 - OUTRAS RECEITAS DE CAPITAL | 0 - OUTRAS RECEITAS DE CAPITAL | 1 - PRINCIPAL | 01 - DEMAIS RECEITAS DE CAPITAL - PRINCIPAL | 11 - OUTORGA ONEROSA - PLANO DIRETOR - DIREITO DE CONSTRUIR - FUNDURB | 000 - OUTORGA ONEROSA - PLANO DIRETOR - DIREITO DE CONSTRUIR - FUNDURB | 000 - OUTORGA ONEROSA - PLANO DIRETOR - DIREITO DE CONSTRUIR - FUNDURB | 11 - INTEGRAL | 09 - DEDUTORA | 001 - DEDUAES OUTORGA ONEROSA - PLANO DIRETOR - DIREITO DE CONSTRUIR - FUNDURB | .00 | .00;2024;3;PREFEITURA DO MUNICÖPIO DE SÇO PAULO;2 - RECEITAS DE CAPITAL;9 - OUTRAS RECEITAS DE CAPITAL;9 - DEMAIS RECEITAS DE CAPITAL;9 - DEMAIS RECEITAS DE CAPITAL;99 - OUTRAS RECEITAS DE CAPITAL;0 - OUTRAS RECEITAS DE CAPITAL;1 - Principal;01 - DEMAIS RECEITAS DE CAPITAL - PRINCIPAL;11 - OUTORGA ONEROSA - PLANO DIRETOR - DIREITO DE CONSTRUIR - FUNDURB;000 - OUTORGA ONEROSA - PLANO DIRETOR - DIREITO DE CONSTRUIR - FUNDURB;000 - OUTORGA ONEROSA - PLANO DIRETOR - DIREITO DE CONSTRUIR - FUNDURB;11 - Integral;09 - Dedutora;001 - Deduäes Outorga Onerosa - Plano Diretor - Direito de Construir - FUNDURB;.00;.00
2024;2024 | 4 | FUNDO MUNICIPAL DE HABITAO - COHAB | 1 - RECEITAS CORRENTES | 3 - RECEITA PATRIMONIAL | 2 - VALORES MOBILIRIOS | 1 - JUROS E CORREAES MONETRIAS | 05 - JUROS DE TOTULOS DE RENDA | 0 - JUROS DE TOTULOS DE RENDA | 1 - PRINCIPAL | 01 - FUNDOS DE INVESTIMENTOS E APLICAAES EM COTAS - RENDA FIXA | 09 - TESOURO MUNICIPAL - RECURSOS VINCULADOS | 023 - FUNDO MUNICIPAL DE HABITACO - COHAB | 001 - OUTORGA ONEROSA LEI 13.558/2003 ALTERADA PELA LEI 13.876/2004 | 11 - INTEGRAL | 01 - TOTAL | 000 - TOTAL | 3293.00 | .00;2024;4;Fundo Municipal de HabitaÆo - COHAB;1 - RECEITAS CORRENTES;3 - RECEITA PATRIMONIAL;2 - VALORES MOBILIµRIOS;1 - JUROS E CORREåES MONETµRIAS;05 - JUROS DE TÖTULOS DE RENDA;0 - JUROS DE TÖTULOS DE RENDA;1 - Principal;01 - FUNDOS DE INVESTIMENTOS E APLICAåES EM COTAS - RENDA FIXA;09 - TESOURO MUNICIPAL - RECURSOS VINCULADOS;023 - FUNDO MUNICIPAL DE HABITAÇO - COHAB;001 - OUTORGA ONEROSA LEI 13.558/2003 ALTERADA PELA LEI 13.876/2004;11 - Integral;01 - Total;000 - Total;3293.00;.00
2024;2024 | 4 | FUNDO MUNICIPAL DE HABITAO - COHAB | 2 - RECEITAS DE CAPITAL | 9 - OUTRAS RECEITAS DE CAPITAL | 9 - DEMAIS RECEITAS DE CAPITAL | 9 - DEMAIS RECEITAS DE CAPITAL | 99 - OUTRAS RECEITAS DE CAPITAL | 0 - OUTRAS RECEITAS DE CAPITAL | 1 - PRINCIPAL | 01 - DEMAIS RECEITAS DE CAPITAL - PRINCIPAL | 12 - OUTORGA ONEROSA - LEI DE ANISTIA | 000 - OUTORGA ONEROSA - LEI DE ANISTIA | 000 - OUTORGA ONEROSA - LEI DE ANISTIA | 11 - INTEGRAL | 01 - TOTAL | 000 - TOTAL | 720000.00 | 28407.68;2024;4;Fundo Municipal de HabitaÆo - COHAB;2 - RECEITAS DE CAPITAL;9 - OUTRAS RECEITAS DE CAPITAL;9 - DEMAIS RECEITAS DE CAPITAL;9 - DEMAIS RECEITAS DE CAPITAL;99 - OUTRAS RECEITAS DE CAPITAL;0 - OUTRAS RECEITAS DE CAPITAL;1 - Principal;01 - DEMAIS RECEITAS DE CAPITAL - PRINCIPAL;12 - OUTORGA ONEROSA - LEI DE ANISTIA;000 - OUTORGA ONEROSA - LEI DE ANISTIA;000 - OUTORGA ONEROSA - LEI DE ANISTIA;11 - Integral;01 - Total;000 - Total;720000.00;28407.68
2024;2024 | 4 | PREFEITURA DO MUNICOPIO DE SCO PAULO | 1 - RECEITAS CORRENTES | 3 - RECEITA PATRIMONIAL | 2 - VALORES MOBILIRIOS | 1 - JUROS E CORREAES MONETRIAS | 05 - JUROS DE TOTULOS DE RENDA | 0 - JUROS DE TOTULOS DE RENDA | 1 - PRINCIPAL | 01 - FUNDOS DE INVESTIMENTOS E APLICAAES EM COTAS - RENDA FIXA | 09 - TESOURO MUNICIPAL - RECURSOS VINCULADOS | 032 - SECRETARIA MUNICIPAL DE URBANISMO E LICENCIAMENTO | 009 - OPERACO URBANA FARIA LIMA - OUTORGA HIS | 11 - INTEGRAL | 01 - TOTAL | 000 - TOTAL | 3840000.00 | 371592.43;2024;4;PREFEITURA DO MUNICÖPIO DE SÇO PAULO;1 - RECEITAS CORRENTES;3 - RECEITA PATRIMONIAL;2 - VALORES MOBILIµRIOS;1 - JUROS E CORREåES MONETµRIAS;05 - JUROS DE TÖTULOS DE RENDA;0 - JUROS DE TÖTULOS DE RENDA;1 - Principal;01 - FUNDOS DE INVESTIMENTOS E APLICAåES EM COTAS - RENDA FIXA;09 - TESOURO MUNICIPAL - RECURSOS VINCULADOS;032 - SECRETARIA MUNICIPAL DE URBANISMO E LICENCIAMENTO;009 - OPERAÇO URBANA FARIA LIMA - OUTORGA HIS;11 - Integral;01 - Total;000 - Total;3840000.00;371592.43
2024;2024 | 4 | PREFEITURA DO MUNICOPIO DE SCO PAULO | 1 - RECEITAS CORRENTES | 3 - RECEITA PATRIMONIAL | 2 - VALORES MOBILIRIOS | 1 - JUROS E CORREAES MONETRIAS | 05 - JUROS DE TOTULOS DE RENDA | 0 - JUROS DE TOTULOS DE RENDA | 1 - PRINCIPAL | 01 - FUNDOS DE INVESTIMENTOS E APLICAAES EM COTAS - RENDA FIXA | 09 - TESOURO MUNICIPAL - RECURSOS VINCULADOS | 032 - SECRETARIA MUNICIPAL DE URBANISMO E LICENCIAMENTO | 011 - OPERACO URBANA FARIA LIMA - OUTORGA | 11 - INTEGRAL | 01 - TOTAL | 000 - TOTAL | 9600000.00 | 991785.54;2024;4;PREFEITURA DO MUNICÖPIO DE SÇO PAULO;1 - RECEITAS CORRENTES;3 - RECEITA PATRIMONIAL;2 - VALORES MOBILIµRIOS;1 - JUROS E CORREåES MONETµRIAS;05 - JUROS DE TÖTULOS DE RENDA;0 - JUROS DE TÖTULOS DE RENDA;1 - Principal;01 - FUNDOS DE INVESTIMENTOS E APLICAåES EM COTAS - RENDA FIXA;09 - TESOURO MUNICIPAL - RECURSOS VINCULADOS;032 - SECRETARIA MUNICIPAL DE URBANISMO E LICENCIAMENTO;011 - OPERAÇO URBANA FARIA LIMA - OUTORGA;11 - Integral;01 - Total;000 - Total;9600000.00;991785.54
2024;2024 | 4 | PREFEITURA DO MUNICOPIO DE SCO PAULO | 1 - RECEITAS CORRENTES | 3 - RECEITA PATRIMONIAL | 2 - VALORES MOBILIRIOS | 1 - JUROS E CORREAES MONETRIAS | 05 - JUROS DE TOTULOS DE RENDA | 0 - JUROS DE TOTULOS DE RENDA | 1 - PRINCIPAL | 01 - FUNDOS DE INVESTIMENTOS E APLICAAES EM COTAS - RENDA FIXA | 09 - TESOURO MUNICIPAL - RECURSOS VINCULADOS | 032 - SECRETARIA MUNICIPAL DE URBANISMO E LICENCIAMENTO | 013 - FUNDO ESPECIAL OPERACO URBANA GUA BRANCA - FEAB - OUTORGA | 11 - INTEGRAL | 01 - TOTAL | 000 - TOTAL | 73598400.00 | 7810850.88;2024;4;PREFEITURA DO MUNICÖPIO DE SÇO PAULO;1 - RECEITAS CORRENTES;3 - RECEITA PATRIMONIAL;2 - VALORES MOBILIµRIOS;1 - JUROS E CORREåES MONETµRIAS;05 - JUROS DE TÖTULOS DE RENDA;0 - JUROS DE TÖTULOS DE RENDA;1 - Principal;01 - FUNDOS DE INVESTIMENTOS E APLICAåES EM COTAS - RENDA FIXA;09 - TESOURO MUNICIPAL - RECURSOS VINCULADOS;032 - SECRETARIA MUNICIPAL DE URBANISMO E LICENCIAMENTO;013 - FUNDO ESPECIAL OPERAÇO URBANA µGUA BRANCA - FEAB - OUTORGA;11 - Integral;01 - Total;000 - Total;73598400.00;7810850.88
2024;2024 | 4 | PREFEITURA DO MUNICOPIO DE SCO PAULO | 1 - RECEITAS CORRENTES | 3 - RECEITA PATRIMONIAL | 2 - VALORES MOBILIRIOS | 1 - JUROS E CORREAES MONETRIAS | 05 - JUROS DE TOTULOS DE RENDA | 0 - JUROS DE TOTULOS DE RENDA | 1 - PRINCIPAL | 01 - FUNDOS DE INVESTIMENTOS E APLICAAES EM COTAS - RENDA FIXA | 09 - TESOURO MUNICIPAL - RECURSOS VINCULADOS | 032 - SECRETARIA MUNICIPAL DE URBANISMO E LICENCIAMENTO | 014 - FUNDO ESPECIAL OPERACO URBANA GUA BRANCA - FEAB - OUTORGA - HIS | 11 - INTEGRAL | 01 - TOTAL | 000 - TOTAL | 26400.00 | 2789.26;2024;4;PREFEITURA DO MUNICÖPIO DE SÇO PAULO;1 - RECEITAS CORRENTES;3 - RECEITA PATRIMONIAL;2 - VALORES MOBILIµRIOS;1 - JUROS E CORREåES MONETµRIAS;05 - JUROS DE TÖTULOS DE RENDA;0 - JUROS DE TÖTULOS DE RENDA;1 - Principal;01 - FUNDOS DE INVESTIMENTOS E APLICAåES EM COTAS - RENDA FIXA;09 - TESOURO MUNICIPAL - RECURSOS VINCULADOS;032 - SECRETARIA MUNICIPAL DE URBANISMO E LICENCIAMENTO;014 - FUNDO ESPECIAL OPERAÇO URBANA µGUA BRANCA - FEAB - OUTORGA - HIS;11 - Integral;01 - Total;000 - Total;26400.00;2789.26
2024;2024 | 4 | PREFEITURA DO MUNICOPIO DE SCO PAULO | 1 - RECEITAS CORRENTES | 3 - RECEITA PATRIMONIAL | 3 - DELEGACO DE SERVIOS PEBLICOS MEDIANTE CONCESSCO PERMISSCO AUTORIZACO OU LICENA | 9 - DEMAIS DELEGAAES DE SERVIOS PEBLICOS | 99 - OUTRAS DELEGAAES DE SERVIOS PEBLICOS | 0 - OUTRAS DELEGAAES DE SERVIOS PEBLICOS | 1 - PRINCIPAL | 01 - OUTORGAS PROVENIENTES DE CONCESSAES - FMD | 00 - OUTORGAS PROVENIENTES DE CONCESSAES - FMD | 000 - OUTORGAS PROVENIENTES DE CONCESSAES - FMD | 000 - OUTORGAS PROVENIENTES DE CONCESSAES - FMD | 11 - INTEGRAL | 01 - TOTAL | 000 - TOTAL | 149581358.00 | 12104991.41;2024;4;PREFEITURA DO MUNICÖPIO DE SÇO PAULO;1 - RECEITAS CORRENTES;3 - RECEITA PATRIMONIAL;3 - DELEGAÇO DE SERVIOS PéBLICOS MEDIANTE CONCESSÇO PERMISSÇO AUTORIZAÇO OU LICENA;9 - DEMAIS DELEGAåES DE SERVIOS PéBLICOS;99 - OUTRAS DELEGAåES DE SERVIOS PéBLICOS;0 - OUTRAS DELEGAåES DE SERVIOS PéBLICOS;1 - Principal;01 - OUTORGAS PROVENIENTES DE CONCESSåES - FMD;00 - OUTORGAS PROVENIENTES DE CONCESSåES - FMD;000 - OUTORGAS PROVENIENTES DE CONCESSåES - FMD;000 - OUTORGAS PROVENIENTES DE CONCESSåES - FMD;11 - Integral;01 - Total;000 - Total;149581358.00;12104991.41
2024;2024 | 4 | PREFEITURA DO MUNICOPIO DE SCO PAULO | 1 - RECEITAS CORRENTES | 9 - OUTRAS RECEITAS CORRENTES | 4 - MULTAS E JUROS DE MORA DAS RECEITAS DE CAPITAL | 9 - MULTAS E JUROS DE MORA DE OUTRAS RECEITAS DE CAPITAL | 99 - MULTAS E JUROS DE OUTRAS RECEITAS DE CAPITAL | 0 - MULTAS E JUROS DE OUTRAS RECEITAS DE CAPITAL | 2 - MULTA | 76 - OUTORGA ONEROSA - PLANO DIRETOR - DIREITO DE CONSTRUIR - FUNDURB - MULTAS E JUROS | 00 - OUTORGA ONEROSA - PLANO DIRETOR - DIREITO DE CONSTRUIR - FUNDURB - MULTAS E JUROS | 000 - OUTORGA ONEROSA - PLANO DIRETOR - DIREITO DE CONSTRUIR - FUNDURB - MULTAS E JUROS | 000 - OUTORGA ONEROSA - PLANO DIRETOR - DIREITO DE CONSTRUIR - FUNDURB - MULTAS E JUROS | 11 - INTEGRAL | 01 - TOTAL | 000 - TOTAL | 1755.00 | .00;2024;4;PREFEITURA DO MUNICÖPIO DE SÇO PAULO;1 - RECEITAS CORRENTES;9 - OUTRAS RECEITAS CORRENTES;4 - MULTAS E JUROS DE MORA DAS RECEITAS DE CAPITAL;9 - MULTAS E JUROS DE MORA DE OUTRAS RECEITAS DE CAPITAL;99 - MULTAS E JUROS DE OUTRAS RECEITAS DE CAPITAL;0 - MULTAS E JUROS DE OUTRAS RECEITAS DE CAPITAL;2 - Multa;76 - OUTORGA ONEROSA - PLANO DIRETOR - DIREITO DE CONSTRUIR - FUNDURB - MULTAS E JUROS;00 - OUTORGA ONEROSA - PLANO DIRETOR - DIREITO DE CONSTRUIR - FUNDURB - MULTAS E JUROS;000 - OUTORGA ONEROSA - PLANO DIRETOR - DIREITO DE CONSTRUIR - FUNDURB - MULTAS E JUROS;000 - OUTORGA ONEROSA - PLANO DIRETOR - DIREITO DE CONSTRUIR - FUNDURB - MULTAS E JUROS;11 - Integral;01 - Total;000 - Total;1755.00;.00
2024;2024 | 4 | PREFEITURA DO MUNICOPIO DE SCO PAULO | 2 - RECEITAS DE CAPITAL | 9 - OUTRAS RECEITAS DE CAPITAL | 9 - DEMAIS RECEITAS DE CAPITAL | 9 - DEMAIS RECEITAS DE CAPITAL | 99 - OUTRAS RECEITAS DE CAPITAL | 0 - OUTRAS RECEITAS DE CAPITAL | 1 - PRINCIPAL | 01 - DEMAIS RECEITAS DE CAPITAL - PRINCIPAL | 09 - OUTORGA ONEROSA COTA SOLIDARIEDADE - FUNDURB | 000 - OUTORGA ONEROSA COTA SOLIDARIEDADE - FUNDURB | 000 - OUTORGA ONEROSA COTA SOLIDARIEDADE - FUNDURB | 11 - INTEGRAL | 01 - TOTAL | 000 - TOTAL | 21606266.00 | 2148706.41;2024;4;PREFEITURA DO MUNICÖPIO DE SÇO PAULO;2 - RECEITAS DE CAPITAL;9 - OUTRAS RECEITAS DE CAPITAL;9 - DEMAIS RECEITAS DE CAPITAL;9 - DEMAIS RECEITAS DE CAPITAL;99 - OUTRAS RECEITAS DE CAPITAL;0 - OUTRAS RECEITAS DE CAPITAL;1 - Principal;01 - DEMAIS RECEITAS DE CAPITAL - PRINCIPAL;09 - OUTORGA ONEROSA COTA SOLIDARIEDADE - FUNDURB;000 - OUTORGA ONEROSA COTA SOLIDARIEDADE - FUNDURB;000 - OUTORGA ONEROSA COTA SOLIDARIEDADE - FUNDURB;11 - Integral;01 - Total;000 - Total;21606266.00;2148706.41
2024;2024 | 4 | PREFEITURA DO MUNICOPIO DE SCO PAULO | 2 - RECEITAS DE CAPITAL | 9 - OUTRAS RECEITAS DE CAPITAL | 9 - DEMAIS RECEITAS DE CAPITAL | 9 - DEMAIS RECEITAS DE CAPITAL | 99 - OUTRAS RECEITAS DE CAPITAL | 0 - OUTRAS RECEITAS DE CAPITAL | 1 - PRINCIPAL | 01 - DEMAIS RECEITAS DE CAPITAL - PRINCIPAL | 11 - OUTORGA ONEROSA - PLANO DIRETOR - DIREITO DE CONSTRUIR - FUNDURB | 000 - OUTORGA ONEROSA - PLANO DIRETOR - DIREITO DE CONSTRUIR - FUNDURB | 000 - OUTORGA ONEROSA - PLANO DIRETOR - DIREITO DE CONSTRUIR - FUNDURB | 11 - INTEGRAL | 01 - TOTAL | 000 - TOTAL | 1118194927.00 | 75786180.55;2024;4;PREFEITURA DO MUNICÖPIO DE SÇO PAULO;2 - RECEITAS DE CAPITAL;9 - OUTRAS RECEITAS DE CAPITAL;9 - DEMAIS RECEITAS DE CAPITAL;9 - DEMAIS RECEITAS DE CAPITAL;99 - OUTRAS RECEITAS DE CAPITAL;0 - OUTRAS RECEITAS DE CAPITAL;1 - Principal;01 - DEMAIS RECEITAS DE CAPITAL - PRINCIPAL;11 - OUTORGA ONEROSA - PLANO DIRETOR - DIREITO DE CONSTRUIR - FUNDURB;000 - OUTORGA ONEROSA - PLANO DIRETOR - DIREITO DE CONSTRUIR - FUNDURB;000 - OUTORGA ONEROSA - PLANO DIRETOR - DIREITO DE CONSTRUIR - FUNDURB;11 - Integral;01 - Total;000 - Total;1118194927.00;75786180.55
2024;2024 | 4 | PREFEITURA DO MUNICOPIO DE SCO PAULO | 2 - RECEITAS DE CAPITAL | 9 - OUTRAS RECEITAS DE CAPITAL | 9 - DEMAIS RECEITAS DE CAPITAL | 9 - DEMAIS RECEITAS DE CAPITAL | 99 - OUTRAS RECEITAS DE CAPITAL | 0 - OUTRAS RECEITAS DE CAPITAL | 1 - PRINCIPAL | 01 - DEMAIS RECEITAS DE CAPITAL - PRINCIPAL | 11 - OUTORGA ONEROSA - PLANO DIRETOR - DIREITO DE CONSTRUIR - FUNDURB | 000 - OUTORGA ONEROSA - PLANO DIRETOR - DIREITO DE CONSTRUIR - FUNDURB | 000 - OUTORGA ONEROSA - PLANO DIRETOR - DIREITO DE CONSTRUIR - FUNDURB | 11 - INTEGRAL | 09 - DEDUTORA | 001 - DEDUAES OUTORGA ONEROSA - PLANO DIRETOR - DIREITO DE CONSTRUIR - FUNDURB | .00 | .00;2024;4;PREFEITURA DO MUNICÖPIO DE SÇO PAULO;2 - RECEITAS DE CAPITAL;9 - OUTRAS RECEITAS DE CAPITAL;9 - DEMAIS RECEITAS DE CAPITAL;9 - DEMAIS RECEITAS DE CAPITAL;99 - OUTRAS RECEITAS DE CAPITAL;0 - OUTRAS RECEITAS DE CAPITAL;1 - Principal;01 - DEMAIS RECEITAS DE CAPITAL - PRINCIPAL;11 - OUTORGA ONEROSA - PLANO DIRETOR - DIREITO DE CONSTRUIR - FUNDURB;000 - OUTORGA ONEROSA - PLANO DIRETOR - DIREITO DE CONSTRUIR - FUNDURB;000 - OUTORGA ONEROSA - PLANO DIRETOR - DIREITO DE CONSTRUIR - FUNDURB;11 - Integral;09 - Dedutora;001 - Deduäes Outorga Onerosa - Plano Diretor - Direito de Construir - FUNDURB;.00;.00
2024;2024 | 5 | FUNDO MUNICIPAL DE HABITAO - COHAB | 1 - RECEITAS CORRENTES | 3 - RECEITA PATRIMONIAL | 2 - VALORES MOBILIRIOS | 1 - JUROS E CORREAES MONETRIAS | 05 - JUROS DE TOTULOS DE RENDA | 0 - JUROS DE TOTULOS DE RENDA | 1 - PRINCIPAL | 01 - FUNDOS DE INVESTIMENTOS E APLICAAES EM COTAS - RENDA FIXA | 09 - TESOURO MUNICIPAL - RECURSOS VINCULADOS | 023 - FUNDO MUNICIPAL DE HABITACO - COHAB | 001 - OUTORGA ONEROSA LEI 13.558/2003 ALTERADA PELA LEI 13.876/2004 | 11 - INTEGRAL | 01 - TOTAL | 000 - TOTAL | 3293.00 | .00;2024;5;Fundo Municipal de HabitaÆo - COHAB;1 - RECEITAS CORRENTES;3 - RECEITA PATRIMONIAL;2 - VALORES MOBILIµRIOS;1 - JUROS E CORREåES MONETµRIAS;05 - JUROS DE TÖTULOS DE RENDA;0 - JUROS DE TÖTULOS DE RENDA;1 - Principal;01 - FUNDOS DE INVESTIMENTOS E APLICAåES EM COTAS - RENDA FIXA;09 - TESOURO MUNICIPAL - RECURSOS VINCULADOS;023 - FUNDO MUNICIPAL DE HABITAÇO - COHAB;001 - OUTORGA ONEROSA LEI 13.558/2003 ALTERADA PELA LEI 13.876/2004;11 - Integral;01 - Total;000 - Total;3293.00;.00
2024;2024 | 5 | FUNDO MUNICIPAL DE HABITAO - COHAB | 2 - RECEITAS DE CAPITAL | 9 - OUTRAS RECEITAS DE CAPITAL | 9 - DEMAIS RECEITAS DE CAPITAL | 9 - DEMAIS RECEITAS DE CAPITAL | 99 - OUTRAS RECEITAS DE CAPITAL | 0 - OUTRAS RECEITAS DE CAPITAL | 1 - PRINCIPAL | 01 - DEMAIS RECEITAS DE CAPITAL - PRINCIPAL | 12 - OUTORGA ONEROSA - LEI DE ANISTIA | 000 - OUTORGA ONEROSA - LEI DE ANISTIA | 000 - OUTORGA ONEROSA - LEI DE ANISTIA | 11 - INTEGRAL | 01 - TOTAL | 000 - TOTAL | 720000.00 | .00;2024;5;Fundo Municipal de HabitaÆo - COHAB;2 - RECEITAS DE CAPITAL;9 - OUTRAS RECEITAS DE CAPITAL;9 - DEMAIS RECEITAS DE CAPITAL;9 - DEMAIS RECEITAS DE CAPITAL;99 - OUTRAS RECEITAS DE CAPITAL;0 - OUTRAS RECEITAS DE CAPITAL;1 - Principal;01 - DEMAIS RECEITAS DE CAPITAL - PRINCIPAL;12 - OUTORGA ONEROSA - LEI DE ANISTIA;000 - OUTORGA ONEROSA - LEI DE ANISTIA;000 - OUTORGA ONEROSA - LEI DE ANISTIA;11 - Integral;01 - Total;000 - Total;720000.00;.00
2024;2024 | 5 | PREFEITURA DO MUNICOPIO DE SCO PAULO | 1 - RECEITAS CORRENTES | 3 - RECEITA PATRIMONIAL | 2 - VALORES MOBILIRIOS | 1 - JUROS E CORREAES MONETRIAS | 05 - JUROS DE TOTULOS DE RENDA | 0 - JUROS DE TOTULOS DE RENDA | 1 - PRINCIPAL | 01 - FUNDOS DE INVESTIMENTOS E APLICAAES EM COTAS - RENDA FIXA | 09 - TESOURO MUNICIPAL - RECURSOS VINCULADOS | 032 - SECRETARIA MUNICIPAL DE URBANISMO E LICENCIAMENTO | 009 - OPERACO URBANA FARIA LIMA - OUTORGA HIS | 11 - INTEGRAL | 01 - TOTAL | 000 - TOTAL | 3840000.00 | 358747.13;2024;5;PREFEITURA DO MUNICÖPIO DE SÇO PAULO;1 - RECEITAS CORRENTES;3 - RECEITA PATRIMONIAL;2 - VALORES MOBILIµRIOS;1 - JUROS E CORREåES MONETµRIAS;05 - JUROS DE TÖTULOS DE RENDA;0 - JUROS DE TÖTULOS DE RENDA;1 - Principal;01 - FUNDOS DE INVESTIMENTOS E APLICAåES EM COTAS - RENDA FIXA;09 - TESOURO MUNICIPAL - RECURSOS VINCULADOS;032 - SECRETARIA MUNICIPAL DE URBANISMO E LICENCIAMENTO;009 - OPERAÇO URBANA FARIA LIMA - OUTORGA HIS;11 - Integral;01 - Total;000 - Total;3840000.00;358747.13
2024;2024 | 5 | PREFEITURA DO MUNICOPIO DE SCO PAULO | 1 - RECEITAS CORRENTES | 3 - RECEITA PATRIMONIAL | 2 - VALORES MOBILIRIOS | 1 - JUROS E CORREAES MONETRIAS | 05 - JUROS DE TOTULOS DE RENDA | 0 - JUROS DE TOTULOS DE RENDA | 1 - PRINCIPAL | 01 - FUNDOS DE INVESTIMENTOS E APLICAAES EM COTAS - RENDA FIXA | 09 - TESOURO MUNICIPAL - RECURSOS VINCULADOS | 032 - SECRETARIA MUNICIPAL DE URBANISMO E LICENCIAMENTO | 011 - OPERACO URBANA FARIA LIMA - OUTORGA | 11 - INTEGRAL | 01 - TOTAL | 000 - TOTAL | 9600000.00 | 957162.33;2024;5;PREFEITURA DO MUNICÖPIO DE SÇO PAULO;1 - RECEITAS CORRENTES;3 - RECEITA PATRIMONIAL;2 - VALORES MOBILIµRIOS;1 - JUROS E CORREåES MONETµRIAS;05 - JUROS DE TÖTULOS DE RENDA;0 - JUROS DE TÖTULOS DE RENDA;1 - Principal;01 - FUNDOS DE INVESTIMENTOS E APLICAåES EM COTAS - RENDA FIXA;09 - TESOURO MUNICIPAL - RECURSOS VINCULADOS;032 - SECRETARIA MUNICIPAL DE URBANISMO E LICENCIAMENTO;011 - OPERAÇO URBANA FARIA LIMA - OUTORGA;11 - Integral;01 - Total;000 - Total;9600000.00;957162.33
2024;2024 | 5 | PREFEITURA DO MUNICOPIO DE SCO PAULO | 1 - RECEITAS CORRENTES | 3 - RECEITA PATRIMONIAL | 2 - VALORES MOBILIRIOS | 1 - JUROS E CORREAES MONETRIAS | 05 - JUROS DE TOTULOS DE RENDA | 0 - JUROS DE TOTULOS DE RENDA | 1 - PRINCIPAL | 01 - FUNDOS DE INVESTIMENTOS E APLICAAES EM COTAS - RENDA FIXA | 09 - TESOURO MUNICIPAL - RECURSOS VINCULADOS | 032 - SECRETARIA MUNICIPAL DE URBANISMO E LICENCIAMENTO | 013 - FUNDO ESPECIAL OPERACO URBANA GUA BRANCA - FEAB - OUTORGA | 11 - INTEGRAL | 01 - TOTAL | 000 - TOTAL | 73598400.00 | 7536888.56;2024;5;PREFEITURA DO MUNICÖPIO DE SÇO PAULO;1 - RECEITAS CORRENTES;3 - RECEITA PATRIMONIAL;2 - VALORES MOBILIµRIOS;1 - JUROS E CORREåES MONETµRIAS;05 - JUROS DE TÖTULOS DE RENDA;0 - JUROS DE TÖTULOS DE RENDA;1 - Principal;01 - FUNDOS DE INVESTIMENTOS E APLICAåES EM COTAS - RENDA FIXA;09 - TESOURO MUNICIPAL - RECURSOS VINCULADOS;032 - SECRETARIA MUNICIPAL DE URBANISMO E LICENCIAMENTO;013 - FUNDO ESPECIAL OPERAÇO URBANA µGUA BRANCA - FEAB - OUTORGA;11 - Integral;01 - Total;000 - Total;73598400.00;7536888.56
2024;2024 | 5 | PREFEITURA DO MUNICOPIO DE SCO PAULO | 1 - RECEITAS CORRENTES | 3 - RECEITA PATRIMONIAL | 2 - VALORES MOBILIRIOS | 1 - JUROS E CORREAES MONETRIAS | 05 - JUROS DE TOTULOS DE RENDA | 0 - JUROS DE TOTULOS DE RENDA | 1 - PRINCIPAL | 01 - FUNDOS DE INVESTIMENTOS E APLICAAES EM COTAS - RENDA FIXA | 09 - TESOURO MUNICIPAL - RECURSOS VINCULADOS | 032 - SECRETARIA MUNICIPAL DE URBANISMO E LICENCIAMENTO | 014 - FUNDO ESPECIAL OPERACO URBANA GUA BRANCA - FEAB - OUTORGA - HIS | 11 - INTEGRAL | 01 - TOTAL | 000 - TOTAL | 26400.00 | 2691.89;2024;5;PREFEITURA DO MUNICÖPIO DE SÇO PAULO;1 - RECEITAS CORRENTES;3 - RECEITA PATRIMONIAL;2 - VALORES MOBILIµRIOS;1 - JUROS E CORREåES MONETµRIAS;05 - JUROS DE TÖTULOS DE RENDA;0 - JUROS DE TÖTULOS DE RENDA;1 - Principal;01 - FUNDOS DE INVESTIMENTOS E APLICAåES EM COTAS - RENDA FIXA;09 - TESOURO MUNICIPAL - RECURSOS VINCULADOS;032 - SECRETARIA MUNICIPAL DE URBANISMO E LICENCIAMENTO;014 - FUNDO ESPECIAL OPERAÇO URBANA µGUA BRANCA - FEAB - OUTORGA - HIS;11 - Integral;01 - Total;000 - Total;26400.00;2691.89
2024;2024 | 5 | PREFEITURA DO MUNICOPIO DE SCO PAULO | 1 - RECEITAS CORRENTES | 3 - RECEITA PATRIMONIAL | 3 - DELEGACO DE SERVIOS PEBLICOS MEDIANTE CONCESSCO PERMISSCO AUTORIZACO OU LICENA | 9 - DEMAIS DELEGAAES DE SERVIOS PEBLICOS | 99 - OUTRAS DELEGAAES DE SERVIOS PEBLICOS | 0 - OUTRAS DELEGAAES DE SERVIOS PEBLICOS | 1 - PRINCIPAL | 01 - OUTORGAS PROVENIENTES DE CONCESSAES - FMD | 00 - OUTORGAS PROVENIENTES DE CONCESSAES - FMD | 000 - OUTORGAS PROVENIENTES DE CONCESSAES - FMD | 000 - OUTORGAS PROVENIENTES DE CONCESSAES - FMD | 11 - INTEGRAL | 01 - TOTAL | 000 - TOTAL | 149581358.00 | 11403007.22;2024;5;PREFEITURA DO MUNICÖPIO DE SÇO PAULO;1 - RECEITAS CORRENTES;3 - RECEITA PATRIMONIAL;3 - DELEGAÇO DE SERVIOS PéBLICOS MEDIANTE CONCESSÇO PERMISSÇO AUTORIZAÇO OU LICENA;9 - DEMAIS DELEGAåES DE SERVIOS PéBLICOS;99 - OUTRAS DELEGAåES DE SERVIOS PéBLICOS;0 - OUTRAS DELEGAåES DE SERVIOS PéBLICOS;1 - Principal;01 - OUTORGAS PROVENIENTES DE CONCESSåES - FMD;00 - OUTORGAS PROVENIENTES DE CONCESSåES - FMD;000 - OUTORGAS PROVENIENTES DE CONCESSåES - FMD;000 - OUTORGAS PROVENIENTES DE CONCESSåES - FMD;11 - Integral;01 - Total;000 - Total;149581358.00;11403007.22
2024;2024 | 5 | PREFEITURA DO MUNICOPIO DE SCO PAULO | 1 - RECEITAS CORRENTES | 9 - OUTRAS RECEITAS CORRENTES | 4 - MULTAS E JUROS DE MORA DAS RECEITAS DE CAPITAL | 9 - MULTAS E JUROS DE MORA DE OUTRAS RECEITAS DE CAPITAL | 99 - MULTAS E JUROS DE OUTRAS RECEITAS DE CAPITAL | 0 - MULTAS E JUROS DE OUTRAS RECEITAS DE CAPITAL | 2 - MULTA | 76 - OUTORGA ONEROSA - PLANO DIRETOR - DIREITO DE CONSTRUIR - FUNDURB - MULTAS E JUROS | 00 - OUTORGA ONEROSA - PLANO DIRETOR - DIREITO DE CONSTRUIR - FUNDURB - MULTAS E JUROS | 000 - OUTORGA ONEROSA - PLANO DIRETOR - DIREITO DE CONSTRUIR - FUNDURB - MULTAS E JUROS | 000 - OUTORGA ONEROSA - PLANO DIRETOR - DIREITO DE CONSTRUIR - FUNDURB - MULTAS E JUROS | 11 - INTEGRAL | 01 - TOTAL | 000 - TOTAL | 1755.00 | 523.60;2024;5;PREFEITURA DO MUNICÖPIO DE SÇO PAULO;1 - RECEITAS CORRENTES;9 - OUTRAS RECEITAS CORRENTES;4 - MULTAS E JUROS DE MORA DAS RECEITAS DE CAPITAL;9 - MULTAS E JUROS DE MORA DE OUTRAS RECEITAS DE CAPITAL;99 - MULTAS E JUROS DE OUTRAS RECEITAS DE CAPITAL;0 - MULTAS E JUROS DE OUTRAS RECEITAS DE CAPITAL;2 - Multa;76 - OUTORGA ONEROSA - PLANO DIRETOR - DIREITO DE CONSTRUIR - FUNDURB - MULTAS E JUROS;00 - OUTORGA ONEROSA - PLANO DIRETOR - DIREITO DE CONSTRUIR - FUNDURB - MULTAS E JUROS;000 - OUTORGA ONEROSA - PLANO DIRETOR - DIREITO DE CONSTRUIR - FUNDURB - MULTAS E JUROS;000 - OUTORGA ONEROSA - PLANO DIRETOR - DIREITO DE CONSTRUIR - FUNDURB - MULTAS E JUROS;11 - Integral;01 - Total;000 - Total;1755.00;523.60
2024;2024 | 5 | PREFEITURA DO MUNICOPIO DE SCO PAULO | 2 - RECEITAS DE CAPITAL | 9 - OUTRAS RECEITAS DE CAPITAL | 9 - DEMAIS RECEITAS DE CAPITAL | 9 - DEMAIS RECEITAS DE CAPITAL | 99 - OUTRAS RECEITAS DE CAPITAL | 0 - OUTRAS RECEITAS DE CAPITAL | 1 - PRINCIPAL | 01 - DEMAIS RECEITAS DE CAPITAL - PRINCIPAL | 09 - OUTORGA ONEROSA COTA SOLIDARIEDADE - FUNDURB | 000 - OUTORGA ONEROSA COTA SOLIDARIEDADE - FUNDURB | 000 - OUTORGA ONEROSA COTA SOLIDARIEDADE - FUNDURB | 11 - INTEGRAL | 01 - TOTAL | 000 - TOTAL | 21606266.00 | 11927657.90;2024;5;PREFEITURA DO MUNICÖPIO DE SÇO PAULO;2 - RECEITAS DE CAPITAL;9 - OUTRAS RECEITAS DE CAPITAL;9 - DEMAIS RECEITAS DE CAPITAL;9 - DEMAIS RECEITAS DE CAPITAL;99 - OUTRAS RECEITAS DE CAPITAL;0 - OUTRAS RECEITAS DE CAPITAL;1 - Principal;01 - DEMAIS RECEITAS DE CAPITAL - PRINCIPAL;09 - OUTORGA ONEROSA COTA SOLIDARIEDADE - FUNDURB;000 - OUTORGA ONEROSA COTA SOLIDARIEDADE - FUNDURB;000 - OUTORGA ONEROSA COTA SOLIDARIEDADE - FUNDURB;11 - Integral;01 - Total;000 - Total;21606266.00;11927657.90
2024;2024 | 5 | PREFEITURA DO MUNICOPIO DE SCO PAULO | 2 - RECEITAS DE CAPITAL | 9 - OUTRAS RECEITAS DE CAPITAL | 9 - DEMAIS RECEITAS DE CAPITAL | 9 - DEMAIS RECEITAS DE CAPITAL | 99 - OUTRAS RECEITAS DE CAPITAL | 0 - OUTRAS RECEITAS DE CAPITAL | 1 - PRINCIPAL | 01 - DEMAIS RECEITAS DE CAPITAL - PRINCIPAL | 11 - OUTORGA ONEROSA - PLANO DIRETOR - DIREITO DE CONSTRUIR - FUNDURB | 000 - OUTORGA ONEROSA - PLANO DIRETOR - DIREITO DE CONSTRUIR - FUNDURB | 000 - OUTORGA ONEROSA - PLANO DIRETOR - DIREITO DE CONSTRUIR - FUNDURB | 11 - INTEGRAL | 01 - TOTAL | 000 - TOTAL | 1118194927.00 | 50979860.95;2024;5;PREFEITURA DO MUNICÖPIO DE SÇO PAULO;2 - RECEITAS DE CAPITAL;9 - OUTRAS RECEITAS DE CAPITAL;9 - DEMAIS RECEITAS DE CAPITAL;9 - DEMAIS RECEITAS DE CAPITAL;99 - OUTRAS RECEITAS DE CAPITAL;0 - OUTRAS RECEITAS DE CAPITAL;1 - Principal;01 - DEMAIS RECEITAS DE CAPITAL - PRINCIPAL;11 - OUTORGA ONEROSA - PLANO DIRETOR - DIREITO DE CONSTRUIR - FUNDURB;000 - OUTORGA ONEROSA - PLANO DIRETOR - DIREITO DE CONSTRUIR - FUNDURB;000 - OUTORGA ONEROSA - PLANO DIRETOR - DIREITO DE CONSTRUIR - FUNDURB;11 - Integral;01 - Total;000 - Total;1118194927.00;50979860.95
2024;2024 | 5 | PREFEITURA DO MUNICOPIO DE SCO PAULO | 2 - RECEITAS DE CAPITAL | 9 - OUTRAS RECEITAS DE CAPITAL | 9 - DEMAIS RECEITAS DE CAPITAL | 9 - DEMAIS RECEITAS DE CAPITAL | 99 - OUTRAS RECEITAS DE CAPITAL | 0 - OUTRAS RECEITAS DE CAPITAL | 1 - PRINCIPAL | 01 - DEMAIS RECEITAS DE CAPITAL - PRINCIPAL | 11 - OUTORGA ONEROSA - PLANO DIRETOR - DIREITO DE CONSTRUIR - FUNDURB | 000 - OUTORGA ONEROSA - PLANO DIRETOR - DIREITO DE CONSTRUIR - FUNDURB | 000 - OUTORGA ONEROSA - PLANO DIRETOR - DIREITO DE CONSTRUIR - FUNDURB | 11 - INTEGRAL | 09 - DEDUTORA | 001 - DEDUAES OUTORGA ONEROSA - PLANO DIRETOR - DIREITO DE CONSTRUIR - FUNDURB | .00 | -172005.97;2024;5;PREFEITURA DO MUNICÖPIO DE SÇO PAULO;2 - RECEITAS DE CAPITAL;9 - OUTRAS RECEITAS DE CAPITAL;9 - DEMAIS RECEITAS DE CAPITAL;9 - DEMAIS RECEITAS DE CAPITAL;99 - OUTRAS RECEITAS DE CAPITAL;0 - OUTRAS RECEITAS DE CAPITAL;1 - Principal;01 - DEMAIS RECEITAS DE CAPITAL - PRINCIPAL;11 - OUTORGA ONEROSA - PLANO DIRETOR - DIREITO DE CONSTRUIR - FUNDURB;000 - OUTORGA ONEROSA - PLANO DIRETOR - DIREITO DE CONSTRUIR - FUNDURB;000 - OUTORGA ONEROSA - PLANO DIRETOR - DIREITO DE CONSTRUIR - FUNDURB;11 - Integral;09 - Dedutora;001 - Deduäes Outorga Onerosa - Plano Diretor - Direito de Construir - FUNDURB;.00;-172005.97
2024;2024 | 5 | PREFEITURA DO MUNICOPIO DE SCO PAULO | 2 - RECEITAS DE CAPITAL | 9 - OUTRAS RECEITAS DE CAPITAL | 9 - DEMAIS RECEITAS DE CAPITAL | 9 - DEMAIS RECEITAS DE CAPITAL | 99 - OUTRAS RECEITAS DE CAPITAL | 0 - OUTRAS RECEITAS DE CAPITAL | 1 - PRINCIPAL | 01 - DEMAIS RECEITAS DE CAPITAL - PRINCIPAL | 62 - LEVANTAMENTO JUDICIAL - OPERACO URBANA FARIA LIMA - OUTORGA HIS | 000 - LEVANTAMENTO JUDICIAL - OPERACO URBANA FARIA LIMA - OUTORGA HIS | 000 - LEVANTAMENTO JUDICIAL - OPERACO URBANA FARIA LIMA - OUTORGA HIS | 11 - INTEGRAL | 01 - TOTAL | 000 - TOTAL | .00 | 20579.21;2024;5;PREFEITURA DO MUNICÖPIO DE SÇO PAULO;2 - RECEITAS DE CAPITAL;9 - OUTRAS RECEITAS DE CAPITAL;9 - DEMAIS RECEITAS DE CAPITAL;9 - DEMAIS RECEITAS DE CAPITAL;99 - OUTRAS RECEITAS DE CAPITAL;0 - OUTRAS RECEITAS DE CAPITAL;1 - Principal;01 - DEMAIS RECEITAS DE CAPITAL - PRINCIPAL;62 - LEVANTAMENTO JUDICIAL - OPERAÇO URBANA FARIA LIMA - OUTORGA HIS;000 - LEVANTAMENTO JUDICIAL - OPERAÇO URBANA FARIA LIMA - OUTORGA HIS;000 - LEVANTAMENTO JUDICIAL - OPERAÇO URBANA FARIA LIMA - OUTORGA HIS;11 - Integral;01 - Total;000 - Total;.00;20579.21
2024;2024 | 6 | AGONCIA REG. DE SERV. PEBLICOS DE SCO PAULO | 1 - RECEITAS CORRENTES | 9 - OUTRAS RECEITAS CORRENTES | 1 - MULTAS ADMINISTRATIVAS CONTRATUAIS E JUDICIAIS | 1 - MULTAS ADMINISTRATIVAS CONTRATUAIS E JUDICIAIS | 01 - MULTAS PREVISTAS EM LEGISLACO ESPECOFICA | 0 - MULTAS PREVISTAS EM LEGISLACO ESPECOFICA | 1 - PRINCIPAL | 02 - DEMAIS MULTAS PREVISTAS EM LEGISLACO ESPECOFICA | 16 - MULTAS DE POSTURAS MUNICIPAIS - SP REGULA | 000 - MULTAS DE POSTURAS MUNICIPAIS - SP REGULA | 000 - MULTAS DE POSTURAS MUNICIPAIS - SP REGULA | 11 - INTEGRAL | 01 - TOTAL | 000 - TOTAL | .00 | 1040.65;2024;6;AGÒNCIA REG. DE SERV. PéBLICOS DE SÇO PAULO;1 - RECEITAS CORRENTES;9 - OUTRAS RECEITAS CORRENTES;1 - MULTAS ADMINISTRATIVAS CONTRATUAIS E JUDICIAIS;1 - MULTAS ADMINISTRATIVAS CONTRATUAIS E JUDICIAIS;01 - MULTAS PREVISTAS EM LEGISLAÇO ESPECÖFICA;0 - MULTAS PREVISTAS EM LEGISLAÇO ESPECÖFICA;1 - Principal;02 - DEMAIS MULTAS PREVISTAS EM LEGISLAÇO ESPECÖFICA;16 - MULTAS DE POSTURAS MUNICIPAIS - SP REGULA;000 - MULTAS DE POSTURAS MUNICIPAIS - SP REGULA;000 - MULTAS DE POSTURAS MUNICIPAIS - SP REGULA;11 - Integral;01 - Total;000 - Total;.00;1040.65
2024;2024 | 6 | AGONCIA REG. DE SERV. PEBLICOS DE SCO PAULO | 1 - RECEITAS CORRENTES | 9 - OUTRAS RECEITAS CORRENTES | 1 - MULTAS ADMINISTRATIVAS CONTRATUAIS E JUDICIAIS | 1 - MULTAS ADMINISTRATIVAS CONTRATUAIS E JUDICIAIS | 09 - MULTAS E JUROS PREVISTOS EM CONTRATOS | 0 - MULTAS E JUROS PREVISTOS EM CONTRATOS | 1 - PRINCIPAL | 11 - MULTAS E JUROS - CONTRATOS DA ADMINISTRACO INDIRETA - SP-REGULA - SERVIOS FUNERRIOS E CEMITERIAIS | 00 - MULTAS E JUROS - CONTRATOS DA ADMINISTRACO INDIRETA - SP-REGULA - SERVIOS FUNERRIOS E CEMITERIAIS | 000 - MULTAS E JUROS - CONTRATOS DA ADMINISTRACO INDIRETA - SP-REGULA - SERVIOS FUNERRIOS E CEMITERIAIS | 000 - MULTAS E JUROS - CONTRATOS DA ADMINISTRACO INDIRETA - SP-REGULA - SERVIOS FUNERRIOS E CEMITERIAIS | 11 - INTEGRAL | 01 - TOTAL | 000 - TOTAL | .00 | 16386.00;2024;6;AGÒNCIA REG. DE SERV. PéBLICOS DE SÇO PAULO;1 - RECEITAS CORRENTES;9 - OUTRAS RECEITAS CORRENTES;1 - MULTAS ADMINISTRATIVAS CONTRATUAIS E JUDICIAIS;1 - MULTAS ADMINISTRATIVAS CONTRATUAIS E JUDICIAIS;09 - MULTAS E JUROS PREVISTOS EM CONTRATOS;0 - MULTAS E JUROS PREVISTOS EM CONTRATOS;1 - Principal;11 -  MULTAS E JUROS - CONTRATOS DA ADMINISTRAÇO INDIRETA - SP-REGULA - SERVIOS FUNERµRIOS E CEMITERIAIS;00 -  MULTAS E JUROS - CONTRATOS DA ADMINISTRAÇO INDIRETA - SP-REGULA - SERVIOS FUNERµRIOS E CEMITERIAIS;000 -  MULTAS E JUROS - CONTRATOS DA ADMINISTRAÇO INDIRETA - SP-REGULA - SERVIOS FUNERµRIOS E CEMITERIAIS;000 -  MULTAS E JUROS - CONTRATOS DA ADMINISTRAÇO INDIRETA - SP-REGULA - SERVIOS FUNERµRIOS E CEMITERIAIS;11 - Integral;01 - Total;000 - Total;.00;16386.00
2024;2024 | 6 | FUNDO MUNICIPAL DE HABITAO - COHAB | 1 - RECEITAS CORRENTES | 3 - RECEITA PATRIMONIAL | 2 - VALORES MOBILIRIOS | 1 - JUROS E CORREAES MONETRIAS | 05 - JUROS DE TOTULOS DE RENDA | 0 - JUROS DE TOTULOS DE RENDA | 1 - PRINCIPAL | 01 - FUNDOS DE INVESTIMENTOS E APLICAAES EM COTAS - RENDA FIXA | 09 - TESOURO MUNICIPAL - RECURSOS VINCULADOS | 023 - FUNDO MUNICIPAL DE HABITACO - COHAB | 001 - OUTORGA ONEROSA LEI 13.558/2003 ALTERADA PELA LEI 13.876/2004 | 11 - INTEGRAL | 01 - TOTAL | 000 - TOTAL | 3293.00 | .00;2024;6;Fundo Municipal de HabitaÆo - COHAB;1 - RECEITAS CORRENTES;3 - RECEITA PATRIMONIAL;2 - VALORES MOBILIµRIOS;1 - JUROS E CORREåES MONETµRIAS;05 - JUROS DE TÖTULOS DE RENDA;0 - JUROS DE TÖTULOS DE RENDA;1 - Principal;01 - FUNDOS DE INVESTIMENTOS E APLICAåES EM COTAS - RENDA FIXA;09 - TESOURO MUNICIPAL - RECURSOS VINCULADOS;023 - FUNDO MUNICIPAL DE HABITAÇO - COHAB;001 - OUTORGA ONEROSA LEI 13.558/2003 ALTERADA PELA LEI 13.876/2004;11 - Integral;01 - Total;000 - Total;3293.00;.00
2024;2024 | 6 | FUNDO MUNICIPAL DE HABITAO - COHAB | 2 - RECEITAS DE CAPITAL | 9 - OUTRAS RECEITAS DE CAPITAL | 9 - DEMAIS RECEITAS DE CAPITAL | 9 - DEMAIS RECEITAS DE CAPITAL | 99 - OUTRAS RECEITAS DE CAPITAL | 0 - OUTRAS RECEITAS DE CAPITAL | 1 - PRINCIPAL | 01 - DEMAIS RECEITAS DE CAPITAL - PRINCIPAL | 12 - OUTORGA ONEROSA - LEI DE ANISTIA | 000 - OUTORGA ONEROSA - LEI DE ANISTIA | 000 - OUTORGA ONEROSA - LEI DE ANISTIA | 11 - INTEGRAL | 01 - TOTAL | 000 - TOTAL | 720000.00 | .00;2024;6;Fundo Municipal de HabitaÆo - COHAB;2 - RECEITAS DE CAPITAL;9 - OUTRAS RECEITAS DE CAPITAL;9 - DEMAIS RECEITAS DE CAPITAL;9 - DEMAIS RECEITAS DE CAPITAL;99 - OUTRAS RECEITAS DE CAPITAL;0 - OUTRAS RECEITAS DE CAPITAL;1 - Principal;01 - DEMAIS RECEITAS DE CAPITAL - PRINCIPAL;12 - OUTORGA ONEROSA - LEI DE ANISTIA;000 - OUTORGA ONEROSA - LEI DE ANISTIA;000 - OUTORGA ONEROSA - LEI DE ANISTIA;11 - Integral;01 - Total;000 - Total;720000.00;.00
2024;2024 | 6 | PREFEITURA DO MUNICOPIO DE SCO PAULO | 1 - RECEITAS CORRENTES | 3 - RECEITA PATRIMONIAL | 2 - VALORES MOBILIRIOS | 1 - JUROS E CORREAES MONETRIAS | 05 - JUROS DE TOTULOS DE RENDA | 0 - JUROS DE TOTULOS DE RENDA | 1 - PRINCIPAL | 01 - FUNDOS DE INVESTIMENTOS E APLICAAES EM COTAS - RENDA FIXA | 09 - TESOURO MUNICIPAL - RECURSOS VINCULADOS | 032 - SECRETARIA MUNICIPAL DE URBANISMO E LICENCIAMENTO | 009 - OPERACO URBANA FARIA LIMA - OUTORGA HIS | 11 - INTEGRAL | 01 - TOTAL | 000 - TOTAL | 3840000.00 | 337267.42;2024;6;PREFEITURA DO MUNICÖPIO DE SÇO PAULO;1 - RECEITAS CORRENTES;3 - RECEITA PATRIMONIAL;2 - VALORES MOBILIµRIOS;1 - JUROS E CORREåES MONETµRIAS;05 - JUROS DE TÖTULOS DE RENDA;0 - JUROS DE TÖTULOS DE RENDA;1 - Principal;01 - FUNDOS DE INVESTIMENTOS E APLICAåES EM COTAS - RENDA FIXA;09 - TESOURO MUNICIPAL - RECURSOS VINCULADOS;032 - SECRETARIA MUNICIPAL DE URBANISMO E LICENCIAMENTO;009 - OPERAÇO URBANA FARIA LIMA - OUTORGA HIS;11 - Integral;01 - Total;000 - Total;3840000.00;337267.42
2024;2024 | 6 | PREFEITURA DO MUNICOPIO DE SCO PAULO | 1 - RECEITAS CORRENTES | 3 - RECEITA PATRIMONIAL | 2 - VALORES MOBILIRIOS | 1 - JUROS E CORREAES MONETRIAS | 05 - JUROS DE TOTULOS DE RENDA | 0 - JUROS DE TOTULOS DE RENDA | 1 - PRINCIPAL | 01 - FUNDOS DE INVESTIMENTOS E APLICAAES EM COTAS - RENDA FIXA | 09 - TESOURO MUNICIPAL - RECURSOS VINCULADOS | 032 - SECRETARIA MUNICIPAL DE URBANISMO E LICENCIAMENTO | 011 - OPERACO URBANA FARIA LIMA - OUTORGA | 11 - INTEGRAL | 01 - TOTAL | 000 - TOTAL | 9600000.00 | 899748.75;2024;6;PREFEITURA DO MUNICÖPIO DE SÇO PAULO;1 - RECEITAS CORRENTES;3 - RECEITA PATRIMONIAL;2 - VALORES MOBILIµRIOS;1 - JUROS E CORREåES MONETµRIAS;05 - JUROS DE TÖTULOS DE RENDA;0 - JUROS DE TÖTULOS DE RENDA;1 - Principal;01 - FUNDOS DE INVESTIMENTOS E APLICAåES EM COTAS - RENDA FIXA;09 - TESOURO MUNICIPAL - RECURSOS VINCULADOS;032 - SECRETARIA MUNICIPAL DE URBANISMO E LICENCIAMENTO;011 - OPERAÇO URBANA FARIA LIMA - OUTORGA;11 - Integral;01 - Total;000 - Total;9600000.00;899748.75
2024;2024 | 6 | PREFEITURA DO MUNICOPIO DE SCO PAULO | 1 - RECEITAS CORRENTES | 3 - RECEITA PATRIMONIAL | 2 - VALORES MOBILIRIOS | 1 - JUROS E CORREAES MONETRIAS | 05 - JUROS DE TOTULOS DE RENDA | 0 - JUROS DE TOTULOS DE RENDA | 1 - PRINCIPAL | 01 - FUNDOS DE INVESTIMENTOS E APLICAAES EM COTAS - RENDA FIXA | 09 - TESOURO MUNICIPAL - RECURSOS VINCULADOS | 032 - SECRETARIA MUNICIPAL DE URBANISMO E LICENCIAMENTO | 013 - FUNDO ESPECIAL OPERACO URBANA GUA BRANCA - FEAB - OUTORGA | 11 - INTEGRAL | 01 - TOTAL | 000 - TOTAL | 73598400.00 | 8603990.68;2024;6;PREFEITURA DO MUNICÖPIO DE SÇO PAULO;1 - RECEITAS CORRENTES;3 - RECEITA PATRIMONIAL;2 - VALORES MOBILIµRIOS;1 - JUROS E CORREåES MONETµRIAS;05 - JUROS DE TÖTULOS DE RENDA;0 - JUROS DE TÖTULOS DE RENDA;1 - Principal;01 - FUNDOS DE INVESTIMENTOS E APLICAåES EM COTAS - RENDA FIXA;09 - TESOURO MUNICIPAL - RECURSOS VINCULADOS;032 - SECRETARIA MUNICIPAL DE URBANISMO E LICENCIAMENTO;013 - FUNDO ESPECIAL OPERAÇO URBANA µGUA BRANCA - FEAB - OUTORGA;11 - Integral;01 - Total;000 - Total;73598400.00;8603990.68
2024;2024 | 6 | PREFEITURA DO MUNICOPIO DE SCO PAULO | 1 - RECEITAS CORRENTES | 3 - RECEITA PATRIMONIAL | 2 - VALORES MOBILIRIOS | 1 - JUROS E CORREAES MONETRIAS | 05 - JUROS DE TOTULOS DE RENDA | 0 - JUROS DE TOTULOS DE RENDA | 1 - PRINCIPAL | 01 - FUNDOS DE INVESTIMENTOS E APLICAAES EM COTAS - RENDA FIXA | 09 - TESOURO MUNICIPAL - RECURSOS VINCULADOS | 032 - SECRETARIA MUNICIPAL DE URBANISMO E LICENCIAMENTO | 014 - FUNDO ESPECIAL OPERACO URBANA GUA BRANCA - FEAB - OUTORGA - HIS | 11 - INTEGRAL | 01 - TOTAL | 000 - TOTAL | 26400.00 | 2530.42;2024;6;PREFEITURA DO MUNICÖPIO DE SÇO PAULO;1 - RECEITAS CORRENTES;3 - RECEITA PATRIMONIAL;2 - VALORES MOBILIµRIOS;1 - JUROS E CORREåES MONETµRIAS;05 - JUROS DE TÖTULOS DE RENDA;0 - JUROS DE TÖTULOS DE RENDA;1 - Principal;01 - FUNDOS DE INVESTIMENTOS E APLICAåES EM COTAS - RENDA FIXA;09 - TESOURO MUNICIPAL - RECURSOS VINCULADOS;032 - SECRETARIA MUNICIPAL DE URBANISMO E LICENCIAMENTO;014 - FUNDO ESPECIAL OPERAÇO URBANA µGUA BRANCA - FEAB - OUTORGA - HIS;11 - Integral;01 - Total;000 - Total;26400.00;2530.42
2024;2024 | 6 | PREFEITURA DO MUNICOPIO DE SCO PAULO | 1 - RECEITAS CORRENTES | 3 - RECEITA PATRIMONIAL | 3 - DELEGACO DE SERVIOS PEBLICOS MEDIANTE CONCESSCO PERMISSCO AUTORIZACO OU LICENA | 9 - DEMAIS DELEGAAES DE SERVIOS PEBLICOS | 99 - OUTRAS DELEGAAES DE SERVIOS PEBLICOS | 0 - OUTRAS DELEGAAES DE SERVIOS PEBLICOS | 1 - PRINCIPAL | 01 - OUTORGAS PROVENIENTES DE CONCESSAES - FMD | 00 - OUTORGAS PROVENIENTES DE CONCESSAES - FMD | 000 - OUTORGAS PROVENIENTES DE CONCESSAES - FMD | 000 - OUTORGAS PROVENIENTES DE CONCESSAES - FMD | 11 - INTEGRAL | 01 - TOTAL | 000 - TOTAL | 149581358.00 | 9926822.39;2024;6;PREFEITURA DO MUNICÖPIO DE SÇO PAULO;1 - RECEITAS CORRENTES;3 - RECEITA PATRIMONIAL;3 - DELEGAÇO DE SERVIOS PéBLICOS MEDIANTE CONCESSÇO PERMISSÇO AUTORIZAÇO OU LICENA;9 - DEMAIS DELEGAåES DE SERVIOS PéBLICOS;99 - OUTRAS DELEGAåES DE SERVIOS PéBLICOS;0 - OUTRAS DELEGAåES DE SERVIOS PéBLICOS;1 - Principal;01 - OUTORGAS PROVENIENTES DE CONCESSåES - FMD;00 - OUTORGAS PROVENIENTES DE CONCESSåES - FMD;000 - OUTORGAS PROVENIENTES DE CONCESSåES - FMD;000 - OUTORGAS PROVENIENTES DE CONCESSåES - FMD;11 - Integral;01 - Total;000 - Total;149581358.00;9926822.39
2024;2024 | 6 | PREFEITURA DO MUNICOPIO DE SCO PAULO | 1 - RECEITAS CORRENTES | 9 - OUTRAS RECEITAS CORRENTES | 4 - MULTAS E JUROS DE MORA DAS RECEITAS DE CAPITAL | 9 - MULTAS E JUROS DE MORA DE OUTRAS RECEITAS DE CAPITAL | 99 - MULTAS E JUROS DE OUTRAS RECEITAS DE CAPITAL | 0 - MULTAS E JUROS DE OUTRAS RECEITAS DE CAPITAL | 2 - MULTA | 76 - OUTORGA ONEROSA - PLANO DIRETOR - DIREITO DE CONSTRUIR - FUNDURB - MULTAS E JUROS | 00 - OUTORGA ONEROSA - PLANO DIRETOR - DIREITO DE CONSTRUIR - FUNDURB - MULTAS E JUROS | 000 - OUTORGA ONEROSA - PLANO DIRETOR - DIREITO DE CONSTRUIR - FUNDURB - MULTAS E JUROS | 000 - OUTORGA ONEROSA - PLANO DIRETOR - DIREITO DE CONSTRUIR - FUNDURB - MULTAS E JUROS | 11 - INTEGRAL | 01 - TOTAL | 000 - TOTAL | 1755.00 | .00;2024;6;PREFEITURA DO MUNICÖPIO DE SÇO PAULO;1 - RECEITAS CORRENTES;9 - OUTRAS RECEITAS CORRENTES;4 - MULTAS E JUROS DE MORA DAS RECEITAS DE CAPITAL;9 - MULTAS E JUROS DE MORA DE OUTRAS RECEITAS DE CAPITAL;99 - MULTAS E JUROS DE OUTRAS RECEITAS DE CAPITAL;0 - MULTAS E JUROS DE OUTRAS RECEITAS DE CAPITAL;2 - Multa;76 - OUTORGA ONEROSA - PLANO DIRETOR - DIREITO DE CONSTRUIR - FUNDURB - MULTAS E JUROS;00 - OUTORGA ONEROSA - PLANO DIRETOR - DIREITO DE CONSTRUIR - FUNDURB - MULTAS E JUROS;000 - OUTORGA ONEROSA - PLANO DIRETOR - DIREITO DE CONSTRUIR - FUNDURB - MULTAS E JUROS;000 - OUTORGA ONEROSA - PLANO DIRETOR - DIREITO DE CONSTRUIR - FUNDURB - MULTAS E JUROS;11 - Integral;01 - Total;000 - Total;1755.00;.00
2024;2024 | 6 | PREFEITURA DO MUNICOPIO DE SCO PAULO | 2 - RECEITAS DE CAPITAL | 9 - OUTRAS RECEITAS DE CAPITAL | 9 - DEMAIS RECEITAS DE CAPITAL | 9 - DEMAIS RECEITAS DE CAPITAL | 99 - OUTRAS RECEITAS DE CAPITAL | 0 - OUTRAS RECEITAS DE CAPITAL | 1 - PRINCIPAL | 01 - DEMAIS RECEITAS DE CAPITAL - PRINCIPAL | 09 - OUTORGA ONEROSA COTA SOLIDARIEDADE - FUNDURB | 000 - OUTORGA ONEROSA COTA SOLIDARIEDADE - FUNDURB | 000 - OUTORGA ONEROSA COTA SOLIDARIEDADE - FUNDURB | 11 - INTEGRAL | 01 - TOTAL | 000 - TOTAL | 21606266.00 | 2415679.29;2024;6;PREFEITURA DO MUNICÖPIO DE SÇO PAULO;2 - RECEITAS DE CAPITAL;9 - OUTRAS RECEITAS DE CAPITAL;9 - DEMAIS RECEITAS DE CAPITAL;9 - DEMAIS RECEITAS DE CAPITAL;99 - OUTRAS RECEITAS DE CAPITAL;0 - OUTRAS RECEITAS DE CAPITAL;1 - Principal;01 - DEMAIS RECEITAS DE CAPITAL - PRINCIPAL;09 - OUTORGA ONEROSA COTA SOLIDARIEDADE - FUNDURB;000 - OUTORGA ONEROSA COTA SOLIDARIEDADE - FUNDURB;000 - OUTORGA ONEROSA COTA SOLIDARIEDADE - FUNDURB;11 - Integral;01 - Total;000 - Total;21606266.00;2415679.29
2024;2024 | 6 | PREFEITURA DO MUNICOPIO DE SCO PAULO | 2 - RECEITAS DE CAPITAL | 9 - OUTRAS RECEITAS DE CAPITAL | 9 - DEMAIS RECEITAS DE CAPITAL | 9 - DEMAIS RECEITAS DE CAPITAL | 99 - OUTRAS RECEITAS DE CAPITAL | 0 - OUTRAS RECEITAS DE CAPITAL | 1 - PRINCIPAL | 01 - DEMAIS RECEITAS DE CAPITAL - PRINCIPAL | 11 - OUTORGA ONEROSA - PLANO DIRETOR - DIREITO DE CONSTRUIR - FUNDURB | 000 - OUTORGA ONEROSA - PLANO DIRETOR - DIREITO DE CONSTRUIR - FUNDURB | 000 - OUTORGA ONEROSA - PLANO DIRETOR - DIREITO DE CONSTRUIR - FUNDURB | 11 - INTEGRAL | 01 - TOTAL | 000 - TOTAL | 1118194927.00 | 34649790.67;2024;6;PREFEITURA DO MUNICÖPIO DE SÇO PAULO;2 - RECEITAS DE CAPITAL;9 - OUTRAS RECEITAS DE CAPITAL;9 - DEMAIS RECEITAS DE CAPITAL;9 - DEMAIS RECEITAS DE CAPITAL;99 - OUTRAS RECEITAS DE CAPITAL;0 - OUTRAS RECEITAS DE CAPITAL;1 - Principal;01 - DEMAIS RECEITAS DE CAPITAL - PRINCIPAL;11 - OUTORGA ONEROSA - PLANO DIRETOR - DIREITO DE CONSTRUIR - FUNDURB;000 - OUTORGA ONEROSA - PLANO DIRETOR - DIREITO DE CONSTRUIR - FUNDURB;000 - OUTORGA ONEROSA - PLANO DIRETOR - DIREITO DE CONSTRUIR - FUNDURB;11 - Integral;01 - Total;000 - Total;1118194927.00;34649790.67
2024;2024 | 6 | PREFEITURA DO MUNICOPIO DE SCO PAULO | 2 - RECEITAS DE CAPITAL | 9 - OUTRAS RECEITAS DE CAPITAL | 9 - DEMAIS RECEITAS DE CAPITAL | 9 - DEMAIS RECEITAS DE CAPITAL | 99 - OUTRAS RECEITAS DE CAPITAL | 0 - OUTRAS RECEITAS DE CAPITAL | 1 - PRINCIPAL | 01 - DEMAIS RECEITAS DE CAPITAL - PRINCIPAL | 11 - OUTORGA ONEROSA - PLANO DIRETOR - DIREITO DE CONSTRUIR - FUNDURB | 000 - OUTORGA ONEROSA - PLANO DIRETOR - DIREITO DE CONSTRUIR - FUNDURB | 000 - OUTORGA ONEROSA - PLANO DIRETOR - DIREITO DE CONSTRUIR - FUNDURB | 11 - INTEGRAL | 09 - DEDUTORA | 001 - DEDUAES OUTORGA ONEROSA - PLANO DIRETOR - DIREITO DE CONSTRUIR - FUNDURB | .00 | .00;2024;6;PREFEITURA DO MUNICÖPIO DE SÇO PAULO;2 - RECEITAS DE CAPITAL;9 - OUTRAS RECEITAS DE CAPITAL;9 - DEMAIS RECEITAS DE CAPITAL;9 - DEMAIS RECEITAS DE CAPITAL;99 - OUTRAS RECEITAS DE CAPITAL;0 - OUTRAS RECEITAS DE CAPITAL;1 - Principal;01 - DEMAIS RECEITAS DE CAPITAL - PRINCIPAL;11 - OUTORGA ONEROSA - PLANO DIRETOR - DIREITO DE CONSTRUIR - FUNDURB;000 - OUTORGA ONEROSA - PLANO DIRETOR - DIREITO DE CONSTRUIR - FUNDURB;000 - OUTORGA ONEROSA - PLANO DIRETOR - DIREITO DE CONSTRUIR - FUNDURB;11 - Integral;09 - Dedutora;001 - Deduäes Outorga Onerosa - Plano Diretor - Direito de Construir - FUNDURB;.00;.00
2024;2024 | 7 | AGONCIA REG. DE SERV. PEBLICOS DE SCO PAULO | 1 - RECEITAS CORRENTES | 1 - IMPOSTOS TAXAS E CONTRIBUIAES DE MELHORIA | 2 - TAXAS | 1 - TAXAS PELO EXERCOCIO DO PODER DE POLOCIA | 01 - TAXAS DE INSPECO CONTROLE E FISCALIZACO | 0 - TAXAS DE INSPECO CONTROLE E FISCALIZACO | 1 - PRINCIPAL | 13 - TAXAS - EMISSCO DE ALVARS - SERVIOS FUNERRIOS E CEMITERIAIS | 00 - TAXAS - EMISSCO DE ALVARS - SERVIOS FUNERRIOS E CEMITERIAIS | 000 - TAXAS - EMISSCO DE ALVARS - SERVIOS FUNERRIOS E CEMITERIAIS | 000 - TAXAS - EMISSCO DE ALVARS - SERVIOS FUNERRIOS E CEMITERIAIS | 11 - INTEGRAL | 01 - TOTAL | 000 - TOTAL | .00 | 1702.40;2024;7;AGÒNCIA REG. DE SERV. PéBLICOS DE SÇO PAULO;1 - RECEITAS CORRENTES;1 - IMPOSTOS TAXAS E CONTRIBUIåES DE MELHORIA;2 - TAXAS;1 - TAXAS PELO EXERCÖCIO DO PODER DE POLÖCIA;01 - TAXAS DE INSPEÇO CONTROLE E FISCALIZAÇO;0 - TAXAS DE INSPEÇO CONTROLE E FISCALIZAÇO;1 - Principal;13 - TAXAS - EMISSÇO DE ALVARµS - SERVIOS FUNERµRIOS E CEMITERIAIS;00 - TAXAS - EMISSÇO DE ALVARµS - SERVIOS FUNERµRIOS E CEMITERIAIS;000 - TAXAS - EMISSÇO DE ALVARµS - SERVIOS FUNERµRIOS E CEMITERIAIS;000 - TAXAS - EMISSÇO DE ALVARµS - SERVIOS FUNERµRIOS E CEMITERIAIS;11 - Integral;01 - Total;000 - Total;.00;1702.40
2024;2024 | 7 | FUNDO MUNICIPAL DE HABITAO - COHAB | 1 - RECEITAS CORRENTES | 3 - RECEITA PATRIMONIAL | 2 - VALORES MOBILIRIOS | 1 - JUROS E CORREAES MONETRIAS | 05 - JUROS DE TOTULOS DE RENDA | 0 - JUROS DE TOTULOS DE RENDA | 1 - PRINCIPAL | 01 - FUNDOS DE INVESTIMENTOS E APLICAAES EM COTAS - RENDA FIXA | 09 - TESOURO MUNICIPAL - RECURSOS VINCULADOS | 023 - FUNDO MUNICIPAL DE HABITACO - COHAB | 001 - OUTORGA ONEROSA LEI 13.558/2003 ALTERADA PELA LEI 13.876/2004 | 11 - INTEGRAL | 01 - TOTAL | 000 - TOTAL | 3293.00 | .00;2024;7;Fundo Municipal de HabitaÆo - COHAB;1 - RECEITAS CORRENTES;3 - RECEITA PATRIMONIAL;2 - VALORES MOBILIµRIOS;1 - JUROS E CORREåES MONETµRIAS;05 - JUROS DE TÖTULOS DE RENDA;0 - JUROS DE TÖTULOS DE RENDA;1 - Principal;01 - FUNDOS DE INVESTIMENTOS E APLICAåES EM COTAS - RENDA FIXA;09 - TESOURO MUNICIPAL - RECURSOS VINCULADOS;023 - FUNDO MUNICIPAL DE HABITAÇO - COHAB;001 - OUTORGA ONEROSA LEI 13.558/2003 ALTERADA PELA LEI 13.876/2004;11 - Integral;01 - Total;000 - Total;3293.00;.00
2024;2024 | 7 | FUNDO MUNICIPAL DE HABITAO - COHAB | 2 - RECEITAS DE CAPITAL | 9 - OUTRAS RECEITAS DE CAPITAL | 9 - DEMAIS RECEITAS DE CAPITAL | 9 - DEMAIS RECEITAS DE CAPITAL | 99 - OUTRAS RECEITAS DE CAPITAL | 0 - OUTRAS RECEITAS DE CAPITAL | 1 - PRINCIPAL | 01 - DEMAIS RECEITAS DE CAPITAL - PRINCIPAL | 12 - OUTORGA ONEROSA - LEI DE ANISTIA | 000 - OUTORGA ONEROSA - LEI DE ANISTIA | 000 - OUTORGA ONEROSA - LEI DE ANISTIA | 11 - INTEGRAL | 01 - TOTAL | 000 - TOTAL | 720000.00 | 7281.69;2024;7;Fundo Municipal de HabitaÆo - COHAB;2 - RECEITAS DE CAPITAL;9 - OUTRAS RECEITAS DE CAPITAL;9 - DEMAIS RECEITAS DE CAPITAL;9 - DEMAIS RECEITAS DE CAPITAL;99 - OUTRAS RECEITAS DE CAPITAL;0 - OUTRAS RECEITAS DE CAPITAL;1 - Principal;01 - DEMAIS RECEITAS DE CAPITAL - PRINCIPAL;12 - OUTORGA ONEROSA - LEI DE ANISTIA;000 - OUTORGA ONEROSA - LEI DE ANISTIA;000 - OUTORGA ONEROSA - LEI DE ANISTIA;11 - Integral;01 - Total;000 - Total;720000.00;7281.69
2024;2024 | 7 | PREFEITURA DO MUNICOPIO DE SCO PAULO | 1 - RECEITAS CORRENTES | 3 - RECEITA PATRIMONIAL | 2 - VALORES MOBILIRIOS | 1 - JUROS E CORREAES MONETRIAS | 05 - JUROS DE TOTULOS DE RENDA | 0 - JUROS DE TOTULOS DE RENDA | 1 - PRINCIPAL | 01 - FUNDOS DE INVESTIMENTOS E APLICAAES EM COTAS - RENDA FIXA | 09 - TESOURO MUNICIPAL - RECURSOS VINCULADOS | 032 - SECRETARIA MUNICIPAL DE URBANISMO E LICENCIAMENTO | 009 - OPERACO URBANA FARIA LIMA - OUTORGA HIS | 11 - INTEGRAL | 01 - TOTAL | 000 - TOTAL | 3840000.00 | 400823.83;2024;7;PREFEITURA DO MUNICÖPIO DE SÇO PAULO;1 - RECEITAS CORRENTES;3 - RECEITA PATRIMONIAL;2 - VALORES MOBILIµRIOS;1 - JUROS E CORREåES MONETµRIAS;05 - JUROS DE TÖTULOS DE RENDA;0 - JUROS DE TÖTULOS DE RENDA;1 - Principal;01 - FUNDOS DE INVESTIMENTOS E APLICAåES EM COTAS - RENDA FIXA;09 - TESOURO MUNICIPAL - RECURSOS VINCULADOS;032 - SECRETARIA MUNICIPAL DE URBANISMO E LICENCIAMENTO;009 - OPERAÇO URBANA FARIA LIMA - OUTORGA HIS;11 - Integral;01 - Total;000 - Total;3840000.00;400823.83
2024;2024 | 7 | PREFEITURA DO MUNICOPIO DE SCO PAULO | 1 - RECEITAS CORRENTES | 3 - RECEITA PATRIMONIAL | 2 - VALORES MOBILIRIOS | 1 - JUROS E CORREAES MONETRIAS | 05 - JUROS DE TOTULOS DE RENDA | 0 - JUROS DE TOTULOS DE RENDA | 1 - PRINCIPAL | 01 - FUNDOS DE INVESTIMENTOS E APLICAAES EM COTAS - RENDA FIXA | 09 - TESOURO MUNICIPAL - RECURSOS VINCULADOS | 032 - SECRETARIA MUNICIPAL DE URBANISMO E LICENCIAMENTO | 011 - OPERACO URBANA FARIA LIMA - OUTORGA | 11 - INTEGRAL | 01 - TOTAL | 000 - TOTAL | 9600000.00 | 1069302.01;2024;7;PREFEITURA DO MUNICÖPIO DE SÇO PAULO;1 - RECEITAS CORRENTES;3 - RECEITA PATRIMONIAL;2 - VALORES MOBILIµRIOS;1 - JUROS E CORREåES MONETµRIAS;05 - JUROS DE TÖTULOS DE RENDA;0 - JUROS DE TÖTULOS DE RENDA;1 - Principal;01 - FUNDOS DE INVESTIMENTOS E APLICAåES EM COTAS - RENDA FIXA;09 - TESOURO MUNICIPAL - RECURSOS VINCULADOS;032 - SECRETARIA MUNICIPAL DE URBANISMO E LICENCIAMENTO;011 - OPERAÇO URBANA FARIA LIMA - OUTORGA;11 - Integral;01 - Total;000 - Total;9600000.00;1069302.01
2024;2024 | 7 | PREFEITURA DO MUNICOPIO DE SCO PAULO | 1 - RECEITAS CORRENTES | 3 - RECEITA PATRIMONIAL | 2 - VALORES MOBILIRIOS | 1 - JUROS E CORREAES MONETRIAS | 05 - JUROS DE TOTULOS DE RENDA | 0 - JUROS DE TOTULOS DE RENDA | 1 - PRINCIPAL | 01 - FUNDOS DE INVESTIMENTOS E APLICAAES EM COTAS - RENDA FIXA | 09 - TESOURO MUNICIPAL - RECURSOS VINCULADOS | 032 - SECRETARIA MUNICIPAL DE URBANISMO E LICENCIAMENTO | 013 - FUNDO ESPECIAL OPERACO URBANA GUA BRANCA - FEAB - OUTORGA | 11 - INTEGRAL | 01 - TOTAL | 000 - TOTAL | 73598400.00 | 6897293.44;2024;7;PREFEITURA DO MUNICÖPIO DE SÇO PAULO;1 - RECEITAS CORRENTES;3 - RECEITA PATRIMONIAL;2 - VALORES MOBILIµRIOS;1 - JUROS E CORREåES MONETµRIAS;05 - JUROS DE TÖTULOS DE RENDA;0 - JUROS DE TÖTULOS DE RENDA;1 - Principal;01 - FUNDOS DE INVESTIMENTOS E APLICAåES EM COTAS - RENDA FIXA;09 - TESOURO MUNICIPAL - RECURSOS VINCULADOS;032 - SECRETARIA MUNICIPAL DE URBANISMO E LICENCIAMENTO;013 - FUNDO ESPECIAL OPERAÇO URBANA µGUA BRANCA - FEAB - OUTORGA;11 - Integral;01 - Total;000 - Total;73598400.00;6897293.44
2024;2024 | 7 | PREFEITURA DO MUNICOPIO DE SCO PAULO | 1 - RECEITAS CORRENTES | 3 - RECEITA PATRIMONIAL | 2 - VALORES MOBILIRIOS | 1 - JUROS E CORREAES MONETRIAS | 05 - JUROS DE TOTULOS DE RENDA | 0 - JUROS DE TOTULOS DE RENDA | 1 - PRINCIPAL | 01 - FUNDOS DE INVESTIMENTOS E APLICAAES EM COTAS - RENDA FIXA | 09 - TESOURO MUNICIPAL - RECURSOS VINCULADOS | 032 - SECRETARIA MUNICIPAL DE URBANISMO E LICENCIAMENTO | 014 - FUNDO ESPECIAL OPERACO URBANA GUA BRANCA - FEAB - OUTORGA - HIS | 11 - INTEGRAL | 01 - TOTAL | 000 - TOTAL | 26400.00 | 3007.27;2024;7;PREFEITURA DO MUNICÖPIO DE SÇO PAULO;1 - RECEITAS CORRENTES;3 - RECEITA PATRIMONIAL;2 - VALORES MOBILIµRIOS;1 - JUROS E CORREåES MONETµRIAS;05 - JUROS DE TÖTULOS DE RENDA;0 - JUROS DE TÖTULOS DE RENDA;1 - Principal;01 - FUNDOS DE INVESTIMENTOS E APLICAåES EM COTAS - RENDA FIXA;09 - TESOURO MUNICIPAL - RECURSOS VINCULADOS;032 - SECRETARIA MUNICIPAL DE URBANISMO E LICENCIAMENTO;014 - FUNDO ESPECIAL OPERAÇO URBANA µGUA BRANCA - FEAB - OUTORGA - HIS;11 - Integral;01 - Total;000 - Total;26400.00;3007.27
2024;2024 | 7 | PREFEITURA DO MUNICOPIO DE SCO PAULO | 1 - RECEITAS CORRENTES | 3 - RECEITA PATRIMONIAL | 3 - DELEGACO DE SERVIOS PEBLICOS MEDIANTE CONCESSCO PERMISSCO AUTORIZACO OU LICENA | 9 - DEMAIS DELEGAAES DE SERVIOS PEBLICOS | 99 - OUTRAS DELEGAAES DE SERVIOS PEBLICOS | 0 - OUTRAS DELEGAAES DE SERVIOS PEBLICOS | 1 - PRINCIPAL | 01 - OUTORGAS PROVENIENTES DE CONCESSAES - FMD | 00 - OUTORGAS PROVENIENTES DE CONCESSAES - FMD | 000 - OUTORGAS PROVENIENTES DE CONCESSAES - FMD | 000 - OUTORGAS PROVENIENTES DE CONCESSAES - FMD | 11 - INTEGRAL | 01 - TOTAL | 000 - TOTAL | 149581358.00 | 9344385.62;2024;7;PREFEITURA DO MUNICÖPIO DE SÇO PAULO;1 - RECEITAS CORRENTES;3 - RECEITA PATRIMONIAL;3 - DELEGAÇO DE SERVIOS PéBLICOS MEDIANTE CONCESSÇO PERMISSÇO AUTORIZAÇO OU LICENA;9 - DEMAIS DELEGAåES DE SERVIOS PéBLICOS;99 - OUTRAS DELEGAåES DE SERVIOS PéBLICOS;0 - OUTRAS DELEGAåES DE SERVIOS PéBLICOS;1 - Principal;01 - OUTORGAS PROVENIENTES DE CONCESSåES - FMD;00 - OUTORGAS PROVENIENTES DE CONCESSåES - FMD;000 - OUTORGAS PROVENIENTES DE CONCESSåES - FMD;000 - OUTORGAS PROVENIENTES DE CONCESSåES - FMD;11 - Integral;01 - Total;000 - Total;149581358.00;9344385.62
2024;2024 | 7 | PREFEITURA DO MUNICOPIO DE SCO PAULO | 1 - RECEITAS CORRENTES | 9 - OUTRAS RECEITAS CORRENTES | 4 - MULTAS E JUROS DE MORA DAS RECEITAS DE CAPITAL | 9 - MULTAS E JUROS DE MORA DE OUTRAS RECEITAS DE CAPITAL | 99 - MULTAS E JUROS DE OUTRAS RECEITAS DE CAPITAL | 0 - MULTAS E JUROS DE OUTRAS RECEITAS DE CAPITAL | 2 - MULTA | 76 - OUTORGA ONEROSA - PLANO DIRETOR - DIREITO DE CONSTRUIR - FUNDURB - MULTAS E JUROS | 00 - OUTORGA ONEROSA - PLANO DIRETOR - DIREITO DE CONSTRUIR - FUNDURB - MULTAS E JUROS | 000 - OUTORGA ONEROSA - PLANO DIRETOR - DIREITO DE CONSTRUIR - FUNDURB - MULTAS E JUROS | 000 - OUTORGA ONEROSA - PLANO DIRETOR - DIREITO DE CONSTRUIR - FUNDURB - MULTAS E JUROS | 11 - INTEGRAL | 01 - TOTAL | 000 - TOTAL | 1755.00 | 8349564.11;2024;7;PREFEITURA DO MUNICÖPIO DE SÇO PAULO;1 - RECEITAS CORRENTES;9 - OUTRAS RECEITAS CORRENTES;4 - MULTAS E JUROS DE MORA DAS RECEITAS DE CAPITAL;9 - MULTAS E JUROS DE MORA DE OUTRAS RECEITAS DE CAPITAL;99 - MULTAS E JUROS DE OUTRAS RECEITAS DE CAPITAL;0 - MULTAS E JUROS DE OUTRAS RECEITAS DE CAPITAL;2 - Multa;76 - OUTORGA ONEROSA - PLANO DIRETOR - DIREITO DE CONSTRUIR - FUNDURB - MULTAS E JUROS;00 - OUTORGA ONEROSA - PLANO DIRETOR - DIREITO DE CONSTRUIR - FUNDURB - MULTAS E JUROS;000 - OUTORGA ONEROSA - PLANO DIRETOR - DIREITO DE CONSTRUIR - FUNDURB - MULTAS E JUROS;000 - OUTORGA ONEROSA - PLANO DIRETOR - DIREITO DE CONSTRUIR - FUNDURB - MULTAS E JUROS;11 - Integral;01 - Total;000 - Total;1755.00;8349564.11
2024;2024 | 7 | PREFEITURA DO MUNICOPIO DE SCO PAULO | 2 - RECEITAS DE CAPITAL | 9 - OUTRAS RECEITAS DE CAPITAL | 9 - DEMAIS RECEITAS DE CAPITAL | 9 - DEMAIS RECEITAS DE CAPITAL | 99 - OUTRAS RECEITAS DE CAPITAL | 0 - OUTRAS RECEITAS DE CAPITAL | 1 - PRINCIPAL | 01 - DEMAIS RECEITAS DE CAPITAL - PRINCIPAL | 09 - OUTORGA ONEROSA COTA SOLIDARIEDADE - FUNDURB | 000 - OUTORGA ONEROSA COTA SOLIDARIEDADE - FUNDURB | 000 - OUTORGA ONEROSA COTA SOLIDARIEDADE - FUNDURB | 11 - INTEGRAL | 01 - TOTAL | 000 - TOTAL | 21606266.00 | 2741342.85;2024;7;PREFEITURA DO MUNICÖPIO DE SÇO PAULO;2 - RECEITAS DE CAPITAL;9 - OUTRAS RECEITAS DE CAPITAL;9 - DEMAIS RECEITAS DE CAPITAL;9 - DEMAIS RECEITAS DE CAPITAL;99 - OUTRAS RECEITAS DE CAPITAL;0 - OUTRAS RECEITAS DE CAPITAL;1 - Principal;01 - DEMAIS RECEITAS DE CAPITAL - PRINCIPAL;09 - OUTORGA ONEROSA COTA SOLIDARIEDADE - FUNDURB;000 - OUTORGA ONEROSA COTA SOLIDARIEDADE - FUNDURB;000 - OUTORGA ONEROSA COTA SOLIDARIEDADE - FUNDURB;11 - Integral;01 - Total;000 - Total;21606266.00;2741342.85
2024;2024 | 7 | PREFEITURA DO MUNICOPIO DE SCO PAULO | 2 - RECEITAS DE CAPITAL | 9 - OUTRAS RECEITAS DE CAPITAL | 9 - DEMAIS RECEITAS DE CAPITAL | 9 - DEMAIS RECEITAS DE CAPITAL | 99 - OUTRAS RECEITAS DE CAPITAL | 0 - OUTRAS RECEITAS DE CAPITAL | 1 - PRINCIPAL | 01 - DEMAIS RECEITAS DE CAPITAL - PRINCIPAL | 11 - OUTORGA ONEROSA - PLANO DIRETOR - DIREITO DE CONSTRUIR - FUNDURB | 000 - OUTORGA ONEROSA - PLANO DIRETOR - DIREITO DE CONSTRUIR - FUNDURB | 000 - OUTORGA ONEROSA - PLANO DIRETOR - DIREITO DE CONSTRUIR - FUNDURB | 11 - INTEGRAL | 01 - TOTAL | 000 - TOTAL | 1118194927.00 | 72689748.89;2024;7;PREFEITURA DO MUNICÖPIO DE SÇO PAULO;2 - RECEITAS DE CAPITAL;9 - OUTRAS RECEITAS DE CAPITAL;9 - DEMAIS RECEITAS DE CAPITAL;9 - DEMAIS RECEITAS DE CAPITAL;99 - OUTRAS RECEITAS DE CAPITAL;0 - OUTRAS RECEITAS DE CAPITAL;1 - Principal;01 - DEMAIS RECEITAS DE CAPITAL - PRINCIPAL;11 - OUTORGA ONEROSA - PLANO DIRETOR - DIREITO DE CONSTRUIR - FUNDURB;000 - OUTORGA ONEROSA - PLANO DIRETOR - DIREITO DE CONSTRUIR - FUNDURB;000 - OUTORGA ONEROSA - PLANO DIRETOR - DIREITO DE CONSTRUIR - FUNDURB;11 - Integral;01 - Total;000 - Total;1118194927.00;72689748.89
2024;2024 | 7 | PREFEITURA DO MUNICOPIO DE SCO PAULO | 2 - RECEITAS DE CAPITAL | 9 - OUTRAS RECEITAS DE CAPITAL | 9 - DEMAIS RECEITAS DE CAPITAL | 9 - DEMAIS RECEITAS DE CAPITAL | 99 - OUTRAS RECEITAS DE CAPITAL | 0 - OUTRAS RECEITAS DE CAPITAL | 1 - PRINCIPAL | 01 - DEMAIS RECEITAS DE CAPITAL - PRINCIPAL | 11 - OUTORGA ONEROSA - PLANO DIRETOR - DIREITO DE CONSTRUIR - FUNDURB | 000 - OUTORGA ONEROSA - PLANO DIRETOR - DIREITO DE CONSTRUIR - FUNDURB | 000 - OUTORGA ONEROSA - PLANO DIRETOR - DIREITO DE CONSTRUIR - FUNDURB | 11 - INTEGRAL | 09 - DEDUTORA | 001 - DEDUAES OUTORGA ONEROSA - PLANO DIRETOR - DIREITO DE CONSTRUIR - FUNDURB | .00 | .00;2024;7;PREFEITURA DO MUNICÖPIO DE SÇO PAULO;2 - RECEITAS DE CAPITAL;9 - OUTRAS RECEITAS DE CAPITAL;9 - DEMAIS RECEITAS DE CAPITAL;9 - DEMAIS RECEITAS DE CAPITAL;99 - OUTRAS RECEITAS DE CAPITAL;0 - OUTRAS RECEITAS DE CAPITAL;1 - Principal;01 - DEMAIS RECEITAS DE CAPITAL - PRINCIPAL;11 - OUTORGA ONEROSA - PLANO DIRETOR - DIREITO DE CONSTRUIR - FUNDURB;000 - OUTORGA ONEROSA - PLANO DIRETOR - DIREITO DE CONSTRUIR - FUNDURB;000 - OUTORGA ONEROSA - PLANO DIRETOR - DIREITO DE CONSTRUIR - FUNDURB;11 - Integral;09 - Dedutora;001 - Deduäes Outorga Onerosa - Plano Diretor - Direito de Construir - FUNDURB;.00;.00
2024;2024 | 8 | AGONCIA REG. DE SERV. PEBLICOS DE SCO PAULO | 1 - RECEITAS CORRENTES | 1 - IMPOSTOS TAXAS E CONTRIBUIAES DE MELHORIA | 2 - TAXAS | 1 - TAXAS PELO EXERCOCIO DO PODER DE POLOCIA | 01 - TAXAS DE INSPECO CONTROLE E FISCALIZACO | 0 - TAXAS DE INSPECO CONTROLE E FISCALIZACO | 1 - PRINCIPAL | 13 - TAXAS - EMISSCO DE ALVARS - SERVIOS FUNERRIOS E CEMITERIAIS | 00 - TAXAS - EMISSCO DE ALVARS - SERVIOS FUNERRIOS E CEMITERIAIS | 000 - TAXAS - EMISSCO DE ALVARS - SERVIOS FUNERRIOS E CEMITERIAIS | 000 - TAXAS - EMISSCO DE ALVARS - SERVIOS FUNERRIOS E CEMITERIAIS | 11 - INTEGRAL | 01 - TOTAL | 000 - TOTAL | .00 | 1036.76;2024;8;AGÒNCIA REG. DE SERV. PéBLICOS DE SÇO PAULO;1 - RECEITAS CORRENTES;1 - IMPOSTOS TAXAS E CONTRIBUIåES DE MELHORIA;2 - TAXAS;1 - TAXAS PELO EXERCÖCIO DO PODER DE POLÖCIA;01 - TAXAS DE INSPEÇO CONTROLE E FISCALIZAÇO;0 - TAXAS DE INSPEÇO CONTROLE E FISCALIZAÇO;1 - Principal;13 - TAXAS - EMISSÇO DE ALVARµS - SERVIOS FUNERµRIOS E CEMITERIAIS;00 - TAXAS - EMISSÇO DE ALVARµS - SERVIOS FUNERµRIOS E CEMITERIAIS;000 - TAXAS - EMISSÇO DE ALVARµS - SERVIOS FUNERµRIOS E CEMITERIAIS;000 - TAXAS - EMISSÇO DE ALVARµS - SERVIOS FUNERµRIOS E CEMITERIAIS;11 - Integral;01 - Total;000 - Total;.00;1036.76
2024;2024 | 8 | AGONCIA REG. DE SERV. PEBLICOS DE SCO PAULO | 1 - RECEITAS CORRENTES | 9 - OUTRAS RECEITAS CORRENTES | 1 - MULTAS ADMINISTRATIVAS CONTRATUAIS E JUDICIAIS | 1 - MULTAS ADMINISTRATIVAS CONTRATUAIS E JUDICIAIS | 01 - MULTAS PREVISTAS EM LEGISLACO ESPECOFICA | 0 - MULTAS PREVISTAS EM LEGISLACO ESPECOFICA | 1 - PRINCIPAL | 02 - DEMAIS MULTAS PREVISTAS EM LEGISLACO ESPECOFICA | 16 - MULTAS DE POSTURAS MUNICIPAIS - SP REGULA | 000 - MULTAS DE POSTURAS MUNICIPAIS - SP REGULA | 000 - MULTAS DE POSTURAS MUNICIPAIS - SP REGULA | 11 - INTEGRAL | 01 - TOTAL | 000 - TOTAL | .00 | 285153.81;2024;8;AGÒNCIA REG. DE SERV. PéBLICOS DE SÇO PAULO;1 - RECEITAS CORRENTES;9 - OUTRAS RECEITAS CORRENTES;1 - MULTAS ADMINISTRATIVAS CONTRATUAIS E JUDICIAIS;1 - MULTAS ADMINISTRATIVAS CONTRATUAIS E JUDICIAIS;01 - MULTAS PREVISTAS EM LEGISLAÇO ESPECÖFICA;0 - MULTAS PREVISTAS EM LEGISLAÇO ESPECÖFICA;1 - Principal;02 - DEMAIS MULTAS PREVISTAS EM LEGISLAÇO ESPECÖFICA;16 - MULTAS DE POSTURAS MUNICIPAIS - SP REGULA;000 - MULTAS DE POSTURAS MUNICIPAIS - SP REGULA;000 - MULTAS DE POSTURAS MUNICIPAIS - SP REGULA;11 - Integral;01 - Total;000 - Total;.00;285153.81
2024;2024 | 8 | FUNDO MUNICIPAL DE HABITAO - COHAB | 1 - RECEITAS CORRENTES | 3 - RECEITA PATRIMONIAL | 2 - VALORES MOBILIRIOS | 1 - JUROS E CORREAES MONETRIAS | 05 - JUROS DE TOTULOS DE RENDA | 0 - JUROS DE TOTULOS DE RENDA | 1 - PRINCIPAL | 01 - FUNDOS DE INVESTIMENTOS E APLICAAES EM COTAS - RENDA FIXA | 09 - TESOURO MUNICIPAL - RECURSOS VINCULADOS | 023 - FUNDO MUNICIPAL DE HABITACO - COHAB | 001 - OUTORGA ONEROSA LEI 13.558/2003 ALTERADA PELA LEI 13.876/2004 | 11 - INTEGRAL | 01 - TOTAL | 000 - TOTAL | 3293.00 | .00;2024;8;Fundo Municipal de HabitaÆo - COHAB;1 - RECEITAS CORRENTES;3 - RECEITA PATRIMONIAL;2 - VALORES MOBILIµRIOS;1 - JUROS E CORREåES MONETµRIAS;05 - JUROS DE TÖTULOS DE RENDA;0 - JUROS DE TÖTULOS DE RENDA;1 - Principal;01 - FUNDOS DE INVESTIMENTOS E APLICAåES EM COTAS - RENDA FIXA;09 - TESOURO MUNICIPAL - RECURSOS VINCULADOS;023 - FUNDO MUNICIPAL DE HABITAÇO - COHAB;001 - OUTORGA ONEROSA LEI 13.558/2003 ALTERADA PELA LEI 13.876/2004;11 - Integral;01 - Total;000 - Total;3293.00;.00
2024;2024 | 8 | FUNDO MUNICIPAL DE HABITAO - COHAB | 2 - RECEITAS DE CAPITAL | 9 - OUTRAS RECEITAS DE CAPITAL | 9 - DEMAIS RECEITAS DE CAPITAL | 9 - DEMAIS RECEITAS DE CAPITAL | 99 - OUTRAS RECEITAS DE CAPITAL | 0 - OUTRAS RECEITAS DE CAPITAL | 1 - PRINCIPAL | 01 - DEMAIS RECEITAS DE CAPITAL - PRINCIPAL | 12 - OUTORGA ONEROSA - LEI DE ANISTIA | 000 - OUTORGA ONEROSA - LEI DE ANISTIA | 000 - OUTORGA ONEROSA - LEI DE ANISTIA | 11 - INTEGRAL | 01 - TOTAL | 000 - TOTAL | 720000.00 | .00;2024;8;Fundo Municipal de HabitaÆo - COHAB;2 - RECEITAS DE CAPITAL;9 - OUTRAS RECEITAS DE CAPITAL;9 - DEMAIS RECEITAS DE CAPITAL;9 - DEMAIS RECEITAS DE CAPITAL;99 - OUTRAS RECEITAS DE CAPITAL;0 - OUTRAS RECEITAS DE CAPITAL;1 - Principal;01 - DEMAIS RECEITAS DE CAPITAL - PRINCIPAL;12 - OUTORGA ONEROSA - LEI DE ANISTIA;000 - OUTORGA ONEROSA - LEI DE ANISTIA;000 - OUTORGA ONEROSA - LEI DE ANISTIA;11 - Integral;01 - Total;000 - Total;720000.00;.00
2024;2024 | 8 | PREFEITURA DO MUNICOPIO DE SCO PAULO | 1 - RECEITAS CORRENTES | 3 - RECEITA PATRIMONIAL | 2 - VALORES MOBILIRIOS | 1 - JUROS E CORREAES MONETRIAS | 05 - JUROS DE TOTULOS DE RENDA | 0 - JUROS DE TOTULOS DE RENDA | 1 - PRINCIPAL | 01 - FUNDOS DE INVESTIMENTOS E APLICAAES EM COTAS - RENDA FIXA | 09 - TESOURO MUNICIPAL - RECURSOS VINCULADOS | 032 - SECRETARIA MUNICIPAL DE URBANISMO E LICENCIAMENTO | 009 - OPERACO URBANA FARIA LIMA - OUTORGA HIS | 11 - INTEGRAL | 01 - TOTAL | 000 - TOTAL | 3840000.00 | 388054.93;2024;8;PREFEITURA DO MUNICÖPIO DE SÇO PAULO;1 - RECEITAS CORRENTES;3 - RECEITA PATRIMONIAL;2 - VALORES MOBILIµRIOS;1 - JUROS E CORREåES MONETµRIAS;05 - JUROS DE TÖTULOS DE RENDA;0 - JUROS DE TÖTULOS DE RENDA;1 - Principal;01 - FUNDOS DE INVESTIMENTOS E APLICAåES EM COTAS - RENDA FIXA;09 - TESOURO MUNICIPAL - RECURSOS VINCULADOS;032 - SECRETARIA MUNICIPAL DE URBANISMO E LICENCIAMENTO;009 - OPERAÇO URBANA FARIA LIMA - OUTORGA HIS;11 - Integral;01 - Total;000 - Total;3840000.00;388054.93
2024;2024 | 8 | PREFEITURA DO MUNICOPIO DE SCO PAULO | 1 - RECEITAS CORRENTES | 3 - RECEITA PATRIMONIAL | 2 - VALORES MOBILIRIOS | 1 - JUROS E CORREAES MONETRIAS | 05 - JUROS DE TOTULOS DE RENDA | 0 - JUROS DE TOTULOS DE RENDA | 1 - PRINCIPAL | 01 - FUNDOS DE INVESTIMENTOS E APLICAAES EM COTAS - RENDA FIXA | 09 - TESOURO MUNICIPAL - RECURSOS VINCULADOS | 032 - SECRETARIA MUNICIPAL DE URBANISMO E LICENCIAMENTO | 011 - OPERACO URBANA FARIA LIMA - OUTORGA | 11 - INTEGRAL | 01 - TOTAL | 000 - TOTAL | 9600000.00 | 1012784.59;2024;8;PREFEITURA DO MUNICÖPIO DE SÇO PAULO;1 - RECEITAS CORRENTES;3 - RECEITA PATRIMONIAL;2 - VALORES MOBILIµRIOS;1 - JUROS E CORREåES MONETµRIAS;05 - JUROS DE TÖTULOS DE RENDA;0 - JUROS DE TÖTULOS DE RENDA;1 - Principal;01 - FUNDOS DE INVESTIMENTOS E APLICAåES EM COTAS - RENDA FIXA;09 - TESOURO MUNICIPAL - RECURSOS VINCULADOS;032 - SECRETARIA MUNICIPAL DE URBANISMO E LICENCIAMENTO;011 - OPERAÇO URBANA FARIA LIMA - OUTORGA;11 - Integral;01 - Total;000 - Total;9600000.00;1012784.59
2024;2024 | 8 | PREFEITURA DO MUNICOPIO DE SCO PAULO | 1 - RECEITAS CORRENTES | 3 - RECEITA PATRIMONIAL | 2 - VALORES MOBILIRIOS | 1 - JUROS E CORREAES MONETRIAS | 05 - JUROS DE TOTULOS DE RENDA | 0 - JUROS DE TOTULOS DE RENDA | 1 - PRINCIPAL | 01 - FUNDOS DE INVESTIMENTOS E APLICAAES EM COTAS - RENDA FIXA | 09 - TESOURO MUNICIPAL - RECURSOS VINCULADOS | 032 - SECRETARIA MUNICIPAL DE URBANISMO E LICENCIAMENTO | 013 - FUNDO ESPECIAL OPERACO URBANA GUA BRANCA - FEAB - OUTORGA | 11 - INTEGRAL | 01 - TOTAL | 000 - TOTAL | 73598400.00 | 8149464.59;2024;8;PREFEITURA DO MUNICÖPIO DE SÇO PAULO;1 - RECEITAS CORRENTES;3 - RECEITA PATRIMONIAL;2 - VALORES MOBILIµRIOS;1 - JUROS E CORREåES MONETµRIAS;05 - JUROS DE TÖTULOS DE RENDA;0 - JUROS DE TÖTULOS DE RENDA;1 - Principal;01 - FUNDOS DE INVESTIMENTOS E APLICAåES EM COTAS - RENDA FIXA;09 - TESOURO MUNICIPAL - RECURSOS VINCULADOS;032 - SECRETARIA MUNICIPAL DE URBANISMO E LICENCIAMENTO;013 - FUNDO ESPECIAL OPERAÇO URBANA µGUA BRANCA - FEAB - OUTORGA;11 - Integral;01 - Total;000 - Total;73598400.00;8149464.59
2024;2024 | 8 | PREFEITURA DO MUNICOPIO DE SCO PAULO | 1 - RECEITAS CORRENTES | 3 - RECEITA PATRIMONIAL | 2 - VALORES MOBILIRIOS | 1 - JUROS E CORREAES MONETRIAS | 05 - JUROS DE TOTULOS DE RENDA | 0 - JUROS DE TOTULOS DE RENDA | 1 - PRINCIPAL | 01 - FUNDOS DE INVESTIMENTOS E APLICAAES EM COTAS - RENDA FIXA | 09 - TESOURO MUNICIPAL - RECURSOS VINCULADOS | 032 - SECRETARIA MUNICIPAL DE URBANISMO E LICENCIAMENTO | 014 - FUNDO ESPECIAL OPERACO URBANA GUA BRANCA - FEAB - OUTORGA - HIS | 11 - INTEGRAL | 01 - TOTAL | 000 - TOTAL | 26400.00 | 2911.46;2024;8;PREFEITURA DO MUNICÖPIO DE SÇO PAULO;1 - RECEITAS CORRENTES;3 - RECEITA PATRIMONIAL;2 - VALORES MOBILIµRIOS;1 - JUROS E CORREåES MONETµRIAS;05 - JUROS DE TÖTULOS DE RENDA;0 - JUROS DE TÖTULOS DE RENDA;1 - Principal;01 - FUNDOS DE INVESTIMENTOS E APLICAåES EM COTAS - RENDA FIXA;09 - TESOURO MUNICIPAL - RECURSOS VINCULADOS;032 - SECRETARIA MUNICIPAL DE URBANISMO E LICENCIAMENTO;014 - FUNDO ESPECIAL OPERAÇO URBANA µGUA BRANCA - FEAB - OUTORGA - HIS;11 - Integral;01 - Total;000 - Total;26400.00;2911.46
2024;2024 | 8 | PREFEITURA DO MUNICOPIO DE SCO PAULO | 1 - RECEITAS CORRENTES | 3 - RECEITA PATRIMONIAL | 3 - DELEGACO DE SERVIOS PEBLICOS MEDIANTE CONCESSCO PERMISSCO AUTORIZACO OU LICENA | 9 - DEMAIS DELEGAAES DE SERVIOS PEBLICOS | 99 - OUTRAS DELEGAAES DE SERVIOS PEBLICOS | 0 - OUTRAS DELEGAAES DE SERVIOS PEBLICOS | 1 - PRINCIPAL | 01 - OUTORGAS PROVENIENTES DE CONCESSAES - FMD | 00 - OUTORGAS PROVENIENTES DE CONCESSAES - FMD | 000 - OUTORGAS PROVENIENTES DE CONCESSAES - FMD | 000 - OUTORGAS PROVENIENTES DE CONCESSAES - FMD | 11 - INTEGRAL | 01 - TOTAL | 000 - TOTAL | 149581358.00 | 12736163.76;2024;8;PREFEITURA DO MUNICÖPIO DE SÇO PAULO;1 - RECEITAS CORRENTES;3 - RECEITA PATRIMONIAL;3 - DELEGAÇO DE SERVIOS PéBLICOS MEDIANTE CONCESSÇO PERMISSÇO AUTORIZAÇO OU LICENA;9 - DEMAIS DELEGAåES DE SERVIOS PéBLICOS;99 - OUTRAS DELEGAåES DE SERVIOS PéBLICOS;0 - OUTRAS DELEGAåES DE SERVIOS PéBLICOS;1 - Principal;01 - OUTORGAS PROVENIENTES DE CONCESSåES - FMD;00 - OUTORGAS PROVENIENTES DE CONCESSåES - FMD;000 - OUTORGAS PROVENIENTES DE CONCESSåES - FMD;000 - OUTORGAS PROVENIENTES DE CONCESSåES - FMD;11 - Integral;01 - Total;000 - Total;149581358.00;12736163.76
2024;2024 | 8 | PREFEITURA DO MUNICOPIO DE SCO PAULO | 1 - RECEITAS CORRENTES | 9 - OUTRAS RECEITAS CORRENTES | 4 - MULTAS E JUROS DE MORA DAS RECEITAS DE CAPITAL | 9 - MULTAS E JUROS DE MORA DE OUTRAS RECEITAS DE CAPITAL | 99 - MULTAS E JUROS DE OUTRAS RECEITAS DE CAPITAL | 0 - MULTAS E JUROS DE OUTRAS RECEITAS DE CAPITAL | 2 - MULTA | 76 - OUTORGA ONEROSA - PLANO DIRETOR - DIREITO DE CONSTRUIR - FUNDURB - MULTAS E JUROS | 00 - OUTORGA ONEROSA - PLANO DIRETOR - DIREITO DE CONSTRUIR - FUNDURB - MULTAS E JUROS | 000 - OUTORGA ONEROSA - PLANO DIRETOR - DIREITO DE CONSTRUIR - FUNDURB - MULTAS E JUROS | 000 - OUTORGA ONEROSA - PLANO DIRETOR - DIREITO DE CONSTRUIR - FUNDURB - MULTAS E JUROS | 11 - INTEGRAL | 01 - TOTAL | 000 - TOTAL | 1755.00 | .00;2024;8;PREFEITURA DO MUNICÖPIO DE SÇO PAULO;1 - RECEITAS CORRENTES;9 - OUTRAS RECEITAS CORRENTES;4 - MULTAS E JUROS DE MORA DAS RECEITAS DE CAPITAL;9 - MULTAS E JUROS DE MORA DE OUTRAS RECEITAS DE CAPITAL;99 - MULTAS E JUROS DE OUTRAS RECEITAS DE CAPITAL;0 - MULTAS E JUROS DE OUTRAS RECEITAS DE CAPITAL;2 - Multa;76 - OUTORGA ONEROSA - PLANO DIRETOR - DIREITO DE CONSTRUIR - FUNDURB - MULTAS E JUROS;00 - OUTORGA ONEROSA - PLANO DIRETOR - DIREITO DE CONSTRUIR - FUNDURB - MULTAS E JUROS;000 - OUTORGA ONEROSA - PLANO DIRETOR - DIREITO DE CONSTRUIR - FUNDURB - MULTAS E JUROS;000 - OUTORGA ONEROSA - PLANO DIRETOR - DIREITO DE CONSTRUIR - FUNDURB - MULTAS E JUROS;11 - Integral;01 - Total;000 - Total;1755.00;.00
2024;2024 | 8 | PREFEITURA DO MUNICOPIO DE SCO PAULO | 2 - RECEITAS DE CAPITAL | 9 - OUTRAS RECEITAS DE CAPITAL | 9 - DEMAIS RECEITAS DE CAPITAL | 9 - DEMAIS RECEITAS DE CAPITAL | 99 - OUTRAS RECEITAS DE CAPITAL | 0 - OUTRAS RECEITAS DE CAPITAL | 1 - PRINCIPAL | 01 - DEMAIS RECEITAS DE CAPITAL - PRINCIPAL | 09 - OUTORGA ONEROSA COTA SOLIDARIEDADE - FUNDURB | 000 - OUTORGA ONEROSA COTA SOLIDARIEDADE - FUNDURB | 000 - OUTORGA ONEROSA COTA SOLIDARIEDADE - FUNDURB | 11 - INTEGRAL | 01 - TOTAL | 000 - TOTAL | 21606266.00 | 5658243.67;2024;8;PREFEITURA DO MUNICÖPIO DE SÇO PAULO;2 - RECEITAS DE CAPITAL;9 - OUTRAS RECEITAS DE CAPITAL;9 - DEMAIS RECEITAS DE CAPITAL;9 - DEMAIS RECEITAS DE CAPITAL;99 - OUTRAS RECEITAS DE CAPITAL;0 - OUTRAS RECEITAS DE CAPITAL;1 - Principal;01 - DEMAIS RECEITAS DE CAPITAL - PRINCIPAL;09 - OUTORGA ONEROSA COTA SOLIDARIEDADE - FUNDURB;000 - OUTORGA ONEROSA COTA SOLIDARIEDADE - FUNDURB;000 - OUTORGA ONEROSA COTA SOLIDARIEDADE - FUNDURB;11 - Integral;01 - Total;000 - Total;21606266.00;5658243.67
2024;2024 | 8 | PREFEITURA DO MUNICOPIO DE SCO PAULO | 2 - RECEITAS DE CAPITAL | 9 - OUTRAS RECEITAS DE CAPITAL | 9 - DEMAIS RECEITAS DE CAPITAL | 9 - DEMAIS RECEITAS DE CAPITAL | 99 - OUTRAS RECEITAS DE CAPITAL | 0 - OUTRAS RECEITAS DE CAPITAL | 1 - PRINCIPAL | 01 - DEMAIS RECEITAS DE CAPITAL - PRINCIPAL | 11 - OUTORGA ONEROSA - PLANO DIRETOR - DIREITO DE CONSTRUIR - FUNDURB | 000 - OUTORGA ONEROSA - PLANO DIRETOR - DIREITO DE CONSTRUIR - FUNDURB | 000 - OUTORGA ONEROSA - PLANO DIRETOR - DIREITO DE CONSTRUIR - FUNDURB | 11 - INTEGRAL | 01 - TOTAL | 000 - TOTAL | 1118194927.00 | 74819376.88;2024;8;PREFEITURA DO MUNICÖPIO DE SÇO PAULO;2 - RECEITAS DE CAPITAL;9 - OUTRAS RECEITAS DE CAPITAL;9 - DEMAIS RECEITAS DE CAPITAL;9 - DEMAIS RECEITAS DE CAPITAL;99 - OUTRAS RECEITAS DE CAPITAL;0 - OUTRAS RECEITAS DE CAPITAL;1 - Principal;01 - DEMAIS RECEITAS DE CAPITAL - PRINCIPAL;11 - OUTORGA ONEROSA - PLANO DIRETOR - DIREITO DE CONSTRUIR - FUNDURB;000 - OUTORGA ONEROSA - PLANO DIRETOR - DIREITO DE CONSTRUIR - FUNDURB;000 - OUTORGA ONEROSA - PLANO DIRETOR - DIREITO DE CONSTRUIR - FUNDURB;11 - Integral;01 - Total;000 - Total;1118194927.00;74819376.88
2024;2024 | 8 | PREFEITURA DO MUNICOPIO DE SCO PAULO | 2 - RECEITAS DE CAPITAL | 9 - OUTRAS RECEITAS DE CAPITAL | 9 - DEMAIS RECEITAS DE CAPITAL | 9 - DEMAIS RECEITAS DE CAPITAL | 99 - OUTRAS RECEITAS DE CAPITAL | 0 - OUTRAS RECEITAS DE CAPITAL | 1 - PRINCIPAL | 01 - DEMAIS RECEITAS DE CAPITAL - PRINCIPAL | 11 - OUTORGA ONEROSA - PLANO DIRETOR - DIREITO DE CONSTRUIR - FUNDURB | 000 - OUTORGA ONEROSA - PLANO DIRETOR - DIREITO DE CONSTRUIR - FUNDURB | 000 - OUTORGA ONEROSA - PLANO DIRETOR - DIREITO DE CONSTRUIR - FUNDURB | 11 - INTEGRAL | 09 - DEDUTORA | 001 - DEDUAES OUTORGA ONEROSA - PLANO DIRETOR - DIREITO DE CONSTRUIR - FUNDURB | .00 | .00;2024;8;PREFEITURA DO MUNICÖPIO DE SÇO PAULO;2 - RECEITAS DE CAPITAL;9 - OUTRAS RECEITAS DE CAPITAL;9 - DEMAIS RECEITAS DE CAPITAL;9 - DEMAIS RECEITAS DE CAPITAL;99 - OUTRAS RECEITAS DE CAPITAL;0 - OUTRAS RECEITAS DE CAPITAL;1 - Principal;01 - DEMAIS RECEITAS DE CAPITAL - PRINCIPAL;11 - OUTORGA ONEROSA - PLANO DIRETOR - DIREITO DE CONSTRUIR - FUNDURB;000 - OUTORGA ONEROSA - PLANO DIRETOR - DIREITO DE CONSTRUIR - FUNDURB;000 - OUTORGA ONEROSA - PLANO DIRETOR - DIREITO DE CONSTRUIR - FUNDURB;11 - Integral;09 - Dedutora;001 - Deduäes Outorga Onerosa - Plano Diretor - Direito de Construir - FUNDURB;.00;.00
2024;2024 | 9 | AGONCIA REG. DE SERV. PEBLICOS DE SCO PAULO | 1 - RECEITAS CORRENTES | 1 - IMPOSTOS TAXAS E CONTRIBUIAES DE MELHORIA | 2 - TAXAS | 1 - TAXAS PELO EXERCOCIO DO PODER DE POLOCIA | 01 - TAXAS DE INSPECO CONTROLE E FISCALIZACO | 0 - TAXAS DE INSPECO CONTROLE E FISCALIZACO | 1 - PRINCIPAL | 13 - TAXAS - EMISSCO DE ALVARS - SERVIOS FUNERRIOS E CEMITERIAIS | 00 - TAXAS - EMISSCO DE ALVARS - SERVIOS FUNERRIOS E CEMITERIAIS | 000 - TAXAS - EMISSCO DE ALVARS - SERVIOS FUNERRIOS E CEMITERIAIS | 000 - TAXAS - EMISSCO DE ALVARS - SERVIOS FUNERRIOS E CEMITERIAIS | 11 - INTEGRAL | 01 - TOTAL | 000 - TOTAL | .00 | 6169.38;2024;9;AGÒNCIA REG. DE SERV. PéBLICOS DE SÇO PAULO;1 - RECEITAS CORRENTES;1 - IMPOSTOS TAXAS E CONTRIBUIåES DE MELHORIA;2 - TAXAS;1 - TAXAS PELO EXERCÖCIO DO PODER DE POLÖCIA;01 - TAXAS DE INSPEÇO CONTROLE E FISCALIZAÇO;0 - TAXAS DE INSPEÇO CONTROLE E FISCALIZAÇO;1 - Principal;13 - TAXAS - EMISSÇO DE ALVARµS - SERVIOS FUNERµRIOS E CEMITERIAIS;00 - TAXAS - EMISSÇO DE ALVARµS - SERVIOS FUNERµRIOS E CEMITERIAIS;000 - TAXAS - EMISSÇO DE ALVARµS - SERVIOS FUNERµRIOS E CEMITERIAIS;000 - TAXAS - EMISSÇO DE ALVARµS - SERVIOS FUNERµRIOS E CEMITERIAIS;11 - Integral;01 - Total;000 - Total;.00;6169.38
2024;2024 | 9 | AGONCIA REG. DE SERV. PEBLICOS DE SCO PAULO | 1 - RECEITAS CORRENTES | 9 - OUTRAS RECEITAS CORRENTES | 1 - MULTAS ADMINISTRATIVAS CONTRATUAIS E JUDICIAIS | 1 - MULTAS ADMINISTRATIVAS CONTRATUAIS E JUDICIAIS | 01 - MULTAS PREVISTAS EM LEGISLACO ESPECOFICA | 0 - MULTAS PREVISTAS EM LEGISLACO ESPECOFICA | 1 - PRINCIPAL | 02 - DEMAIS MULTAS PREVISTAS EM LEGISLACO ESPECOFICA | 16 - MULTAS DE POSTURAS MUNICIPAIS - SP REGULA | 000 - MULTAS DE POSTURAS MUNICIPAIS - SP REGULA | 000 - MULTAS DE POSTURAS MUNICIPAIS - SP REGULA | 11 - INTEGRAL | 01 - TOTAL | 000 - TOTAL | .00 | 122861.52;2024;9;AGÒNCIA REG. DE SERV. PéBLICOS DE SÇO PAULO;1 - RECEITAS CORRENTES;9 - OUTRAS RECEITAS CORRENTES;1 - MULTAS ADMINISTRATIVAS CONTRATUAIS E JUDICIAIS;1 - MULTAS ADMINISTRATIVAS CONTRATUAIS E JUDICIAIS;01 - MULTAS PREVISTAS EM LEGISLAÇO ESPECÖFICA;0 - MULTAS PREVISTAS EM LEGISLAÇO ESPECÖFICA;1 - Principal;02 - DEMAIS MULTAS PREVISTAS EM LEGISLAÇO ESPECÖFICA;16 - MULTAS DE POSTURAS MUNICIPAIS - SP REGULA;000 - MULTAS DE POSTURAS MUNICIPAIS - SP REGULA;000 - MULTAS DE POSTURAS MUNICIPAIS - SP REGULA;11 - Integral;01 - Total;000 - Total;.00;122861.52
2024;2024 | 9 | AGONCIA REG. DE SERV. PEBLICOS DE SCO PAULO | 1 - RECEITAS CORRENTES | 9 - OUTRAS RECEITAS CORRENTES | 1 - MULTAS ADMINISTRATIVAS CONTRATUAIS E JUDICIAIS | 1 - MULTAS ADMINISTRATIVAS CONTRATUAIS E JUDICIAIS | 01 - MULTAS PREVISTAS EM LEGISLACO ESPECOFICA | 0 - MULTAS PREVISTAS EM LEGISLACO ESPECOFICA | 2 - MULTA | 02 - DEMAIS MULTAS PREVISTAS EM LEGISLACO ESPECOFICA - MULTAS E JUROS | 16 - MULTAS DE POSTURAS MUNICIPAIS - SP REGULA - MULTAS E JUROS | 000 - MULTAS DE POSTURAS MUNICIPAIS - SP REGULA - MULTAS E JUROS | 000 - MULTAS DE POSTURAS MUNICIPAIS - SP REGULA - MULTAS E JUROS | 11 - INTEGRAL | 01 - TOTAL | 000 - TOTAL | .00 | 270.10;2024;9;AGÒNCIA REG. DE SERV. PéBLICOS DE SÇO PAULO;1 - RECEITAS CORRENTES;9 - OUTRAS RECEITAS CORRENTES;1 - MULTAS ADMINISTRATIVAS CONTRATUAIS E JUDICIAIS;1 - MULTAS ADMINISTRATIVAS CONTRATUAIS E JUDICIAIS;01 - MULTAS PREVISTAS EM LEGISLAÇO ESPECÖFICA;0 - MULTAS PREVISTAS EM LEGISLAÇO ESPECÖFICA;2 - Multa;02 - DEMAIS MULTAS PREVISTAS EM LEGISLAÇO ESPECÖFICA - MULTAS E JUROS;16 - MULTAS DE POSTURAS MUNICIPAIS - SP REGULA - MULTAS E JUROS;000 - MULTAS DE POSTURAS MUNICIPAIS - SP REGULA - MULTAS E JUROS;000 - MULTAS DE POSTURAS MUNICIPAIS - SP REGULA - MULTAS E JUROS;11 - Integral;01 - Total;000 - Total;.00;270.10
2024;2024 | 9 | FUNDO MUNICIPAL DE HABITAO - COHAB | 1 - RECEITAS CORRENTES | 3 - RECEITA PATRIMONIAL | 2 - VALORES MOBILIRIOS | 1 - JUROS E CORREAES MONETRIAS | 05 - JUROS DE TOTULOS DE RENDA | 0 - JUROS DE TOTULOS DE RENDA | 1 - PRINCIPAL | 01 - FUNDOS DE INVESTIMENTOS E APLICAAES EM COTAS - RENDA FIXA | 09 - TESOURO MUNICIPAL - RECURSOS VINCULADOS | 023 - FUNDO MUNICIPAL DE HABITACO - COHAB | 001 - OUTORGA ONEROSA LEI 13.558/2003 ALTERADA PELA LEI 13.876/2004 | 11 - INTEGRAL | 01 - TOTAL | 000 - TOTAL | 3293.00 | .00;2024;9;Fundo Municipal de HabitaÆo - COHAB;1 - RECEITAS CORRENTES;3 - RECEITA PATRIMONIAL;2 - VALORES MOBILIµRIOS;1 - JUROS E CORREåES MONETµRIAS;05 - JUROS DE TÖTULOS DE RENDA;0 - JUROS DE TÖTULOS DE RENDA;1 - Principal;01 - FUNDOS DE INVESTIMENTOS E APLICAåES EM COTAS - RENDA FIXA;09 - TESOURO MUNICIPAL - RECURSOS VINCULADOS;023 - FUNDO MUNICIPAL DE HABITAÇO - COHAB;001 - OUTORGA ONEROSA LEI 13.558/2003 ALTERADA PELA LEI 13.876/2004;11 - Integral;01 - Total;000 - Total;3293.00;.00
2024;2024 | 9 | FUNDO MUNICIPAL DE HABITAO - COHAB | 2 - RECEITAS DE CAPITAL | 9 - OUTRAS RECEITAS DE CAPITAL | 9 - DEMAIS RECEITAS DE CAPITAL | 9 - DEMAIS RECEITAS DE CAPITAL | 99 - OUTRAS RECEITAS DE CAPITAL | 0 - OUTRAS RECEITAS DE CAPITAL | 1 - PRINCIPAL | 01 - DEMAIS RECEITAS DE CAPITAL - PRINCIPAL | 12 - OUTORGA ONEROSA - LEI DE ANISTIA | 000 - OUTORGA ONEROSA - LEI DE ANISTIA | 000 - OUTORGA ONEROSA - LEI DE ANISTIA | 11 - INTEGRAL | 01 - TOTAL | 000 - TOTAL | 720000.00 | 33769.98;2024;9;Fundo Municipal de HabitaÆo - COHAB;2 - RECEITAS DE CAPITAL;9 - OUTRAS RECEITAS DE CAPITAL;9 - DEMAIS RECEITAS DE CAPITAL;9 - DEMAIS RECEITAS DE CAPITAL;99 - OUTRAS RECEITAS DE CAPITAL;0 - OUTRAS RECEITAS DE CAPITAL;1 - Principal;01 - DEMAIS RECEITAS DE CAPITAL - PRINCIPAL;12 - OUTORGA ONEROSA - LEI DE ANISTIA;000 - OUTORGA ONEROSA - LEI DE ANISTIA;000 - OUTORGA ONEROSA - LEI DE ANISTIA;11 - Integral;01 - Total;000 - Total;720000.00;33769.98
2024;2024 | 9 | PREFEITURA DO MUNICOPIO DE SCO PAULO | 1 - RECEITAS CORRENTES | 3 - RECEITA PATRIMONIAL | 2 - VALORES MOBILIRIOS | 1 - JUROS E CORREAES MONETRIAS | 05 - JUROS DE TOTULOS DE RENDA | 0 - JUROS DE TOTULOS DE RENDA | 1 - PRINCIPAL | 01 - FUNDOS DE INVESTIMENTOS E APLICAAES EM COTAS - RENDA FIXA | 09 - TESOURO MUNICIPAL - RECURSOS VINCULADOS | 032 - SECRETARIA MUNICIPAL DE URBANISMO E LICENCIAMENTO | 009 - OPERACO URBANA FARIA LIMA - OUTORGA HIS | 11 - INTEGRAL | 01 - TOTAL | 000 - TOTAL | 3840000.00 | 371569.29;2024;9;PREFEITURA DO MUNICÖPIO DE SÇO PAULO;1 - RECEITAS CORRENTES;3 - RECEITA PATRIMONIAL;2 - VALORES MOBILIµRIOS;1 - JUROS E CORREåES MONETµRIAS;05 - JUROS DE TÖTULOS DE RENDA;0 - JUROS DE TÖTULOS DE RENDA;1 - Principal;01 - FUNDOS DE INVESTIMENTOS E APLICAåES EM COTAS - RENDA FIXA;09 - TESOURO MUNICIPAL - RECURSOS VINCULADOS;032 - SECRETARIA MUNICIPAL DE URBANISMO E LICENCIAMENTO;009 - OPERAÇO URBANA FARIA LIMA - OUTORGA HIS;11 - Integral;01 - Total;000 - Total;3840000.00;371569.29
2024;2024 | 9 | PREFEITURA DO MUNICOPIO DE SCO PAULO | 1 - RECEITAS CORRENTES | 3 - RECEITA PATRIMONIAL | 2 - VALORES MOBILIRIOS | 1 - JUROS E CORREAES MONETRIAS | 05 - JUROS DE TOTULOS DE RENDA | 0 - JUROS DE TOTULOS DE RENDA | 1 - PRINCIPAL | 01 - FUNDOS DE INVESTIMENTOS E APLICAAES EM COTAS - RENDA FIXA | 09 - TESOURO MUNICIPAL - RECURSOS VINCULADOS | 032 - SECRETARIA MUNICIPAL DE URBANISMO E LICENCIAMENTO | 011 - OPERACO URBANA FARIA LIMA - OUTORGA | 11 - INTEGRAL | 01 - TOTAL | 000 - TOTAL | 9600000.00 | 943433.44;2024;9;PREFEITURA DO MUNICÖPIO DE SÇO PAULO;1 - RECEITAS CORRENTES;3 - RECEITA PATRIMONIAL;2 - VALORES MOBILIµRIOS;1 - JUROS E CORREåES MONETµRIAS;05 - JUROS DE TÖTULOS DE RENDA;0 - JUROS DE TÖTULOS DE RENDA;1 - Principal;01 - FUNDOS DE INVESTIMENTOS E APLICAåES EM COTAS - RENDA FIXA;09 - TESOURO MUNICIPAL - RECURSOS VINCULADOS;032 - SECRETARIA MUNICIPAL DE URBANISMO E LICENCIAMENTO;011 - OPERAÇO URBANA FARIA LIMA - OUTORGA;11 - Integral;01 - Total;000 - Total;9600000.00;943433.44
2024;2024 | 9 | PREFEITURA DO MUNICOPIO DE SCO PAULO | 1 - RECEITAS CORRENTES | 3 - RECEITA PATRIMONIAL | 2 - VALORES MOBILIRIOS | 1 - JUROS E CORREAES MONETRIAS | 05 - JUROS DE TOTULOS DE RENDA | 0 - JUROS DE TOTULOS DE RENDA | 1 - PRINCIPAL | 01 - FUNDOS DE INVESTIMENTOS E APLICAAES EM COTAS - RENDA FIXA | 09 - TESOURO MUNICIPAL - RECURSOS VINCULADOS | 032 - SECRETARIA MUNICIPAL DE URBANISMO E LICENCIAMENTO | 013 - FUNDO ESPECIAL OPERACO URBANA GUA BRANCA - FEAB - OUTORGA | 11 - INTEGRAL | 01 - TOTAL | 000 - TOTAL | 73598400.00 | 7803252.86;2024;9;PREFEITURA DO MUNICÖPIO DE SÇO PAULO;1 - RECEITAS CORRENTES;3 - RECEITA PATRIMONIAL;2 - VALORES MOBILIµRIOS;1 - JUROS E CORREåES MONETµRIAS;05 - JUROS DE TÖTULOS DE RENDA;0 - JUROS DE TÖTULOS DE RENDA;1 - Principal;01 - FUNDOS DE INVESTIMENTOS E APLICAåES EM COTAS - RENDA FIXA;09 - TESOURO MUNICIPAL - RECURSOS VINCULADOS;032 - SECRETARIA MUNICIPAL DE URBANISMO E LICENCIAMENTO;013 - FUNDO ESPECIAL OPERAÇO URBANA µGUA BRANCA - FEAB - OUTORGA;11 - Integral;01 - Total;000 - Total;73598400.00;7803252.86
2024;2024 | 9 | PREFEITURA DO MUNICOPIO DE SCO PAULO | 1 - RECEITAS CORRENTES | 3 - RECEITA PATRIMONIAL | 2 - VALORES MOBILIRIOS | 1 - JUROS E CORREAES MONETRIAS | 05 - JUROS DE TOTULOS DE RENDA | 0 - JUROS DE TOTULOS DE RENDA | 1 - PRINCIPAL | 01 - FUNDOS DE INVESTIMENTOS E APLICAAES EM COTAS - RENDA FIXA | 09 - TESOURO MUNICIPAL - RECURSOS VINCULADOS | 032 - SECRETARIA MUNICIPAL DE URBANISMO E LICENCIAMENTO | 014 - FUNDO ESPECIAL OPERACO URBANA GUA BRANCA - FEAB - OUTORGA - HIS | 11 - INTEGRAL | 01 - TOTAL | 000 - TOTAL | 26400.00 | 2787.78;2024;9;PREFEITURA DO MUNICÖPIO DE SÇO PAULO;1 - RECEITAS CORRENTES;3 - RECEITA PATRIMONIAL;2 - VALORES MOBILIµRIOS;1 - JUROS E CORREåES MONETµRIAS;05 - JUROS DE TÖTULOS DE RENDA;0 - JUROS DE TÖTULOS DE RENDA;1 - Principal;01 - FUNDOS DE INVESTIMENTOS E APLICAåES EM COTAS - RENDA FIXA;09 - TESOURO MUNICIPAL - RECURSOS VINCULADOS;032 - SECRETARIA MUNICIPAL DE URBANISMO E LICENCIAMENTO;014 - FUNDO ESPECIAL OPERAÇO URBANA µGUA BRANCA - FEAB - OUTORGA - HIS;11 - Integral;01 - Total;000 - Total;26400.00;2787.78
2024;2024 | 9 | PREFEITURA DO MUNICOPIO DE SCO PAULO | 1 - RECEITAS CORRENTES | 3 - RECEITA PATRIMONIAL | 3 - DELEGACO DE SERVIOS PEBLICOS MEDIANTE CONCESSCO PERMISSCO AUTORIZACO OU LICENA | 9 - DEMAIS DELEGAAES DE SERVIOS PEBLICOS | 99 - OUTRAS DELEGAAES DE SERVIOS PEBLICOS | 0 - OUTRAS DELEGAAES DE SERVIOS PEBLICOS | 1 - PRINCIPAL | 01 - OUTORGAS PROVENIENTES DE CONCESSAES - FMD | 00 - OUTORGAS PROVENIENTES DE CONCESSAES - FMD | 000 - OUTORGAS PROVENIENTES DE CONCESSAES - FMD | 000 - OUTORGAS PROVENIENTES DE CONCESSAES - FMD | 11 - INTEGRAL | 01 - TOTAL | 000 - TOTAL | 149581358.00 | 9636945.71;2024;9;PREFEITURA DO MUNICÖPIO DE SÇO PAULO;1 - RECEITAS CORRENTES;3 - RECEITA PATRIMONIAL;3 - DELEGAÇO DE SERVIOS PéBLICOS MEDIANTE CONCESSÇO PERMISSÇO AUTORIZAÇO OU LICENA;9 - DEMAIS DELEGAåES DE SERVIOS PéBLICOS;99 - OUTRAS DELEGAåES DE SERVIOS PéBLICOS;0 - OUTRAS DELEGAåES DE SERVIOS PéBLICOS;1 - Principal;01 - OUTORGAS PROVENIENTES DE CONCESSåES - FMD;00 - OUTORGAS PROVENIENTES DE CONCESSåES - FMD;000 - OUTORGAS PROVENIENTES DE CONCESSåES - FMD;000 - OUTORGAS PROVENIENTES DE CONCESSåES - FMD;11 - Integral;01 - Total;000 - Total;149581358.00;9636945.71
2024;2024 | 9 | PREFEITURA DO MUNICOPIO DE SCO PAULO | 1 - RECEITAS CORRENTES | 9 - OUTRAS RECEITAS CORRENTES | 4 - MULTAS E JUROS DE MORA DAS RECEITAS DE CAPITAL | 9 - MULTAS E JUROS DE MORA DE OUTRAS RECEITAS DE CAPITAL | 99 - MULTAS E JUROS DE OUTRAS RECEITAS DE CAPITAL | 0 - MULTAS E JUROS DE OUTRAS RECEITAS DE CAPITAL | 2 - MULTA | 76 - OUTORGA ONEROSA - PLANO DIRETOR - DIREITO DE CONSTRUIR - FUNDURB - MULTAS E JUROS | 00 - OUTORGA ONEROSA - PLANO DIRETOR - DIREITO DE CONSTRUIR - FUNDURB - MULTAS E JUROS | 000 - OUTORGA ONEROSA - PLANO DIRETOR - DIREITO DE CONSTRUIR - FUNDURB - MULTAS E JUROS | 000 - OUTORGA ONEROSA - PLANO DIRETOR - DIREITO DE CONSTRUIR - FUNDURB - MULTAS E JUROS | 11 - INTEGRAL | 01 - TOTAL | 000 - TOTAL | 1755.00 | 341.40;2024;9;PREFEITURA DO MUNICÖPIO DE SÇO PAULO;1 - RECEITAS CORRENTES;9 - OUTRAS RECEITAS CORRENTES;4 - MULTAS E JUROS DE MORA DAS RECEITAS DE CAPITAL;9 - MULTAS E JUROS DE MORA DE OUTRAS RECEITAS DE CAPITAL;99 - MULTAS E JUROS DE OUTRAS RECEITAS DE CAPITAL;0 - MULTAS E JUROS DE OUTRAS RECEITAS DE CAPITAL;2 - Multa;76 - OUTORGA ONEROSA - PLANO DIRETOR - DIREITO DE CONSTRUIR - FUNDURB - MULTAS E JUROS;00 - OUTORGA ONEROSA - PLANO DIRETOR - DIREITO DE CONSTRUIR - FUNDURB - MULTAS E JUROS;000 - OUTORGA ONEROSA - PLANO DIRETOR - DIREITO DE CONSTRUIR - FUNDURB - MULTAS E JUROS;000 - OUTORGA ONEROSA - PLANO DIRETOR - DIREITO DE CONSTRUIR - FUNDURB - MULTAS E JUROS;11 - Integral;01 - Total;000 - Total;1755.00;341.40
2024;2024 | 9 | PREFEITURA DO MUNICOPIO DE SCO PAULO | 2 - RECEITAS DE CAPITAL | 9 - OUTRAS RECEITAS DE CAPITAL | 9 - DEMAIS RECEITAS DE CAPITAL | 9 - DEMAIS RECEITAS DE CAPITAL | 99 - OUTRAS RECEITAS DE CAPITAL | 0 - OUTRAS RECEITAS DE CAPITAL | 1 - PRINCIPAL | 01 - DEMAIS RECEITAS DE CAPITAL - PRINCIPAL | 09 - OUTORGA ONEROSA COTA SOLIDARIEDADE - FUNDURB | 000 - OUTORGA ONEROSA COTA SOLIDARIEDADE - FUNDURB | 000 - OUTORGA ONEROSA COTA SOLIDARIEDADE - FUNDURB | 11 - INTEGRAL | 01 - TOTAL | 000 - TOTAL | 21606266.00 | 4018108.45;2024;9;PREFEITURA DO MUNICÖPIO DE SÇO PAULO;2 - RECEITAS DE CAPITAL;9 - OUTRAS RECEITAS DE CAPITAL;9 - DEMAIS RECEITAS DE CAPITAL;9 - DEMAIS RECEITAS DE CAPITAL;99 - OUTRAS RECEITAS DE CAPITAL;0 - OUTRAS RECEITAS DE CAPITAL;1 - Principal;01 - DEMAIS RECEITAS DE CAPITAL - PRINCIPAL;09 - OUTORGA ONEROSA COTA SOLIDARIEDADE - FUNDURB;000 - OUTORGA ONEROSA COTA SOLIDARIEDADE - FUNDURB;000 - OUTORGA ONEROSA COTA SOLIDARIEDADE - FUNDURB;11 - Integral;01 - Total;000 - Total;21606266.00;4018108.45
2024;2024 | 9 | PREFEITURA DO MUNICOPIO DE SCO PAULO | 2 - RECEITAS DE CAPITAL | 9 - OUTRAS RECEITAS DE CAPITAL | 9 - DEMAIS RECEITAS DE CAPITAL | 9 - DEMAIS RECEITAS DE CAPITAL | 99 - OUTRAS RECEITAS DE CAPITAL | 0 - OUTRAS RECEITAS DE CAPITAL | 1 - PRINCIPAL | 01 - DEMAIS RECEITAS DE CAPITAL - PRINCIPAL | 11 - OUTORGA ONEROSA - PLANO DIRETOR - DIREITO DE CONSTRUIR - FUNDURB | 000 - OUTORGA ONEROSA - PLANO DIRETOR - DIREITO DE CONSTRUIR - FUNDURB | 000 - OUTORGA ONEROSA - PLANO DIRETOR - DIREITO DE CONSTRUIR - FUNDURB | 11 - INTEGRAL | 01 - TOTAL | 000 - TOTAL | 1118194927.00 | 56709842.60;2024;9;PREFEITURA DO MUNICÖPIO DE SÇO PAULO;2 - RECEITAS DE CAPITAL;9 - OUTRAS RECEITAS DE CAPITAL;9 - DEMAIS RECEITAS DE CAPITAL;9 - DEMAIS RECEITAS DE CAPITAL;99 - OUTRAS RECEITAS DE CAPITAL;0 - OUTRAS RECEITAS DE CAPITAL;1 - Principal;01 - DEMAIS RECEITAS DE CAPITAL - PRINCIPAL;11 - OUTORGA ONEROSA - PLANO DIRETOR - DIREITO DE CONSTRUIR - FUNDURB;000 - OUTORGA ONEROSA - PLANO DIRETOR - DIREITO DE CONSTRUIR - FUNDURB;000 - OUTORGA ONEROSA - PLANO DIRETOR - DIREITO DE CONSTRUIR - FUNDURB;11 - Integral;01 - Total;000 - Total;1118194927.00;56709842.60
2024;2024 | 9 | PREFEITURA DO MUNICOPIO DE SCO PAULO | 2 - RECEITAS DE CAPITAL | 9 - OUTRAS RECEITAS DE CAPITAL | 9 - DEMAIS RECEITAS DE CAPITAL | 9 - DEMAIS RECEITAS DE CAPITAL | 99 - OUTRAS RECEITAS DE CAPITAL | 0 - OUTRAS RECEITAS DE CAPITAL | 1 - PRINCIPAL | 01 - DEMAIS RECEITAS DE CAPITAL - PRINCIPAL | 11 - OUTORGA ONEROSA - PLANO DIRETOR - DIREITO DE CONSTRUIR - FUNDURB | 000 - OUTORGA ONEROSA - PLANO DIRETOR - DIREITO DE CONSTRUIR - FUNDURB | 000 - OUTORGA ONEROSA - PLANO DIRETOR - DIREITO DE CONSTRUIR - FUNDURB | 11 - INTEGRAL | 09 - DEDUTORA | 001 - DEDUAES OUTORGA ONEROSA - PLANO DIRETOR - DIREITO DE CONSTRUIR - FUNDURB | .00 | .00;2024;9;PREFEITURA DO MUNICÖPIO DE SÇO PAULO;2 - RECEITAS DE CAPITAL;9 - OUTRAS RECEITAS DE CAPITAL;9 - DEMAIS RECEITAS DE CAPITAL;9 - DEMAIS RECEITAS DE CAPITAL;99 - OUTRAS RECEITAS DE CAPITAL;0 - OUTRAS RECEITAS DE CAPITAL;1 - Principal;01 - DEMAIS RECEITAS DE CAPITAL - PRINCIPAL;11 - OUTORGA ONEROSA - PLANO DIRETOR - DIREITO DE CONSTRUIR - FUNDURB;000 - OUTORGA ONEROSA - PLANO DIRETOR - DIREITO DE CONSTRUIR - FUNDURB;000 - OUTORGA ONEROSA - PLANO DIRETOR - DIREITO DE CONSTRUIR - FUNDURB;11 - Integral;09 - Dedutora;001 - Deduäes Outorga Onerosa - Plano Diretor - Direito de Construir - FUNDURB;.00;.00
2024;2024 | 10 | AGONCIA REG. DE SERV. PEBLICOS DE SCO PAULO | 1 - RECEITAS CORRENTES | 1 - IMPOSTOS TAXAS E CONTRIBUIAES DE MELHORIA | 2 - TAXAS | 1 - TAXAS PELO EXERCOCIO DO PODER DE POLOCIA | 01 - TAXAS DE INSPECO CONTROLE E FISCALIZACO | 0 - TAXAS DE INSPECO CONTROLE E FISCALIZACO | 1 - PRINCIPAL | 13 - TAXAS - EMISSCO DE ALVARS - SERVIOS FUNERRIOS E CEMITERIAIS | 00 - TAXAS - EMISSCO DE ALVARS - SERVIOS FUNERRIOS E CEMITERIAIS | 000 - TAXAS - EMISSCO DE ALVARS - SERVIOS FUNERRIOS E CEMITERIAIS | 000 - TAXAS - EMISSCO DE ALVARS - SERVIOS FUNERRIOS E CEMITERIAIS | 11 - INTEGRAL | 01 - TOTAL | 000 - TOTAL | .00 | 6039.83;2024;10;AGÒNCIA REG. DE SERV. PéBLICOS DE SÇO PAULO;1 - RECEITAS CORRENTES;1 - IMPOSTOS TAXAS E CONTRIBUIåES DE MELHORIA;2 - TAXAS;1 - TAXAS PELO EXERCÖCIO DO PODER DE POLÖCIA;01 - TAXAS DE INSPEÇO CONTROLE E FISCALIZAÇO;0 - TAXAS DE INSPEÇO CONTROLE E FISCALIZAÇO;1 - Principal;13 - TAXAS - EMISSÇO DE ALVARµS - SERVIOS FUNERµRIOS E CEMITERIAIS;00 - TAXAS - EMISSÇO DE ALVARµS - SERVIOS FUNERµRIOS E CEMITERIAIS;000 - TAXAS - EMISSÇO DE ALVARµS - SERVIOS FUNERµRIOS E CEMITERIAIS;000 - TAXAS - EMISSÇO DE ALVARµS - SERVIOS FUNERµRIOS E CEMITERIAIS;11 - Integral;01 - Total;000 - Total;.00;6039.83
2024;2024 | 10 | AGONCIA REG. DE SERV. PEBLICOS DE SCO PAULO | 1 - RECEITAS CORRENTES | 9 - OUTRAS RECEITAS CORRENTES | 1 - MULTAS ADMINISTRATIVAS CONTRATUAIS E JUDICIAIS | 1 - MULTAS ADMINISTRATIVAS CONTRATUAIS E JUDICIAIS | 01 - MULTAS PREVISTAS EM LEGISLACO ESPECOFICA | 0 - MULTAS PREVISTAS EM LEGISLACO ESPECOFICA | 1 - PRINCIPAL | 02 - DEMAIS MULTAS PREVISTAS EM LEGISLACO ESPECOFICA | 16 - MULTAS DE POSTURAS MUNICIPAIS - SP REGULA | 000 - MULTAS DE POSTURAS MUNICIPAIS - SP REGULA | 000 - MULTAS DE POSTURAS MUNICIPAIS - SP REGULA | 11 - INTEGRAL | 01 - TOTAL | 000 - TOTAL | .00 | 89869.62;2024;10;AGÒNCIA REG. DE SERV. PéBLICOS DE SÇO PAULO;1 - RECEITAS CORRENTES;9 - OUTRAS RECEITAS CORRENTES;1 - MULTAS ADMINISTRATIVAS CONTRATUAIS E JUDICIAIS;1 - MULTAS ADMINISTRATIVAS CONTRATUAIS E JUDICIAIS;01 - MULTAS PREVISTAS EM LEGISLAÇO ESPECÖFICA;0 - MULTAS PREVISTAS EM LEGISLAÇO ESPECÖFICA;1 - Principal;02 - DEMAIS MULTAS PREVISTAS EM LEGISLAÇO ESPECÖFICA;16 - MULTAS DE POSTURAS MUNICIPAIS - SP REGULA;000 - MULTAS DE POSTURAS MUNICIPAIS - SP REGULA;000 - MULTAS DE POSTURAS MUNICIPAIS - SP REGULA;11 - Integral;01 - Total;000 - Total;.00;89869.62
2024;2024 | 10 | FUNDO MUNICIPAL DE HABITAO - COHAB | 1 - RECEITAS CORRENTES | 3 - RECEITA PATRIMONIAL | 2 - VALORES MOBILIRIOS | 1 - JUROS E CORREAES MONETRIAS | 05 - JUROS DE TOTULOS DE RENDA | 0 - JUROS DE TOTULOS DE RENDA | 1 - PRINCIPAL | 01 - FUNDOS DE INVESTIMENTOS E APLICAAES EM COTAS - RENDA FIXA | 09 - TESOURO MUNICIPAL - RECURSOS VINCULADOS | 023 - FUNDO MUNICIPAL DE HABITACO - COHAB | 001 - OUTORGA ONEROSA LEI 13.558/2003 ALTERADA PELA LEI 13.876/2004 | 11 - INTEGRAL | 01 - TOTAL | 000 - TOTAL | 3293.00 | .00;2024;10;Fundo Municipal de HabitaÆo - COHAB;1 - RECEITAS CORRENTES;3 - RECEITA PATRIMONIAL;2 - VALORES MOBILIµRIOS;1 - JUROS E CORREåES MONETµRIAS;05 - JUROS DE TÖTULOS DE RENDA;0 - JUROS DE TÖTULOS DE RENDA;1 - Principal;01 - FUNDOS DE INVESTIMENTOS E APLICAåES EM COTAS - RENDA FIXA;09 - TESOURO MUNICIPAL - RECURSOS VINCULADOS;023 - FUNDO MUNICIPAL DE HABITAÇO - COHAB;001 - OUTORGA ONEROSA LEI 13.558/2003 ALTERADA PELA LEI 13.876/2004;11 - Integral;01 - Total;000 - Total;3293.00;.00
2024;2024 | 10 | FUNDO MUNICIPAL DE HABITAO - COHAB | 2 - RECEITAS DE CAPITAL | 9 - OUTRAS RECEITAS DE CAPITAL | 9 - DEMAIS RECEITAS DE CAPITAL | 9 - DEMAIS RECEITAS DE CAPITAL | 99 - OUTRAS RECEITAS DE CAPITAL | 0 - OUTRAS RECEITAS DE CAPITAL | 1 - PRINCIPAL | 01 - DEMAIS RECEITAS DE CAPITAL - PRINCIPAL | 12 - OUTORGA ONEROSA - LEI DE ANISTIA | 000 - OUTORGA ONEROSA - LEI DE ANISTIA | 000 - OUTORGA ONEROSA - LEI DE ANISTIA | 11 - INTEGRAL | 01 - TOTAL | 000 - TOTAL | 720000.00 | .00;2024;10;Fundo Municipal de HabitaÆo - COHAB;2 - RECEITAS DE CAPITAL;9 - OUTRAS RECEITAS DE CAPITAL;9 - DEMAIS RECEITAS DE CAPITAL;9 - DEMAIS RECEITAS DE CAPITAL;99 - OUTRAS RECEITAS DE CAPITAL;0 - OUTRAS RECEITAS DE CAPITAL;1 - Principal;01 - DEMAIS RECEITAS DE CAPITAL - PRINCIPAL;12 - OUTORGA ONEROSA - LEI DE ANISTIA;000 - OUTORGA ONEROSA - LEI DE ANISTIA;000 - OUTORGA ONEROSA - LEI DE ANISTIA;11 - Integral;01 - Total;000 - Total;720000.00;.00
2024;2024 | 10 | PREFEITURA DO MUNICOPIO DE SCO PAULO | 1 - RECEITAS CORRENTES | 3 - RECEITA PATRIMONIAL | 2 - VALORES MOBILIRIOS | 1 - JUROS E CORREAES MONETRIAS | 05 - JUROS DE TOTULOS DE RENDA | 0 - JUROS DE TOTULOS DE RENDA | 1 - PRINCIPAL | 01 - FUNDOS DE INVESTIMENTOS E APLICAAES EM COTAS - RENDA FIXA | 09 - TESOURO MUNICIPAL - RECURSOS VINCULADOS | 032 - SECRETARIA MUNICIPAL DE URBANISMO E LICENCIAMENTO | 009 - OPERACO URBANA FARIA LIMA - OUTORGA HIS | 11 - INTEGRAL | 01 - TOTAL | 000 - TOTAL | 3840000.00 | 422928.65;2024;10;PREFEITURA DO MUNICÖPIO DE SÇO PAULO;1 - RECEITAS CORRENTES;3 - RECEITA PATRIMONIAL;2 - VALORES MOBILIµRIOS;1 - JUROS E CORREåES MONETµRIAS;05 - JUROS DE TÖTULOS DE RENDA;0 - JUROS DE TÖTULOS DE RENDA;1 - Principal;01 - FUNDOS DE INVESTIMENTOS E APLICAåES EM COTAS - RENDA FIXA;09 - TESOURO MUNICIPAL - RECURSOS VINCULADOS;032 - SECRETARIA MUNICIPAL DE URBANISMO E LICENCIAMENTO;009 - OPERAÇO URBANA FARIA LIMA - OUTORGA HIS;11 - Integral;01 - Total;000 - Total;3840000.00;422928.65
2024;2024 | 10 | PREFEITURA DO MUNICOPIO DE SCO PAULO | 1 - RECEITAS CORRENTES | 3 - RECEITA PATRIMONIAL | 2 - VALORES MOBILIRIOS | 1 - JUROS E CORREAES MONETRIAS | 05 - JUROS DE TOTULOS DE RENDA | 0 - JUROS DE TOTULOS DE RENDA | 1 - PRINCIPAL | 01 - FUNDOS DE INVESTIMENTOS E APLICAAES EM COTAS - RENDA FIXA | 09 - TESOURO MUNICIPAL - RECURSOS VINCULADOS | 032 - SECRETARIA MUNICIPAL DE URBANISMO E LICENCIAMENTO | 011 - OPERACO URBANA FARIA LIMA - OUTORGA | 11 - INTEGRAL | 01 - TOTAL | 000 - TOTAL | 9600000.00 | 1070681.18;2024;10;PREFEITURA DO MUNICÖPIO DE SÇO PAULO;1 - RECEITAS CORRENTES;3 - RECEITA PATRIMONIAL;2 - VALORES MOBILIµRIOS;1 - JUROS E CORREåES MONETµRIAS;05 - JUROS DE TÖTULOS DE RENDA;0 - JUROS DE TÖTULOS DE RENDA;1 - Principal;01 - FUNDOS DE INVESTIMENTOS E APLICAåES EM COTAS - RENDA FIXA;09 - TESOURO MUNICIPAL - RECURSOS VINCULADOS;032 - SECRETARIA MUNICIPAL DE URBANISMO E LICENCIAMENTO;011 - OPERAÇO URBANA FARIA LIMA - OUTORGA;11 - Integral;01 - Total;000 - Total;9600000.00;1070681.18
2024;2024 | 10 | PREFEITURA DO MUNICOPIO DE SCO PAULO | 1 - RECEITAS CORRENTES | 3 - RECEITA PATRIMONIAL | 2 - VALORES MOBILIRIOS | 1 - JUROS E CORREAES MONETRIAS | 05 - JUROS DE TOTULOS DE RENDA | 0 - JUROS DE TOTULOS DE RENDA | 1 - PRINCIPAL | 01 - FUNDOS DE INVESTIMENTOS E APLICAAES EM COTAS - RENDA FIXA | 09 - TESOURO MUNICIPAL - RECURSOS VINCULADOS | 032 - SECRETARIA MUNICIPAL DE URBANISMO E LICENCIAMENTO | 013 - FUNDO ESPECIAL OPERACO URBANA GUA BRANCA - FEAB - OUTORGA | 11 - INTEGRAL | 01 - TOTAL | 000 - TOTAL | 73598400.00 | 8880958.72;2024;10;PREFEITURA DO MUNICÖPIO DE SÇO PAULO;1 - RECEITAS CORRENTES;3 - RECEITA PATRIMONIAL;2 - VALORES MOBILIµRIOS;1 - JUROS E CORREåES MONETµRIAS;05 - JUROS DE TÖTULOS DE RENDA;0 - JUROS DE TÖTULOS DE RENDA;1 - Principal;01 - FUNDOS DE INVESTIMENTOS E APLICAåES EM COTAS - RENDA FIXA;09 - TESOURO MUNICIPAL - RECURSOS VINCULADOS;032 - SECRETARIA MUNICIPAL DE URBANISMO E LICENCIAMENTO;013 - FUNDO ESPECIAL OPERAÇO URBANA µGUA BRANCA - FEAB - OUTORGA;11 - Integral;01 - Total;000 - Total;73598400.00;8880958.72
2024;2024 | 10 | PREFEITURA DO MUNICOPIO DE SCO PAULO | 1 - RECEITAS CORRENTES | 3 - RECEITA PATRIMONIAL | 2 - VALORES MOBILIRIOS | 1 - JUROS E CORREAES MONETRIAS | 05 - JUROS DE TOTULOS DE RENDA | 0 - JUROS DE TOTULOS DE RENDA | 1 - PRINCIPAL | 01 - FUNDOS DE INVESTIMENTOS E APLICAAES EM COTAS - RENDA FIXA | 09 - TESOURO MUNICIPAL - RECURSOS VINCULADOS | 032 - SECRETARIA MUNICIPAL DE URBANISMO E LICENCIAMENTO | 014 - FUNDO ESPECIAL OPERACO URBANA GUA BRANCA - FEAB - OUTORGA - HIS | 11 - INTEGRAL | 01 - TOTAL | 000 - TOTAL | 26400.00 | 3173.11;2024;10;PREFEITURA DO MUNICÖPIO DE SÇO PAULO;1 - RECEITAS CORRENTES;3 - RECEITA PATRIMONIAL;2 - VALORES MOBILIµRIOS;1 - JUROS E CORREåES MONETµRIAS;05 - JUROS DE TÖTULOS DE RENDA;0 - JUROS DE TÖTULOS DE RENDA;1 - Principal;01 - FUNDOS DE INVESTIMENTOS E APLICAåES EM COTAS - RENDA FIXA;09 - TESOURO MUNICIPAL - RECURSOS VINCULADOS;032 - SECRETARIA MUNICIPAL DE URBANISMO E LICENCIAMENTO;014 - FUNDO ESPECIAL OPERAÇO URBANA µGUA BRANCA - FEAB - OUTORGA - HIS;11 - Integral;01 - Total;000 - Total;26400.00;3173.11
2024;2024 | 10 | PREFEITURA DO MUNICOPIO DE SCO PAULO | 1 - RECEITAS CORRENTES | 3 - RECEITA PATRIMONIAL | 3 - DELEGACO DE SERVIOS PEBLICOS MEDIANTE CONCESSCO PERMISSCO AUTORIZACO OU LICENA | 9 - DEMAIS DELEGAAES DE SERVIOS PEBLICOS | 99 - OUTRAS DELEGAAES DE SERVIOS PEBLICOS | 0 - OUTRAS DELEGAAES DE SERVIOS PEBLICOS | 1 - PRINCIPAL | 01 - OUTORGAS PROVENIENTES DE CONCESSAES - FMD | 00 - OUTORGAS PROVENIENTES DE CONCESSAES - FMD | 000 - OUTORGAS PROVENIENTES DE CONCESSAES - FMD | 000 - OUTORGAS PROVENIENTES DE CONCESSAES - FMD | 11 - INTEGRAL | 01 - TOTAL | 000 - TOTAL | 149581358.00 | 8783203.42;2024;10;PREFEITURA DO MUNICÖPIO DE SÇO PAULO;1 - RECEITAS CORRENTES;3 - RECEITA PATRIMONIAL;3 - DELEGAÇO DE SERVIOS PéBLICOS MEDIANTE CONCESSÇO PERMISSÇO AUTORIZAÇO OU LICENA;9 - DEMAIS DELEGAåES DE SERVIOS PéBLICOS;99 - OUTRAS DELEGAåES DE SERVIOS PéBLICOS;0 - OUTRAS DELEGAåES DE SERVIOS PéBLICOS;1 - Principal;01 - OUTORGAS PROVENIENTES DE CONCESSåES - FMD;00 - OUTORGAS PROVENIENTES DE CONCESSåES - FMD;000 - OUTORGAS PROVENIENTES DE CONCESSåES - FMD;000 - OUTORGAS PROVENIENTES DE CONCESSåES - FMD;11 - Integral;01 - Total;000 - Total;149581358.00;8783203.42
2024;2024 | 10 | PREFEITURA DO MUNICOPIO DE SCO PAULO | 1 - RECEITAS CORRENTES | 9 - OUTRAS RECEITAS CORRENTES | 4 - MULTAS E JUROS DE MORA DAS RECEITAS DE CAPITAL | 9 - MULTAS E JUROS DE MORA DE OUTRAS RECEITAS DE CAPITAL | 99 - MULTAS E JUROS DE OUTRAS RECEITAS DE CAPITAL | 0 - MULTAS E JUROS DE OUTRAS RECEITAS DE CAPITAL | 2 - MULTA | 76 - OUTORGA ONEROSA - PLANO DIRETOR - DIREITO DE CONSTRUIR - FUNDURB - MULTAS E JUROS | 00 - OUTORGA ONEROSA - PLANO DIRETOR - DIREITO DE CONSTRUIR - FUNDURB - MULTAS E JUROS | 000 - OUTORGA ONEROSA - PLANO DIRETOR - DIREITO DE CONSTRUIR - FUNDURB - MULTAS E JUROS | 000 - OUTORGA ONEROSA - PLANO DIRETOR - DIREITO DE CONSTRUIR - FUNDURB - MULTAS E JUROS | 11 - INTEGRAL | 01 - TOTAL | 000 - TOTAL | 1755.00 | 12.09;2024;10;PREFEITURA DO MUNICÖPIO DE SÇO PAULO;1 - RECEITAS CORRENTES;9 - OUTRAS RECEITAS CORRENTES;4 - MULTAS E JUROS DE MORA DAS RECEITAS DE CAPITAL;9 - MULTAS E JUROS DE MORA DE OUTRAS RECEITAS DE CAPITAL;99 - MULTAS E JUROS DE OUTRAS RECEITAS DE CAPITAL;0 - MULTAS E JUROS DE OUTRAS RECEITAS DE CAPITAL;2 - Multa;76 - OUTORGA ONEROSA - PLANO DIRETOR - DIREITO DE CONSTRUIR - FUNDURB - MULTAS E JUROS;00 - OUTORGA ONEROSA - PLANO DIRETOR - DIREITO DE CONSTRUIR - FUNDURB - MULTAS E JUROS;000 - OUTORGA ONEROSA - PLANO DIRETOR - DIREITO DE CONSTRUIR - FUNDURB - MULTAS E JUROS;000 - OUTORGA ONEROSA - PLANO DIRETOR - DIREITO DE CONSTRUIR - FUNDURB - MULTAS E JUROS;11 - Integral;01 - Total;000 - Total;1755.00;12.09
2024;2024 | 10 | PREFEITURA DO MUNICOPIO DE SCO PAULO | 2 - RECEITAS DE CAPITAL | 9 - OUTRAS RECEITAS DE CAPITAL | 9 - DEMAIS RECEITAS DE CAPITAL | 9 - DEMAIS RECEITAS DE CAPITAL | 99 - OUTRAS RECEITAS DE CAPITAL | 0 - OUTRAS RECEITAS DE CAPITAL | 1 - PRINCIPAL | 01 - DEMAIS RECEITAS DE CAPITAL - PRINCIPAL | 09 - OUTORGA ONEROSA COTA SOLIDARIEDADE - FUNDURB | 000 - OUTORGA ONEROSA COTA SOLIDARIEDADE - FUNDURB | 000 - OUTORGA ONEROSA COTA SOLIDARIEDADE - FUNDURB | 11 - INTEGRAL | 01 - TOTAL | 000 - TOTAL | 21606266.00 | 8156390.13;2024;10;PREFEITURA DO MUNICÖPIO DE SÇO PAULO;2 - RECEITAS DE CAPITAL;9 - OUTRAS RECEITAS DE CAPITAL;9 - DEMAIS RECEITAS DE CAPITAL;9 - DEMAIS RECEITAS DE CAPITAL;99 - OUTRAS RECEITAS DE CAPITAL;0 - OUTRAS RECEITAS DE CAPITAL;1 - Principal;01 - DEMAIS RECEITAS DE CAPITAL - PRINCIPAL;09 - OUTORGA ONEROSA COTA SOLIDARIEDADE - FUNDURB;000 - OUTORGA ONEROSA COTA SOLIDARIEDADE - FUNDURB;000 - OUTORGA ONEROSA COTA SOLIDARIEDADE - FUNDURB;11 - Integral;01 - Total;000 - Total;21606266.00;8156390.13
2024;2024 | 10 | PREFEITURA DO MUNICOPIO DE SCO PAULO | 2 - RECEITAS DE CAPITAL | 9 - OUTRAS RECEITAS DE CAPITAL | 9 - DEMAIS RECEITAS DE CAPITAL | 9 - DEMAIS RECEITAS DE CAPITAL | 99 - OUTRAS RECEITAS DE CAPITAL | 0 - OUTRAS RECEITAS DE CAPITAL | 1 - PRINCIPAL | 01 - DEMAIS RECEITAS DE CAPITAL - PRINCIPAL | 11 - OUTORGA ONEROSA - PLANO DIRETOR - DIREITO DE CONSTRUIR - FUNDURB | 000 - OUTORGA ONEROSA - PLANO DIRETOR - DIREITO DE CONSTRUIR - FUNDURB | 000 - OUTORGA ONEROSA - PLANO DIRETOR - DIREITO DE CONSTRUIR - FUNDURB | 11 - INTEGRAL | 01 - TOTAL | 000 - TOTAL | 1118194927.00 | 70172865.82;2024;10;PREFEITURA DO MUNICÖPIO DE SÇO PAULO;2 - RECEITAS DE CAPITAL;9 - OUTRAS RECEITAS DE CAPITAL;9 - DEMAIS RECEITAS DE CAPITAL;9 - DEMAIS RECEITAS DE CAPITAL;99 - OUTRAS RECEITAS DE CAPITAL;0 - OUTRAS RECEITAS DE CAPITAL;1 - Principal;01 - DEMAIS RECEITAS DE CAPITAL - PRINCIPAL;11 - OUTORGA ONEROSA - PLANO DIRETOR - DIREITO DE CONSTRUIR - FUNDURB;000 - OUTORGA ONEROSA - PLANO DIRETOR - DIREITO DE CONSTRUIR - FUNDURB;000 - OUTORGA ONEROSA - PLANO DIRETOR - DIREITO DE CONSTRUIR - FUNDURB;11 - Integral;01 - Total;000 - Total;1118194927.00;70172865.82
2024;2024 | 10 | PREFEITURA DO MUNICOPIO DE SCO PAULO | 2 - RECEITAS DE CAPITAL | 9 - OUTRAS RECEITAS DE CAPITAL | 9 - DEMAIS RECEITAS DE CAPITAL | 9 - DEMAIS RECEITAS DE CAPITAL | 99 - OUTRAS RECEITAS DE CAPITAL | 0 - OUTRAS RECEITAS DE CAPITAL | 1 - PRINCIPAL | 01 - DEMAIS RECEITAS DE CAPITAL - PRINCIPAL | 11 - OUTORGA ONEROSA - PLANO DIRETOR - DIREITO DE CONSTRUIR - FUNDURB | 000 - OUTORGA ONEROSA - PLANO DIRETOR - DIREITO DE CONSTRUIR - FUNDURB | 000 - OUTORGA ONEROSA - PLANO DIRETOR - DIREITO DE CONSTRUIR - FUNDURB | 11 - INTEGRAL | 09 - DEDUTORA | 001 - DEDUAES OUTORGA ONEROSA - PLANO DIRETOR - DIREITO DE CONSTRUIR - FUNDURB | .00 | .00;2024;10;PREFEITURA DO MUNICÖPIO DE SÇO PAULO;2 - RECEITAS DE CAPITAL;9 - OUTRAS RECEITAS DE CAPITAL;9 - DEMAIS RECEITAS DE CAPITAL;9 - DEMAIS RECEITAS DE CAPITAL;99 - OUTRAS RECEITAS DE CAPITAL;0 - OUTRAS RECEITAS DE CAPITAL;1 - Principal;01 - DEMAIS RECEITAS DE CAPITAL - PRINCIPAL;11 - OUTORGA ONEROSA - PLANO DIRETOR - DIREITO DE CONSTRUIR - FUNDURB;000 - OUTORGA ONEROSA - PLANO DIRETOR - DIREITO DE CONSTRUIR - FUNDURB;000 - OUTORGA ONEROSA - PLANO DIRETOR - DIREITO DE CONSTRUIR - FUNDURB;11 - Integral;09 - Dedutora;001 - Deduäes Outorga Onerosa - Plano Diretor - Direito de Construir - FUNDURB;.00;.00
2024;2024 | 11 | AGONCIA REG. DE SERV. PEBLICOS DE SCO PAULO | 1 - RECEITAS CORRENTES | 1 - IMPOSTOS TAXAS E CONTRIBUIAES DE MELHORIA | 2 - TAXAS | 1 - TAXAS PELO EXERCOCIO DO PODER DE POLOCIA | 01 - TAXAS DE INSPECO CONTROLE E FISCALIZACO | 0 - TAXAS DE INSPECO CONTROLE E FISCALIZACO | 1 - PRINCIPAL | 13 - TAXAS - EMISSCO DE ALVARS - SERVIOS FUNERRIOS E CEMITERIAIS | 00 - TAXAS - EMISSCO DE ALVARS - SERVIOS FUNERRIOS E CEMITERIAIS | 000 - TAXAS - EMISSCO DE ALVARS - SERVIOS FUNERRIOS E CEMITERIAIS | 000 - TAXAS - EMISSCO DE ALVARS - SERVIOS FUNERRIOS E CEMITERIAIS | 11 - INTEGRAL | 01 - TOTAL | 000 - TOTAL | .00 | 1036.96;2024;11;AGÒNCIA REG. DE SERV. PéBLICOS DE SÇO PAULO;1 - RECEITAS CORRENTES;1 - IMPOSTOS TAXAS E CONTRIBUIåES DE MELHORIA;2 - TAXAS;1 - TAXAS PELO EXERCÖCIO DO PODER DE POLÖCIA;01 - TAXAS DE INSPEÇO CONTROLE E FISCALIZAÇO;0 - TAXAS DE INSPEÇO CONTROLE E FISCALIZAÇO;1 - Principal;13 - TAXAS - EMISSÇO DE ALVARµS - SERVIOS FUNERµRIOS E CEMITERIAIS;00 - TAXAS - EMISSÇO DE ALVARµS - SERVIOS FUNERµRIOS E CEMITERIAIS;000 - TAXAS - EMISSÇO DE ALVARµS - SERVIOS FUNERµRIOS E CEMITERIAIS;000 - TAXAS - EMISSÇO DE ALVARµS - SERVIOS FUNERµRIOS E CEMITERIAIS;11 - Integral;01 - Total;000 - Total;.00;1036.96
2024;2024 | 11 | AGONCIA REG. DE SERV. PEBLICOS DE SCO PAULO | 1 - RECEITAS CORRENTES | 9 - OUTRAS RECEITAS CORRENTES | 1 - MULTAS ADMINISTRATIVAS CONTRATUAIS E JUDICIAIS | 1 - MULTAS ADMINISTRATIVAS CONTRATUAIS E JUDICIAIS | 01 - MULTAS PREVISTAS EM LEGISLACO ESPECOFICA | 0 - MULTAS PREVISTAS EM LEGISLACO ESPECOFICA | 1 - PRINCIPAL | 02 - DEMAIS MULTAS PREVISTAS EM LEGISLACO ESPECOFICA | 16 - MULTAS DE POSTURAS MUNICIPAIS - SP REGULA | 000 - MULTAS DE POSTURAS MUNICIPAIS - SP REGULA | 000 - MULTAS DE POSTURAS MUNICIPAIS - SP REGULA | 11 - INTEGRAL | 01 - TOTAL | 000 - TOTAL | .00 | 96242.90;2024;11;AGÒNCIA REG. DE SERV. PéBLICOS DE SÇO PAULO;1 - RECEITAS CORRENTES;9 - OUTRAS RECEITAS CORRENTES;1 - MULTAS ADMINISTRATIVAS CONTRATUAIS E JUDICIAIS;1 - MULTAS ADMINISTRATIVAS CONTRATUAIS E JUDICIAIS;01 - MULTAS PREVISTAS EM LEGISLAÇO ESPECÖFICA;0 - MULTAS PREVISTAS EM LEGISLAÇO ESPECÖFICA;1 - Principal;02 - DEMAIS MULTAS PREVISTAS EM LEGISLAÇO ESPECÖFICA;16 - MULTAS DE POSTURAS MUNICIPAIS - SP REGULA;000 - MULTAS DE POSTURAS MUNICIPAIS - SP REGULA;000 - MULTAS DE POSTURAS MUNICIPAIS - SP REGULA;11 - Integral;01 - Total;000 - Total;.00;96242.90
2024;2024 | 11 | FUNDO MUNICIPAL DE HABITAO - COHAB | 1 - RECEITAS CORRENTES | 3 - RECEITA PATRIMONIAL | 2 - VALORES MOBILIRIOS | 1 - JUROS E CORREAES MONETRIAS | 05 - JUROS DE TOTULOS DE RENDA | 0 - JUROS DE TOTULOS DE RENDA | 1 - PRINCIPAL | 01 - FUNDOS DE INVESTIMENTOS E APLICAAES EM COTAS - RENDA FIXA | 09 - TESOURO MUNICIPAL - RECURSOS VINCULADOS | 023 - FUNDO MUNICIPAL DE HABITACO - COHAB | 001 - OUTORGA ONEROSA LEI 13.558/2003 ALTERADA PELA LEI 13.876/2004 | 11 - INTEGRAL | 01 - TOTAL | 000 - TOTAL | 3293.00 | .00;2024;11;Fundo Municipal de HabitaÆo - COHAB;1 - RECEITAS CORRENTES;3 - RECEITA PATRIMONIAL;2 - VALORES MOBILIµRIOS;1 - JUROS E CORREåES MONETµRIAS;05 - JUROS DE TÖTULOS DE RENDA;0 - JUROS DE TÖTULOS DE RENDA;1 - Principal;01 - FUNDOS DE INVESTIMENTOS E APLICAåES EM COTAS - RENDA FIXA;09 - TESOURO MUNICIPAL - RECURSOS VINCULADOS;023 - FUNDO MUNICIPAL DE HABITAÇO - COHAB;001 - OUTORGA ONEROSA LEI 13.558/2003 ALTERADA PELA LEI 13.876/2004;11 - Integral;01 - Total;000 - Total;3293.00;.00
2024;2024 | 11 | FUNDO MUNICIPAL DE HABITAO - COHAB | 2 - RECEITAS DE CAPITAL | 9 - OUTRAS RECEITAS DE CAPITAL | 9 - DEMAIS RECEITAS DE CAPITAL | 9 - DEMAIS RECEITAS DE CAPITAL | 99 - OUTRAS RECEITAS DE CAPITAL | 0 - OUTRAS RECEITAS DE CAPITAL | 1 - PRINCIPAL | 01 - DEMAIS RECEITAS DE CAPITAL - PRINCIPAL | 12 - OUTORGA ONEROSA - LEI DE ANISTIA | 000 - OUTORGA ONEROSA - LEI DE ANISTIA | 000 - OUTORGA ONEROSA - LEI DE ANISTIA | 11 - INTEGRAL | 01 - TOTAL | 000 - TOTAL | 720000.00 | .00;2024;11;Fundo Municipal de HabitaÆo - COHAB;2 - RECEITAS DE CAPITAL;9 - OUTRAS RECEITAS DE CAPITAL;9 - DEMAIS RECEITAS DE CAPITAL;9 - DEMAIS RECEITAS DE CAPITAL;99 - OUTRAS RECEITAS DE CAPITAL;0 - OUTRAS RECEITAS DE CAPITAL;1 - Principal;01 - DEMAIS RECEITAS DE CAPITAL - PRINCIPAL;12 - OUTORGA ONEROSA - LEI DE ANISTIA;000 - OUTORGA ONEROSA - LEI DE ANISTIA;000 - OUTORGA ONEROSA - LEI DE ANISTIA;11 - Integral;01 - Total;000 - Total;720000.00;.00
2024;2024 | 11 | PREFEITURA DO MUNICOPIO DE SCO PAULO | 1 - RECEITAS CORRENTES | 3 - RECEITA PATRIMONIAL | 2 - VALORES MOBILIRIOS | 1 - JUROS E CORREAES MONETRIAS | 05 - JUROS DE TOTULOS DE RENDA | 0 - JUROS DE TOTULOS DE RENDA | 1 - PRINCIPAL | 01 - FUNDOS DE INVESTIMENTOS E APLICAAES EM COTAS - RENDA FIXA | 09 - TESOURO MUNICIPAL - RECURSOS VINCULADOS | 032 - SECRETARIA MUNICIPAL DE URBANISMO E LICENCIAMENTO | 009 - OPERACO URBANA FARIA LIMA - OUTORGA HIS | 11 - INTEGRAL | 01 - TOTAL | 000 - TOTAL | 3840000.00 | 355962.89;2024;11;PREFEITURA DO MUNICÖPIO DE SÇO PAULO;1 - RECEITAS CORRENTES;3 - RECEITA PATRIMONIAL;2 - VALORES MOBILIµRIOS;1 - JUROS E CORREåES MONETµRIAS;05 - JUROS DE TÖTULOS DE RENDA;0 - JUROS DE TÖTULOS DE RENDA;1 - Principal;01 - FUNDOS DE INVESTIMENTOS E APLICAåES EM COTAS - RENDA FIXA;09 - TESOURO MUNICIPAL - RECURSOS VINCULADOS;032 - SECRETARIA MUNICIPAL DE URBANISMO E LICENCIAMENTO;009 - OPERAÇO URBANA FARIA LIMA - OUTORGA HIS;11 - Integral;01 - Total;000 - Total;3840000.00;355962.89
2024;2024 | 11 | PREFEITURA DO MUNICOPIO DE SCO PAULO | 1 - RECEITAS CORRENTES | 3 - RECEITA PATRIMONIAL | 2 - VALORES MOBILIRIOS | 1 - JUROS E CORREAES MONETRIAS | 05 - JUROS DE TOTULOS DE RENDA | 0 - JUROS DE TOTULOS DE RENDA | 1 - PRINCIPAL | 01 - FUNDOS DE INVESTIMENTOS E APLICAAES EM COTAS - RENDA FIXA | 09 - TESOURO MUNICIPAL - RECURSOS VINCULADOS | 032 - SECRETARIA MUNICIPAL DE URBANISMO E LICENCIAMENTO | 011 - OPERACO URBANA FARIA LIMA - OUTORGA | 11 - INTEGRAL | 01 - TOTAL | 000 - TOTAL | 9600000.00 | 891706.30;2024;11;PREFEITURA DO MUNICÖPIO DE SÇO PAULO;1 - RECEITAS CORRENTES;3 - RECEITA PATRIMONIAL;2 - VALORES MOBILIµRIOS;1 - JUROS E CORREåES MONETµRIAS;05 - JUROS DE TÖTULOS DE RENDA;0 - JUROS DE TÖTULOS DE RENDA;1 - Principal;01 - FUNDOS DE INVESTIMENTOS E APLICAåES EM COTAS - RENDA FIXA;09 - TESOURO MUNICIPAL - RECURSOS VINCULADOS;032 - SECRETARIA MUNICIPAL DE URBANISMO E LICENCIAMENTO;011 - OPERAÇO URBANA FARIA LIMA - OUTORGA;11 - Integral;01 - Total;000 - Total;9600000.00;891706.30
2024;2024 | 11 | PREFEITURA DO MUNICOPIO DE SCO PAULO | 1 - RECEITAS CORRENTES | 3 - RECEITA PATRIMONIAL | 2 - VALORES MOBILIRIOS | 1 - JUROS E CORREAES MONETRIAS | 05 - JUROS DE TOTULOS DE RENDA | 0 - JUROS DE TOTULOS DE RENDA | 1 - PRINCIPAL | 01 - FUNDOS DE INVESTIMENTOS E APLICAAES EM COTAS - RENDA FIXA | 09 - TESOURO MUNICIPAL - RECURSOS VINCULADOS | 032 - SECRETARIA MUNICIPAL DE URBANISMO E LICENCIAMENTO | 013 - FUNDO ESPECIAL OPERACO URBANA GUA BRANCA - FEAB - OUTORGA | 11 - INTEGRAL | 01 - TOTAL | 000 - TOTAL | 73598400.00 | 7465276.35;2024;11;PREFEITURA DO MUNICÖPIO DE SÇO PAULO;1 - RECEITAS CORRENTES;3 - RECEITA PATRIMONIAL;2 - VALORES MOBILIµRIOS;1 - JUROS E CORREåES MONETµRIAS;05 - JUROS DE TÖTULOS DE RENDA;0 - JUROS DE TÖTULOS DE RENDA;1 - Principal;01 - FUNDOS DE INVESTIMENTOS E APLICAåES EM COTAS - RENDA FIXA;09 - TESOURO MUNICIPAL - RECURSOS VINCULADOS;032 - SECRETARIA MUNICIPAL DE URBANISMO E LICENCIAMENTO;013 - FUNDO ESPECIAL OPERAÇO URBANA µGUA BRANCA - FEAB - OUTORGA;11 - Integral;01 - Total;000 - Total;73598400.00;7465276.35
2024;2024 | 11 | PREFEITURA DO MUNICOPIO DE SCO PAULO | 1 - RECEITAS CORRENTES | 3 - RECEITA PATRIMONIAL | 2 - VALORES MOBILIRIOS | 1 - JUROS E CORREAES MONETRIAS | 05 - JUROS DE TOTULOS DE RENDA | 0 - JUROS DE TOTULOS DE RENDA | 1 - PRINCIPAL | 01 - FUNDOS DE INVESTIMENTOS E APLICAAES EM COTAS - RENDA FIXA | 09 - TESOURO MUNICIPAL - RECURSOS VINCULADOS | 032 - SECRETARIA MUNICIPAL DE URBANISMO E LICENCIAMENTO | 014 - FUNDO ESPECIAL OPERACO URBANA GUA BRANCA - FEAB - OUTORGA - HIS | 11 - INTEGRAL | 01 - TOTAL | 000 - TOTAL | 26400.00 | 2670.69;2024;11;PREFEITURA DO MUNICÖPIO DE SÇO PAULO;1 - RECEITAS CORRENTES;3 - RECEITA PATRIMONIAL;2 - VALORES MOBILIµRIOS;1 - JUROS E CORREåES MONETµRIAS;05 - JUROS DE TÖTULOS DE RENDA;0 - JUROS DE TÖTULOS DE RENDA;1 - Principal;01 - FUNDOS DE INVESTIMENTOS E APLICAåES EM COTAS - RENDA FIXA;09 - TESOURO MUNICIPAL - RECURSOS VINCULADOS;032 - SECRETARIA MUNICIPAL DE URBANISMO E LICENCIAMENTO;014 - FUNDO ESPECIAL OPERAÇO URBANA µGUA BRANCA - FEAB - OUTORGA - HIS;11 - Integral;01 - Total;000 - Total;26400.00;2670.69
2024;2024 | 11 | PREFEITURA DO MUNICOPIO DE SCO PAULO | 1 - RECEITAS CORRENTES | 3 - RECEITA PATRIMONIAL | 3 - DELEGACO DE SERVIOS PEBLICOS MEDIANTE CONCESSCO PERMISSCO AUTORIZACO OU LICENA | 9 - DEMAIS DELEGAAES DE SERVIOS PEBLICOS | 99 - OUTRAS DELEGAAES DE SERVIOS PEBLICOS | 0 - OUTRAS DELEGAAES DE SERVIOS PEBLICOS | 1 - PRINCIPAL | 01 - OUTORGAS PROVENIENTES DE CONCESSAES - FMD | 00 - OUTORGAS PROVENIENTES DE CONCESSAES - FMD | 000 - OUTORGAS PROVENIENTES DE CONCESSAES - FMD | 000 - OUTORGAS PROVENIENTES DE CONCESSAES - FMD | 11 - INTEGRAL | 01 - TOTAL | 000 - TOTAL | 149581358.00 | 16630103.12;2024;11;PREFEITURA DO MUNICÖPIO DE SÇO PAULO;1 - RECEITAS CORRENTES;3 - RECEITA PATRIMONIAL;3 - DELEGAÇO DE SERVIOS PéBLICOS MEDIANTE CONCESSÇO PERMISSÇO AUTORIZAÇO OU LICENA;9 - DEMAIS DELEGAåES DE SERVIOS PéBLICOS;99 - OUTRAS DELEGAåES DE SERVIOS PéBLICOS;0 - OUTRAS DELEGAåES DE SERVIOS PéBLICOS;1 - Principal;01 - OUTORGAS PROVENIENTES DE CONCESSåES - FMD;00 - OUTORGAS PROVENIENTES DE CONCESSåES - FMD;000 - OUTORGAS PROVENIENTES DE CONCESSåES - FMD;000 - OUTORGAS PROVENIENTES DE CONCESSåES - FMD;11 - Integral;01 - Total;000 - Total;149581358.00;16630103.12
2024;2024 | 11 | PREFEITURA DO MUNICOPIO DE SCO PAULO | 1 - RECEITAS CORRENTES | 9 - OUTRAS RECEITAS CORRENTES | 4 - MULTAS E JUROS DE MORA DAS RECEITAS DE CAPITAL | 9 - MULTAS E JUROS DE MORA DE OUTRAS RECEITAS DE CAPITAL | 99 - MULTAS E JUROS DE OUTRAS RECEITAS DE CAPITAL | 0 - MULTAS E JUROS DE OUTRAS RECEITAS DE CAPITAL | 2 - MULTA | 76 - OUTORGA ONEROSA - PLANO DIRETOR - DIREITO DE CONSTRUIR - FUNDURB - MULTAS E JUROS | 00 - OUTORGA ONEROSA - PLANO DIRETOR - DIREITO DE CONSTRUIR - FUNDURB - MULTAS E JUROS | 000 - OUTORGA ONEROSA - PLANO DIRETOR - DIREITO DE CONSTRUIR - FUNDURB - MULTAS E JUROS | 000 - OUTORGA ONEROSA - PLANO DIRETOR - DIREITO DE CONSTRUIR - FUNDURB - MULTAS E JUROS | 11 - INTEGRAL | 01 - TOTAL | 000 - TOTAL | 1755.00 | 166.52;2024;11;PREFEITURA DO MUNICÖPIO DE SÇO PAULO;1 - RECEITAS CORRENTES;9 - OUTRAS RECEITAS CORRENTES;4 - MULTAS E JUROS DE MORA DAS RECEITAS DE CAPITAL;9 - MULTAS E JUROS DE MORA DE OUTRAS RECEITAS DE CAPITAL;99 - MULTAS E JUROS DE OUTRAS RECEITAS DE CAPITAL;0 - MULTAS E JUROS DE OUTRAS RECEITAS DE CAPITAL;2 - Multa;76 - OUTORGA ONEROSA - PLANO DIRETOR - DIREITO DE CONSTRUIR - FUNDURB - MULTAS E JUROS;00 - OUTORGA ONEROSA - PLANO DIRETOR - DIREITO DE CONSTRUIR - FUNDURB - MULTAS E JUROS;000 - OUTORGA ONEROSA - PLANO DIRETOR - DIREITO DE CONSTRUIR - FUNDURB - MULTAS E JUROS;000 - OUTORGA ONEROSA - PLANO DIRETOR - DIREITO DE CONSTRUIR - FUNDURB - MULTAS E JUROS;11 - Integral;01 - Total;000 - Total;1755.00;166.52
2024;2024 | 11 | PREFEITURA DO MUNICOPIO DE SCO PAULO | 2 - RECEITAS DE CAPITAL | 9 - OUTRAS RECEITAS DE CAPITAL | 9 - DEMAIS RECEITAS DE CAPITAL | 9 - DEMAIS RECEITAS DE CAPITAL | 99 - OUTRAS RECEITAS DE CAPITAL | 0 - OUTRAS RECEITAS DE CAPITAL | 1 - PRINCIPAL | 01 - DEMAIS RECEITAS DE CAPITAL - PRINCIPAL | 09 - OUTORGA ONEROSA COTA SOLIDARIEDADE - FUNDURB | 000 - OUTORGA ONEROSA COTA SOLIDARIEDADE - FUNDURB | 000 - OUTORGA ONEROSA COTA SOLIDARIEDADE - FUNDURB | 11 - INTEGRAL | 01 - TOTAL | 000 - TOTAL | 21606266.00 | 5834283.97;2024;11;PREFEITURA DO MUNICÖPIO DE SÇO PAULO;2 - RECEITAS DE CAPITAL;9 - OUTRAS RECEITAS DE CAPITAL;9 - DEMAIS RECEITAS DE CAPITAL;9 - DEMAIS RECEITAS DE CAPITAL;99 - OUTRAS RECEITAS DE CAPITAL;0 - OUTRAS RECEITAS DE CAPITAL;1 - Principal;01 - DEMAIS RECEITAS DE CAPITAL - PRINCIPAL;09 - OUTORGA ONEROSA COTA SOLIDARIEDADE - FUNDURB;000 - OUTORGA ONEROSA COTA SOLIDARIEDADE - FUNDURB;000 - OUTORGA ONEROSA COTA SOLIDARIEDADE - FUNDURB;11 - Integral;01 - Total;000 - Total;21606266.00;5834283.97
2024;2024 | 11 | PREFEITURA DO MUNICOPIO DE SCO PAULO | 2 - RECEITAS DE CAPITAL | 9 - OUTRAS RECEITAS DE CAPITAL | 9 - DEMAIS RECEITAS DE CAPITAL | 9 - DEMAIS RECEITAS DE CAPITAL | 99 - OUTRAS RECEITAS DE CAPITAL | 0 - OUTRAS RECEITAS DE CAPITAL | 1 - PRINCIPAL | 01 - DEMAIS RECEITAS DE CAPITAL - PRINCIPAL | 11 - OUTORGA ONEROSA - PLANO DIRETOR - DIREITO DE CONSTRUIR - FUNDURB | 000 - OUTORGA ONEROSA - PLANO DIRETOR - DIREITO DE CONSTRUIR - FUNDURB | 000 - OUTORGA ONEROSA - PLANO DIRETOR - DIREITO DE CONSTRUIR - FUNDURB | 11 - INTEGRAL | 01 - TOTAL | 000 - TOTAL | 1118194927.00 | 88133080.67;2024;11;PREFEITURA DO MUNICÖPIO DE SÇO PAULO;2 - RECEITAS DE CAPITAL;9 - OUTRAS RECEITAS DE CAPITAL;9 - DEMAIS RECEITAS DE CAPITAL;9 - DEMAIS RECEITAS DE CAPITAL;99 - OUTRAS RECEITAS DE CAPITAL;0 - OUTRAS RECEITAS DE CAPITAL;1 - Principal;01 - DEMAIS RECEITAS DE CAPITAL - PRINCIPAL;11 - OUTORGA ONEROSA - PLANO DIRETOR - DIREITO DE CONSTRUIR - FUNDURB;000 - OUTORGA ONEROSA - PLANO DIRETOR - DIREITO DE CONSTRUIR - FUNDURB;000 - OUTORGA ONEROSA - PLANO DIRETOR - DIREITO DE CONSTRUIR - FUNDURB;11 - Integral;01 - Total;000 - Total;1118194927.00;88133080.67
2024;2024 | 11 | PREFEITURA DO MUNICOPIO DE SCO PAULO | 2 - RECEITAS DE CAPITAL | 9 - OUTRAS RECEITAS DE CAPITAL | 9 - DEMAIS RECEITAS DE CAPITAL | 9 - DEMAIS RECEITAS DE CAPITAL | 99 - OUTRAS RECEITAS DE CAPITAL | 0 - OUTRAS RECEITAS DE CAPITAL | 1 - PRINCIPAL | 01 - DEMAIS RECEITAS DE CAPITAL - PRINCIPAL | 11 - OUTORGA ONEROSA - PLANO DIRETOR - DIREITO DE CONSTRUIR - FUNDURB | 000 - OUTORGA ONEROSA - PLANO DIRETOR - DIREITO DE CONSTRUIR - FUNDURB | 000 - OUTORGA ONEROSA - PLANO DIRETOR - DIREITO DE CONSTRUIR - FUNDURB | 11 - INTEGRAL | 09 - DEDUTORA | 001 - DEDUAES OUTORGA ONEROSA - PLANO DIRETOR - DIREITO DE CONSTRUIR - FUNDURB | .00 | -31739.07;2024;11;PREFEITURA DO MUNICÖPIO DE SÇO PAULO;2 - RECEITAS DE CAPITAL;9 - OUTRAS RECEITAS DE CAPITAL;9 - DEMAIS RECEITAS DE CAPITAL;9 - DEMAIS RECEITAS DE CAPITAL;99 - OUTRAS RECEITAS DE CAPITAL;0 - OUTRAS RECEITAS DE CAPITAL;1 - Principal;01 - DEMAIS RECEITAS DE CAPITAL - PRINCIPAL;11 - OUTORGA ONEROSA - PLANO DIRETOR - DIREITO DE CONSTRUIR - FUNDURB;000 - OUTORGA ONEROSA - PLANO DIRETOR - DIREITO DE CONSTRUIR - FUNDURB;000 - OUTORGA ONEROSA - PLANO DIRETOR - DIREITO DE CONSTRUIR - FUNDURB;11 - Integral;09 - Dedutora;001 - Deduäes Outorga Onerosa - Plano Diretor - Direito de Construir - FUNDURB;.00;-31739.07
2024;2024 | 12 | FUNDO MUNICIPAL DE HABITAO - COHAB | 1 - RECEITAS CORRENTES | 3 - RECEITA PATRIMONIAL | 2 - VALORES MOBILIRIOS | 1 - JUROS E CORREAES MONETRIAS | 05 - JUROS DE TOTULOS DE RENDA | 0 - JUROS DE TOTULOS DE RENDA | 1 - PRINCIPAL | 01 - FUNDOS DE INVESTIMENTOS E APLICAAES EM COTAS - RENDA FIXA | 09 - TESOURO MUNICIPAL - RECURSOS VINCULADOS | 023 - FUNDO MUNICIPAL DE HABITACO - COHAB | 001 - OUTORGA ONEROSA LEI 13.558/2003 ALTERADA PELA LEI 13.876/2004 | 11 - INTEGRAL | 01 - TOTAL | 000 - TOTAL | 3293.00 | .00;2024;12;Fundo Municipal de HabitaÆo - COHAB;1 - RECEITAS CORRENTES;3 - RECEITA PATRIMONIAL;2 - VALORES MOBILIµRIOS;1 - JUROS E CORREåES MONETµRIAS;05 - JUROS DE TÖTULOS DE RENDA;0 - JUROS DE TÖTULOS DE RENDA;1 - Principal;01 - FUNDOS DE INVESTIMENTOS E APLICAåES EM COTAS - RENDA FIXA;09 - TESOURO MUNICIPAL - RECURSOS VINCULADOS;023 - FUNDO MUNICIPAL DE HABITAÇO - COHAB;001 - OUTORGA ONEROSA LEI 13.558/2003 ALTERADA PELA LEI 13.876/2004;11 - Integral;01 - Total;000 - Total;3293.00;.00
2024;2024 | 12 | FUNDO MUNICIPAL DE HABITAO - COHAB | 2 - RECEITAS DE CAPITAL | 9 - OUTRAS RECEITAS DE CAPITAL | 9 - DEMAIS RECEITAS DE CAPITAL | 9 - DEMAIS RECEITAS DE CAPITAL | 99 - OUTRAS RECEITAS DE CAPITAL | 0 - OUTRAS RECEITAS DE CAPITAL | 1 - PRINCIPAL | 01 - DEMAIS RECEITAS DE CAPITAL - PRINCIPAL | 12 - OUTORGA ONEROSA - LEI DE ANISTIA | 000 - OUTORGA ONEROSA - LEI DE ANISTIA | 000 - OUTORGA ONEROSA - LEI DE ANISTIA | 11 - INTEGRAL | 01 - TOTAL | 000 - TOTAL | 720000.00 | .00;2024;12;Fundo Municipal de HabitaÆo - COHAB;2 - RECEITAS DE CAPITAL;9 - OUTRAS RECEITAS DE CAPITAL;9 - DEMAIS RECEITAS DE CAPITAL;9 - DEMAIS RECEITAS DE CAPITAL;99 - OUTRAS RECEITAS DE CAPITAL;0 - OUTRAS RECEITAS DE CAPITAL;1 - Principal;01 - DEMAIS RECEITAS DE CAPITAL - PRINCIPAL;12 - OUTORGA ONEROSA - LEI DE ANISTIA;000 - OUTORGA ONEROSA - LEI DE ANISTIA;000 - OUTORGA ONEROSA - LEI DE ANISTIA;11 - Integral;01 - Total;000 - Total;720000.00;.00
2024;2024 | 12 | PREFEITURA DO MUNICOPIO DE SCO PAULO | 1 - RECEITAS CORRENTES | 3 - RECEITA PATRIMONIAL | 2 - VALORES MOBILIRIOS | 1 - JUROS E CORREAES MONETRIAS | 05 - JUROS DE TOTULOS DE RENDA | 0 - JUROS DE TOTULOS DE RENDA | 1 - PRINCIPAL | 01 - FUNDOS DE INVESTIMENTOS E APLICAAES EM COTAS - RENDA FIXA | 09 - TESOURO MUNICIPAL - RECURSOS VINCULADOS | 032 - SECRETARIA MUNICIPAL DE URBANISMO E LICENCIAMENTO | 009 - OPERACO URBANA FARIA LIMA - OUTORGA HIS | 11 - INTEGRAL | 01 - TOTAL | 000 - TOTAL | 3840000.00 | 399821.95;2024;12;PREFEITURA DO MUNICÖPIO DE SÇO PAULO;1 - RECEITAS CORRENTES;3 - RECEITA PATRIMONIAL;2 - VALORES MOBILIµRIOS;1 - JUROS E CORREåES MONETµRIAS;05 - JUROS DE TÖTULOS DE RENDA;0 - JUROS DE TÖTULOS DE RENDA;1 - Principal;01 - FUNDOS DE INVESTIMENTOS E APLICAåES EM COTAS - RENDA FIXA;09 - TESOURO MUNICIPAL - RECURSOS VINCULADOS;032 - SECRETARIA MUNICIPAL DE URBANISMO E LICENCIAMENTO;009 - OPERAÇO URBANA FARIA LIMA - OUTORGA HIS;11 - Integral;01 - Total;000 - Total;3840000.00;399821.95
2024;2024 | 12 | PREFEITURA DO MUNICOPIO DE SCO PAULO | 1 - RECEITAS CORRENTES | 3 - RECEITA PATRIMONIAL | 2 - VALORES MOBILIRIOS | 1 - JUROS E CORREAES MONETRIAS | 05 - JUROS DE TOTULOS DE RENDA | 0 - JUROS DE TOTULOS DE RENDA | 1 - PRINCIPAL | 01 - FUNDOS DE INVESTIMENTOS E APLICAAES EM COTAS - RENDA FIXA | 09 - TESOURO MUNICIPAL - RECURSOS VINCULADOS | 032 - SECRETARIA MUNICIPAL DE URBANISMO E LICENCIAMENTO | 011 - OPERACO URBANA FARIA LIMA - OUTORGA | 11 - INTEGRAL | 01 - TOTAL | 000 - TOTAL | 9600000.00 | 931036.85;2024;12;PREFEITURA DO MUNICÖPIO DE SÇO PAULO;1 - RECEITAS CORRENTES;3 - RECEITA PATRIMONIAL;2 - VALORES MOBILIµRIOS;1 - JUROS E CORREåES MONETµRIAS;05 - JUROS DE TÖTULOS DE RENDA;0 - JUROS DE TÖTULOS DE RENDA;1 - Principal;01 - FUNDOS DE INVESTIMENTOS E APLICAåES EM COTAS - RENDA FIXA;09 - TESOURO MUNICIPAL - RECURSOS VINCULADOS;032 - SECRETARIA MUNICIPAL DE URBANISMO E LICENCIAMENTO;011 - OPERAÇO URBANA FARIA LIMA - OUTORGA;11 - Integral;01 - Total;000 - Total;9600000.00;931036.85
2024;2024 | 12 | PREFEITURA DO MUNICOPIO DE SCO PAULO | 1 - RECEITAS CORRENTES | 3 - RECEITA PATRIMONIAL | 2 - VALORES MOBILIRIOS | 1 - JUROS E CORREAES MONETRIAS | 05 - JUROS DE TOTULOS DE RENDA | 0 - JUROS DE TOTULOS DE RENDA | 1 - PRINCIPAL | 01 - FUNDOS DE INVESTIMENTOS E APLICAAES EM COTAS - RENDA FIXA | 09 - TESOURO MUNICIPAL - RECURSOS VINCULADOS | 032 - SECRETARIA MUNICIPAL DE URBANISMO E LICENCIAMENTO | 013 - FUNDO ESPECIAL OPERACO URBANA GUA BRANCA - FEAB - OUTORGA | 11 - INTEGRAL | 01 - TOTAL | 000 - TOTAL | 73598400.00 | 8374306.39;2024;12;PREFEITURA DO MUNICÖPIO DE SÇO PAULO;1 - RECEITAS CORRENTES;3 - RECEITA PATRIMONIAL;2 - VALORES MOBILIµRIOS;1 - JUROS E CORREåES MONETµRIAS;05 - JUROS DE TÖTULOS DE RENDA;0 - JUROS DE TÖTULOS DE RENDA;1 - Principal;01 - FUNDOS DE INVESTIMENTOS E APLICAåES EM COTAS - RENDA FIXA;09 - TESOURO MUNICIPAL - RECURSOS VINCULADOS;032 - SECRETARIA MUNICIPAL DE URBANISMO E LICENCIAMENTO;013 - FUNDO ESPECIAL OPERAÇO URBANA µGUA BRANCA - FEAB - OUTORGA;11 - Integral;01 - Total;000 - Total;73598400.00;8374306.39
2024;2024 | 12 | PREFEITURA DO MUNICOPIO DE SCO PAULO | 1 - RECEITAS CORRENTES | 3 - RECEITA PATRIMONIAL | 2 - VALORES MOBILIRIOS | 1 - JUROS E CORREAES MONETRIAS | 05 - JUROS DE TOTULOS DE RENDA | 0 - JUROS DE TOTULOS DE RENDA | 1 - PRINCIPAL | 01 - FUNDOS DE INVESTIMENTOS E APLICAAES EM COTAS - RENDA FIXA | 09 - TESOURO MUNICIPAL - RECURSOS VINCULADOS | 032 - SECRETARIA MUNICIPAL DE URBANISMO E LICENCIAMENTO | 014 - FUNDO ESPECIAL OPERACO URBANA GUA BRANCA - FEAB - OUTORGA - HIS | 11 - INTEGRAL | 01 - TOTAL | 000 - TOTAL | 26400.00 | 2999.74;2024;12;PREFEITURA DO MUNICÖPIO DE SÇO PAULO;1 - RECEITAS CORRENTES;3 - RECEITA PATRIMONIAL;2 - VALORES MOBILIµRIOS;1 - JUROS E CORREåES MONETµRIAS;05 - JUROS DE TÖTULOS DE RENDA;0 - JUROS DE TÖTULOS DE RENDA;1 - Principal;01 - FUNDOS DE INVESTIMENTOS E APLICAåES EM COTAS - RENDA FIXA;09 - TESOURO MUNICIPAL - RECURSOS VINCULADOS;032 - SECRETARIA MUNICIPAL DE URBANISMO E LICENCIAMENTO;014 - FUNDO ESPECIAL OPERAÇO URBANA µGUA BRANCA - FEAB - OUTORGA - HIS;11 - Integral;01 - Total;000 - Total;26400.00;2999.74
2024;2024 | 12 | PREFEITURA DO MUNICOPIO DE SCO PAULO | 1 - RECEITAS CORRENTES | 3 - RECEITA PATRIMONIAL | 3 - DELEGACO DE SERVIOS PEBLICOS MEDIANTE CONCESSCO PERMISSCO AUTORIZACO OU LICENA | 9 - DEMAIS DELEGAAES DE SERVIOS PEBLICOS | 99 - OUTRAS DELEGAAES DE SERVIOS PEBLICOS | 0 - OUTRAS DELEGAAES DE SERVIOS PEBLICOS | 1 - PRINCIPAL | 01 - OUTORGAS PROVENIENTES DE CONCESSAES - FMD | 00 - OUTORGAS PROVENIENTES DE CONCESSAES - FMD | 000 - OUTORGAS PROVENIENTES DE CONCESSAES - FMD | 000 - OUTORGAS PROVENIENTES DE CONCESSAES - FMD | 11 - INTEGRAL | 01 - TOTAL | 000 - TOTAL | 149581358.00 | 8724473.53;2024;12;PREFEITURA DO MUNICÖPIO DE SÇO PAULO;1 - RECEITAS CORRENTES;3 - RECEITA PATRIMONIAL;3 - DELEGAÇO DE SERVIOS PéBLICOS MEDIANTE CONCESSÇO PERMISSÇO AUTORIZAÇO OU LICENA;9 - DEMAIS DELEGAåES DE SERVIOS PéBLICOS;99 - OUTRAS DELEGAåES DE SERVIOS PéBLICOS;0 - OUTRAS DELEGAåES DE SERVIOS PéBLICOS;1 - Principal;01 - OUTORGAS PROVENIENTES DE CONCESSåES - FMD;00 - OUTORGAS PROVENIENTES DE CONCESSåES - FMD;000 - OUTORGAS PROVENIENTES DE CONCESSåES - FMD;000 - OUTORGAS PROVENIENTES DE CONCESSåES - FMD;11 - Integral;01 - Total;000 - Total;149581358.00;8724473.53
2024;2024 | 12 | PREFEITURA DO MUNICOPIO DE SCO PAULO | 1 - RECEITAS CORRENTES | 9 - OUTRAS RECEITAS CORRENTES | 4 - MULTAS E JUROS DE MORA DAS RECEITAS DE CAPITAL | 9 - MULTAS E JUROS DE MORA DE OUTRAS RECEITAS DE CAPITAL | 99 - MULTAS E JUROS DE OUTRAS RECEITAS DE CAPITAL | 0 - MULTAS E JUROS DE OUTRAS RECEITAS DE CAPITAL | 2 - MULTA | 76 - OUTORGA ONEROSA - PLANO DIRETOR - DIREITO DE CONSTRUIR - FUNDURB - MULTAS E JUROS | 00 - OUTORGA ONEROSA - PLANO DIRETOR - DIREITO DE CONSTRUIR - FUNDURB - MULTAS E JUROS | 000 - OUTORGA ONEROSA - PLANO DIRETOR - DIREITO DE CONSTRUIR - FUNDURB - MULTAS E JUROS | 000 - OUTORGA ONEROSA - PLANO DIRETOR - DIREITO DE CONSTRUIR - FUNDURB - MULTAS E JUROS | 11 - INTEGRAL | 01 - TOTAL | 000 - TOTAL | 1755.00 | .00;2024;12;PREFEITURA DO MUNICÖPIO DE SÇO PAULO;1 - RECEITAS CORRENTES;9 - OUTRAS RECEITAS CORRENTES;4 - MULTAS E JUROS DE MORA DAS RECEITAS DE CAPITAL;9 - MULTAS E JUROS DE MORA DE OUTRAS RECEITAS DE CAPITAL;99 - MULTAS E JUROS DE OUTRAS RECEITAS DE CAPITAL;0 - MULTAS E JUROS DE OUTRAS RECEITAS DE CAPITAL;2 - Multa;76 - OUTORGA ONEROSA - PLANO DIRETOR - DIREITO DE CONSTRUIR - FUNDURB - MULTAS E JUROS;00 - OUTORGA ONEROSA - PLANO DIRETOR - DIREITO DE CONSTRUIR - FUNDURB - MULTAS E JUROS;000 - OUTORGA ONEROSA - PLANO DIRETOR - DIREITO DE CONSTRUIR - FUNDURB - MULTAS E JUROS;000 - OUTORGA ONEROSA - PLANO DIRETOR - DIREITO DE CONSTRUIR - FUNDURB - MULTAS E JUROS;11 - Integral;01 - Total;000 - Total;1755.00;.00
2024;2024 | 12 | PREFEITURA DO MUNICOPIO DE SCO PAULO | 2 - RECEITAS DE CAPITAL | 9 - OUTRAS RECEITAS DE CAPITAL | 9 - DEMAIS RECEITAS DE CAPITAL | 9 - DEMAIS RECEITAS DE CAPITAL | 99 - OUTRAS RECEITAS DE CAPITAL | 0 - OUTRAS RECEITAS DE CAPITAL | 1 - PRINCIPAL | 01 - DEMAIS RECEITAS DE CAPITAL - PRINCIPAL | 09 - OUTORGA ONEROSA COTA SOLIDARIEDADE - FUNDURB | 000 - OUTORGA ONEROSA COTA SOLIDARIEDADE - FUNDURB | 000 - OUTORGA ONEROSA COTA SOLIDARIEDADE - FUNDURB | 11 - INTEGRAL | 01 - TOTAL | 000 - TOTAL | 21606266.00 | 8765918.82;2024;12;PREFEITURA DO MUNICÖPIO DE SÇO PAULO;2 - RECEITAS DE CAPITAL;9 - OUTRAS RECEITAS DE CAPITAL;9 - DEMAIS RECEITAS DE CAPITAL;9 - DEMAIS RECEITAS DE CAPITAL;99 - OUTRAS RECEITAS DE CAPITAL;0 - OUTRAS RECEITAS DE CAPITAL;1 - Principal;01 - DEMAIS RECEITAS DE CAPITAL - PRINCIPAL;09 - OUTORGA ONEROSA COTA SOLIDARIEDADE - FUNDURB;000 - OUTORGA ONEROSA COTA SOLIDARIEDADE - FUNDURB;000 - OUTORGA ONEROSA COTA SOLIDARIEDADE - FUNDURB;11 - Integral;01 - Total;000 - Total;21606266.00;8765918.82
2024;2024 | 12 | PREFEITURA DO MUNICOPIO DE SCO PAULO | 2 - RECEITAS DE CAPITAL | 9 - OUTRAS RECEITAS DE CAPITAL | 9 - DEMAIS RECEITAS DE CAPITAL | 9 - DEMAIS RECEITAS DE CAPITAL | 99 - OUTRAS RECEITAS DE CAPITAL | 0 - OUTRAS RECEITAS DE CAPITAL | 1 - PRINCIPAL | 01 - DEMAIS RECEITAS DE CAPITAL - PRINCIPAL | 11 - OUTORGA ONEROSA - PLANO DIRETOR - DIREITO DE CONSTRUIR - FUNDURB | 000 - OUTORGA ONEROSA - PLANO DIRETOR - DIREITO DE CONSTRUIR - FUNDURB | 000 - OUTORGA ONEROSA - PLANO DIRETOR - DIREITO DE CONSTRUIR - FUNDURB | 11 - INTEGRAL | 01 - TOTAL | 000 - TOTAL | 1118194927.00 | 152339105.21;2024;12;PREFEITURA DO MUNICÖPIO DE SÇO PAULO;2 - RECEITAS DE CAPITAL;9 - OUTRAS RECEITAS DE CAPITAL;9 - DEMAIS RECEITAS DE CAPITAL;9 - DEMAIS RECEITAS DE CAPITAL;99 - OUTRAS RECEITAS DE CAPITAL;0 - OUTRAS RECEITAS DE CAPITAL;1 - Principal;01 - DEMAIS RECEITAS DE CAPITAL - PRINCIPAL;11 - OUTORGA ONEROSA - PLANO DIRETOR - DIREITO DE CONSTRUIR - FUNDURB;000 - OUTORGA ONEROSA - PLANO DIRETOR - DIREITO DE CONSTRUIR - FUNDURB;000 - OUTORGA ONEROSA - PLANO DIRETOR - DIREITO DE CONSTRUIR - FUNDURB;11 - Integral;01 - Total;000 - Total;1118194927.00;152339105.21
2024;2024 | 12 | PREFEITURA DO MUNICOPIO DE SCO PAULO | 2 - RECEITAS DE CAPITAL | 9 - OUTRAS RECEITAS DE CAPITAL | 9 - DEMAIS RECEITAS DE CAPITAL | 9 - DEMAIS RECEITAS DE CAPITAL | 99 - OUTRAS RECEITAS DE CAPITAL | 0 - OUTRAS RECEITAS DE CAPITAL | 1 - PRINCIPAL | 01 - DEMAIS RECEITAS DE CAPITAL - PRINCIPAL | 11 - OUTORGA ONEROSA - PLANO DIRETOR - DIREITO DE CONSTRUIR - FUNDURB | 000 - OUTORGA ONEROSA - PLANO DIRETOR - DIREITO DE CONSTRUIR - FUNDURB | 000 - OUTORGA ONEROSA - PLANO DIRETOR - DIREITO DE CONSTRUIR - FUNDURB | 11 - INTEGRAL | 09 - DEDUTORA | 001 - DEDUAES OUTORGA ONEROSA - PLANO DIRETOR - DIREITO DE CONSTRUIR - FUNDURB | .00 | .00;2024;12;PREFEITURA DO MUNICÖPIO DE SÇO PAULO;2 - RECEITAS DE CAPITAL;9 - OUTRAS RECEITAS DE CAPITAL;9 - DEMAIS RECEITAS DE CAPITAL;9 - DEMAIS RECEITAS DE CAPITAL;99 - OUTRAS RECEITAS DE CAPITAL;0 - OUTRAS RECEITAS DE CAPITAL;1 - Principal;01 - DEMAIS RECEITAS DE CAPITAL - PRINCIPAL;11 - OUTORGA ONEROSA - PLANO DIRETOR - DIREITO DE CONSTRUIR - FUNDURB;000 - OUTORGA ONEROSA - PLANO DIRETOR - DIREITO DE CONSTRUIR - FUNDURB;000 - OUTORGA ONEROSA - PLANO DIRETOR - DIREITO DE CONSTRUIR - FUNDURB;11 - Integral;09 - Dedutora;001 - Deduäes Outorga Onerosa - Plano Diretor - Direito de Construir - FUNDURB;.00;.00
2024;2024 | 12 | PREFEITURA DO MUNICOPIO DE SCO PAULO | 7 - RECEITAS CORRENTES INTRAORAMENTRIAS | 3 - RECEITA PATRIMONIAL INTRAORAMENTRIA | 3 - DELEGACO DE SERVIOS PEBLICOS MEDIANTE CONCESSCO PERMISSCO AUTORIZACO OU LICENA | 9 - DEMAIS DELEGAAES DE SERVIOS PEBLICOS | 99 - OUTRAS DELEGAAES DE SERVIOS PEBLICOS | 0 - OUTRAS DELEGAAES DE SERVIOS PEBLICOS | 1 - PRINCIPAL | 01 - OUTORGAS PROVENIENTES DE CONCESSAES - FMD | 00 - OUTORGAS PROVENIENTES DE CONCESSAES - FMD | 000 - OUTORGAS PROVENIENTES DE CONCESSAES - FMD | 000 - OUTORGAS PROVENIENTES DE CONCESSAES - FMD | 11 - INTEGRAL | 01 - TOTAL | 000 - TOTAL | .00 | 583697.14;2024;12;PREFEITURA DO MUNICÖPIO DE SÇO PAULO;7 - RECEITAS CORRENTES INTRAORAMENTµRIAS;3 - RECEITA PATRIMONIAL INTRAORAMENTµRIA;3 - DELEGAÇO DE SERVIOS PéBLICOS MEDIANTE CONCESSÇO PERMISSÇO AUTORIZAÇO OU LICENA;9 - DEMAIS DELEGAåES DE SERVIOS PéBLICOS;99 - OUTRAS DELEGAåES DE SERVIOS PéBLICOS;0 - OUTRAS DELEGAåES DE SERVIOS PéBLICOS;1 - Principal;01 - OUTORGAS PROVENIENTES DE CONCESSåES - FMD;00 - OUTORGAS PROVENIENTES DE CONCESSåES - FMD;000 - OUTORGAS PROVENIENTES DE CONCESSåES - FMD;000 - OUTORGAS PROVENIENTES DE CONCESSåES - FMD;11 - Integral;01 - Total;000 - Total;.00;583697.14
2025;2025 | 1 | AGONCIA REG. DE SERV. PEBLICOS DE SCO PAULO | 1 - RECEITAS CORRENTES | 1 - IMPOSTOS TAXAS E CONTRIBUIAES DE MELHORIA | 2 - TAXAS | 1 - TAXAS PELO EXERCOCIO DO PODER DE POLOCIA | 01 - TAXAS DE INSPECO CONTROLE E FISCALIZACO | 0 - TAXAS DE INSPECO CONTROLE E FISCALIZACO | 1 - PRINCIPAL | 13 - TAXAS - EMISSCO DE ALVARS - SERVIOS FUNERRIOS E CEMITERIAIS | 00 - TAXAS - EMISSCO DE ALVARS - SERVIOS FUNERRIOS E CEMITERIAIS | 000 - TAXAS - EMISSCO DE ALVARS - SERVIOS FUNERRIOS E CEMITERIAIS | 000 - TAXAS - EMISSCO DE ALVARS - SERVIOS FUNERRIOS E CEMITERIAIS | 11 - INTEGRAL | 01 - TOTAL | 000 - TOTAL | .00 | 4135.30;2025;1;AGÒNCIA REG. DE SERV. PéBLICOS DE SÇO PAULO;1 - RECEITAS CORRENTES;1 - IMPOSTOS TAXAS E CONTRIBUIåES DE MELHORIA;2 - TAXAS;1 - TAXAS PELO EXERCÖCIO DO PODER DE POLÖCIA;01 - TAXAS DE INSPEÇO CONTROLE E FISCALIZAÇO;0 - TAXAS DE INSPEÇO CONTROLE E FISCALIZAÇO;1 - Principal;13 - TAXAS - EMISSÇO DE ALVARµS - SERVIOS FUNERµRIOS E CEMITERIAIS;00 - TAXAS - EMISSÇO DE ALVARµS - SERVIOS FUNERµRIOS E CEMITERIAIS;000 - TAXAS - EMISSÇO DE ALVARµS - SERVIOS FUNERµRIOS E CEMITERIAIS;000 - TAXAS - EMISSÇO DE ALVARµS - SERVIOS FUNERµRIOS E CEMITERIAIS;11 - Integral;01 - Total;000 - Total;.00;4135.30
2025;2025 | 1 | AGONCIA REG. DE SERV. PEBLICOS DE SCO PAULO | 1 - RECEITAS CORRENTES | 9 - OUTRAS RECEITAS CORRENTES | 1 - MULTAS ADMINISTRATIVAS CONTRATUAIS E JUDICIAIS | 1 - MULTAS ADMINISTRATIVAS CONTRATUAIS E JUDICIAIS | 01 - MULTAS PREVISTAS EM LEGISLACO ESPECOFICA | 0 - MULTAS PREVISTAS EM LEGISLACO ESPECOFICA | 1 - PRINCIPAL | 02 - DEMAIS MULTAS PREVISTAS EM LEGISLACO ESPECOFICA | 16 - MULTAS DE POSTURAS MUNICIPAIS - SP REGULA | 000 - MULTAS DE POSTURAS MUNICIPAIS - SP REGULA | 000 - MULTAS DE POSTURAS MUNICIPAIS - SP REGULA | 11 - INTEGRAL | 01 - TOTAL | 000 - TOTAL | 966300.00 | 15985.84;2025;1;AGÒNCIA REG. DE SERV. PéBLICOS DE SÇO PAULO;1 - RECEITAS CORRENTES;9 - OUTRAS RECEITAS CORRENTES;1 - MULTAS ADMINISTRATIVAS CONTRATUAIS E JUDICIAIS;1 - MULTAS ADMINISTRATIVAS CONTRATUAIS E JUDICIAIS;01 - MULTAS PREVISTAS EM LEGISLAÇO ESPECÖFICA;0 - MULTAS PREVISTAS EM LEGISLAÇO ESPECÖFICA;1 - Principal;02 - DEMAIS MULTAS PREVISTAS EM LEGISLAÇO ESPECÖFICA;16 - MULTAS DE POSTURAS MUNICIPAIS - SP REGULA;000 - MULTAS DE POSTURAS MUNICIPAIS - SP REGULA;000 - MULTAS DE POSTURAS MUNICIPAIS - SP REGULA;11 - Integral;01 - Total;000 - Total;966300.00;15985.84
2025;2025 | 1 | AGONCIA REG. DE SERV. PEBLICOS DE SCO PAULO | 1 - RECEITAS CORRENTES | 9 - OUTRAS RECEITAS CORRENTES | 1 - MULTAS ADMINISTRATIVAS CONTRATUAIS E JUDICIAIS | 1 - MULTAS ADMINISTRATIVAS CONTRATUAIS E JUDICIAIS | 01 - MULTAS PREVISTAS EM LEGISLACO ESPECOFICA | 0 - MULTAS PREVISTAS EM LEGISLACO ESPECOFICA | 2 - MULTA | 02 - DEMAIS MULTAS PREVISTAS EM LEGISLACO ESPECOFICA - MULTAS E JUROS | 16 - MULTAS DE POSTURAS MUNICIPAIS - SP REGULA - MULTAS E JUROS | 000 - MULTAS DE POSTURAS MUNICIPAIS - SP REGULA - MULTAS E JUROS | 000 - MULTAS DE POSTURAS MUNICIPAIS - SP REGULA - MULTAS E JUROS | 11 - INTEGRAL | 01 - TOTAL | 000 - TOTAL | 96000.00 | 5974.98;2025;1;AGÒNCIA REG. DE SERV. PéBLICOS DE SÇO PAULO;1 - RECEITAS CORRENTES;9 - OUTRAS RECEITAS CORRENTES;1 - MULTAS ADMINISTRATIVAS CONTRATUAIS E JUDICIAIS;1 - MULTAS ADMINISTRATIVAS CONTRATUAIS E JUDICIAIS;01 - MULTAS PREVISTAS EM LEGISLAÇO ESPECÖFICA;0 - MULTAS PREVISTAS EM LEGISLAÇO ESPECÖFICA;2 - Multa;02 - DEMAIS MULTAS PREVISTAS EM LEGISLAÇO ESPECÖFICA - MULTAS E JUROS;16 - MULTAS DE POSTURAS MUNICIPAIS - SP REGULA - MULTAS E JUROS;000 - MULTAS DE POSTURAS MUNICIPAIS - SP REGULA - MULTAS E JUROS;000 - MULTAS DE POSTURAS MUNICIPAIS - SP REGULA - MULTAS E JUROS;11 - Integral;01 - Total;000 - Total;96000.00;5974.98
2025;2025 | 1 | FUNDO MUNICIPAL DE HABITAO - COHAB | 1 - RECEITAS CORRENTES | 3 - RECEITA PATRIMONIAL | 2 - VALORES MOBILIRIOS | 1 - JUROS E CORREAES MONETRIAS | 05 - JUROS DE TOTULOS DE RENDA | 0 - JUROS DE TOTULOS DE RENDA | 1 - PRINCIPAL | 01 - FUNDOS DE INVESTIMENTOS E APLICAAES EM COTAS - RENDA FIXA | 09 - TESOURO MUNICIPAL - RECURSOS VINCULADOS | 023 - FUNDO MUNICIPAL DE HABITACO - COHAB | 001 - OUTORGA ONEROSA LEI 13.558/2003 ALTERADA PELA LEI 13.876/2004 | 11 - INTEGRAL | 01 - TOTAL | 000 - TOTAL | 360000.00 | .00;2025;1;Fundo Municipal de HabitaÆo - COHAB;1 - RECEITAS CORRENTES;3 - RECEITA PATRIMONIAL;2 - VALORES MOBILIµRIOS;1 - JUROS E CORREåES MONETµRIAS;05 - JUROS DE TÖTULOS DE RENDA;0 - JUROS DE TÖTULOS DE RENDA;1 - Principal;01 - FUNDOS DE INVESTIMENTOS E APLICAåES EM COTAS - RENDA FIXA;09 - TESOURO MUNICIPAL - RECURSOS VINCULADOS;023 - FUNDO MUNICIPAL DE HABITAÇO - COHAB;001 - OUTORGA ONEROSA LEI 13.558/2003 ALTERADA PELA LEI 13.876/2004;11 - Integral;01 - Total;000 - Total;360000.00;.00
2025;2025 | 1 | FUNDO MUNICIPAL DE HABITAO - COHAB | 2 - RECEITAS DE CAPITAL | 9 - OUTRAS RECEITAS DE CAPITAL | 9 - DEMAIS RECEITAS DE CAPITAL | 9 - DEMAIS RECEITAS DE CAPITAL | 99 - OUTRAS RECEITAS DE CAPITAL | 0 - OUTRAS RECEITAS DE CAPITAL | 1 - PRINCIPAL | 01 - DEMAIS RECEITAS DE CAPITAL - PRINCIPAL | 12 - OUTORGA ONEROSA - LEI DE ANISTIA | 000 - OUTORGA ONEROSA - LEI DE ANISTIA | 000 - OUTORGA ONEROSA - LEI DE ANISTIA | 11 - INTEGRAL | 01 - TOTAL | 000 - TOTAL | 200000.00 | .00;2025;1;Fundo Municipal de HabitaÆo - COHAB;2 - RECEITAS DE CAPITAL;9 - OUTRAS RECEITAS DE CAPITAL;9 - DEMAIS RECEITAS DE CAPITAL;9 - DEMAIS RECEITAS DE CAPITAL;99 - OUTRAS RECEITAS DE CAPITAL;0 - OUTRAS RECEITAS DE CAPITAL;1 - Principal;01 - DEMAIS RECEITAS DE CAPITAL - PRINCIPAL;12 - OUTORGA ONEROSA - LEI DE ANISTIA;000 - OUTORGA ONEROSA - LEI DE ANISTIA;000 - OUTORGA ONEROSA - LEI DE ANISTIA;11 - Integral;01 - Total;000 - Total;200000.00;.00
2025;2025 | 1 | PREFEITURA DO MUNICOPIO DE SCO PAULO | 1 - RECEITAS CORRENTES | 3 - RECEITA PATRIMONIAL | 2 - VALORES MOBILIRIOS | 1 - JUROS E CORREAES MONETRIAS | 05 - JUROS DE TOTULOS DE RENDA | 0 - JUROS DE TOTULOS DE RENDA | 1 - PRINCIPAL | 01 - FUNDOS DE INVESTIMENTOS E APLICAAES EM COTAS - RENDA FIXA | 09 - TESOURO MUNICIPAL - RECURSOS VINCULADOS | 032 - SECRETARIA MUNICIPAL DE URBANISMO E LICENCIAMENTO | 009 - OPERACO URBANA FARIA LIMA - OUTORGA HIS | 11 - INTEGRAL | 01 - TOTAL | 000 - TOTAL | 3960000.00 | 495908.30;2025;1;PREFEITURA DO MUNICÖPIO DE SÇO PAULO;1 - RECEITAS CORRENTES;3 - RECEITA PATRIMONIAL;2 - VALORES MOBILIµRIOS;1 - JUROS E CORREåES MONETµRIAS;05 - JUROS DE TÖTULOS DE RENDA;0 - JUROS DE TÖTULOS DE RENDA;1 - Principal;01 - FUNDOS DE INVESTIMENTOS E APLICAåES EM COTAS - RENDA FIXA;09 - TESOURO MUNICIPAL - RECURSOS VINCULADOS;032 - SECRETARIA MUNICIPAL DE URBANISMO E LICENCIAMENTO;009 - OPERAÇO URBANA FARIA LIMA - OUTORGA HIS;11 - Integral;01 - Total;000 - Total;3960000.00;495908.30
2025;2025 | 1 | PREFEITURA DO MUNICOPIO DE SCO PAULO | 1 - RECEITAS CORRENTES | 3 - RECEITA PATRIMONIAL | 2 - VALORES MOBILIRIOS | 1 - JUROS E CORREAES MONETRIAS | 05 - JUROS DE TOTULOS DE RENDA | 0 - JUROS DE TOTULOS DE RENDA | 1 - PRINCIPAL | 01 - FUNDOS DE INVESTIMENTOS E APLICAAES EM COTAS - RENDA FIXA | 09 - TESOURO MUNICIPAL - RECURSOS VINCULADOS | 032 - SECRETARIA MUNICIPAL DE URBANISMO E LICENCIAMENTO | 011 - OPERACO URBANA FARIA LIMA - OUTORGA | 11 - INTEGRAL | 01 - TOTAL | 000 - TOTAL | 10800000.00 | 1008373.25;2025;1;PREFEITURA DO MUNICÖPIO DE SÇO PAULO;1 - RECEITAS CORRENTES;3 - RECEITA PATRIMONIAL;2 - VALORES MOBILIµRIOS;1 - JUROS E CORREåES MONETµRIAS;05 - JUROS DE TÖTULOS DE RENDA;0 - JUROS DE TÖTULOS DE RENDA;1 - Principal;01 - FUNDOS DE INVESTIMENTOS E APLICAåES EM COTAS - RENDA FIXA;09 - TESOURO MUNICIPAL - RECURSOS VINCULADOS;032 - SECRETARIA MUNICIPAL DE URBANISMO E LICENCIAMENTO;011 - OPERAÇO URBANA FARIA LIMA - OUTORGA;11 - Integral;01 - Total;000 - Total;10800000.00;1008373.25
2025;2025 | 1 | PREFEITURA DO MUNICOPIO DE SCO PAULO | 1 - RECEITAS CORRENTES | 3 - RECEITA PATRIMONIAL | 2 - VALORES MOBILIRIOS | 1 - JUROS E CORREAES MONETRIAS | 05 - JUROS DE TOTULOS DE RENDA | 0 - JUROS DE TOTULOS DE RENDA | 1 - PRINCIPAL | 01 - FUNDOS DE INVESTIMENTOS E APLICAAES EM COTAS - RENDA FIXA | 09 - TESOURO MUNICIPAL - RECURSOS VINCULADOS | 032 - SECRETARIA MUNICIPAL DE URBANISMO E LICENCIAMENTO | 013 - FUNDO ESPECIAL OPERACO URBANA GUA BRANCA - FEAB - OUTORGA | 11 - INTEGRAL | 01 - TOTAL | 000 - TOTAL | 84000000.00 | 10436757.93;2025;1;PREFEITURA DO MUNICÖPIO DE SÇO PAULO;1 - RECEITAS CORRENTES;3 - RECEITA PATRIMONIAL;2 - VALORES MOBILIµRIOS;1 - JUROS E CORREåES MONETµRIAS;05 - JUROS DE TÖTULOS DE RENDA;0 - JUROS DE TÖTULOS DE RENDA;1 - Principal;01 - FUNDOS DE INVESTIMENTOS E APLICAåES EM COTAS - RENDA FIXA;09 - TESOURO MUNICIPAL - RECURSOS VINCULADOS;032 - SECRETARIA MUNICIPAL DE URBANISMO E LICENCIAMENTO;013 - FUNDO ESPECIAL OPERAÇO URBANA µGUA BRANCA - FEAB - OUTORGA;11 - Integral;01 - Total;000 - Total;84000000.00;10436757.93
2025;2025 | 1 | PREFEITURA DO MUNICOPIO DE SCO PAULO | 1 - RECEITAS CORRENTES | 3 - RECEITA PATRIMONIAL | 2 - VALORES MOBILIRIOS | 1 - JUROS E CORREAES MONETRIAS | 05 - JUROS DE TOTULOS DE RENDA | 0 - JUROS DE TOTULOS DE RENDA | 1 - PRINCIPAL | 01 - FUNDOS DE INVESTIMENTOS E APLICAAES EM COTAS - RENDA FIXA | 09 - TESOURO MUNICIPAL - RECURSOS VINCULADOS | 032 - SECRETARIA MUNICIPAL DE URBANISMO E LICENCIAMENTO | 014 - FUNDO ESPECIAL OPERACO URBANA GUA BRANCA - FEAB - OUTORGA - HIS | 11 - INTEGRAL | 01 - TOTAL | 000 - TOTAL | 30000.00 | 3739.75;2025;1;PREFEITURA DO MUNICÖPIO DE SÇO PAULO;1 - RECEITAS CORRENTES;3 - RECEITA PATRIMONIAL;2 - VALORES MOBILIµRIOS;1 - JUROS E CORREåES MONETµRIAS;05 - JUROS DE TÖTULOS DE RENDA;0 - JUROS DE TÖTULOS DE RENDA;1 - Principal;01 - FUNDOS DE INVESTIMENTOS E APLICAåES EM COTAS - RENDA FIXA;09 - TESOURO MUNICIPAL - RECURSOS VINCULADOS;032 - SECRETARIA MUNICIPAL DE URBANISMO E LICENCIAMENTO;014 - FUNDO ESPECIAL OPERAÇO URBANA µGUA BRANCA - FEAB - OUTORGA - HIS;11 - Integral;01 - Total;000 - Total;30000.00;3739.75
2025;2025 | 1 | PREFEITURA DO MUNICOPIO DE SCO PAULO | 1 - RECEITAS CORRENTES | 3 - RECEITA PATRIMONIAL | 3 - DELEGACO DE SERVIOS PEBLICOS MEDIANTE CONCESSCO PERMISSCO AUTORIZACO OU LICENA | 9 - DEMAIS DELEGAAES DE SERVIOS PEBLICOS | 99 - OUTRAS DELEGAAES DE SERVIOS PEBLICOS | 0 - OUTRAS DELEGAAES DE SERVIOS PEBLICOS | 1 - PRINCIPAL | 01 - OUTORGAS PROVENIENTES DE CONCESSAES - FMD | 00 - OUTORGAS PROVENIENTES DE CONCESSAES - FMD | 000 - OUTORGAS PROVENIENTES DE CONCESSAES - FMD | 000 - OUTORGAS PROVENIENTES DE CONCESSAES - FMD | 11 - INTEGRAL | 01 - TOTAL | 000 - TOTAL | 106060339.00 | 9189412.53;2025;1;PREFEITURA DO MUNICÖPIO DE SÇO PAULO;1 - RECEITAS CORRENTES;3 - RECEITA PATRIMONIAL;3 - DELEGAÇO DE SERVIOS PéBLICOS MEDIANTE CONCESSÇO PERMISSÇO AUTORIZAÇO OU LICENA;9 - DEMAIS DELEGAåES DE SERVIOS PéBLICOS;99 - OUTRAS DELEGAåES DE SERVIOS PéBLICOS;0 - OUTRAS DELEGAåES DE SERVIOS PéBLICOS;1 - Principal;01 - OUTORGAS PROVENIENTES DE CONCESSåES - FMD;00 - OUTORGAS PROVENIENTES DE CONCESSåES - FMD;000 - OUTORGAS PROVENIENTES DE CONCESSåES - FMD;000 - OUTORGAS PROVENIENTES DE CONCESSåES - FMD;11 - Integral;01 - Total;000 - Total;106060339.00;9189412.53
2025;2025 | 1 | PREFEITURA DO MUNICOPIO DE SCO PAULO | 1 - RECEITAS CORRENTES | 9 - OUTRAS RECEITAS CORRENTES | 2 - INDENIZAAES RESTITUIAES E RESSARCIMENTOS | 3 - RESSARCIMENTOS | 99 - OUTROS RESSARCIMENTOS | 0 - OUTROS RESSARCIMENTOS | 1 - PRINCIPAL | 12 - OUTROS RESSARCIMENTOSY- OUCFL - OUTORGA | 00 - OUTROS RESSARCIMENTOSY- OUCFL - OUTORGA | 000 - OUTROS RESSARCIMENTOSY- OUCFL - OUTORGA | 000 - OUTROS RESSARCIMENTOSY- OUCFL - OUTORGA | 11 - INTEGRAL | 01 - TOTAL | 000 - TOTAL | 50874.00 | .00;2025;1;PREFEITURA DO MUNICÖPIO DE SÇO PAULO;1 - RECEITAS CORRENTES;9 - OUTRAS RECEITAS CORRENTES;2 - INDENIZAåES RESTITUIåES E RESSARCIMENTOS;3 - RESSARCIMENTOS;99 - OUTROS RESSARCIMENTOS;0 - OUTROS RESSARCIMENTOS;1 - Principal;12 - OUTROS RESSARCIMENTOSÿ- OUCFL - Outorga;00 - OUTROS RESSARCIMENTOSÿ- OUCFL - Outorga;000 - OUTROS RESSARCIMENTOSÿ- OUCFL - Outorga;000 - OUTROS RESSARCIMENTOSÿ- OUCFL - Outorga;11 - Integral;01 - Total;000 - Total;50874.00;.00
2025;2025 | 1 | PREFEITURA DO MUNICOPIO DE SCO PAULO | 1 - RECEITAS CORRENTES | 9 - OUTRAS RECEITAS CORRENTES | 4 - MULTAS E JUROS DE MORA DAS RECEITAS DE CAPITAL | 9 - MULTAS E JUROS DE MORA DE OUTRAS RECEITAS DE CAPITAL | 99 - MULTAS E JUROS DE OUTRAS RECEITAS DE CAPITAL | 0 - MULTAS E JUROS DE OUTRAS RECEITAS DE CAPITAL | 2 - MULTA | 76 - OUTORGA ONEROSA - PLANO DIRETOR - DIREITO DE CONSTRUIR - FUNDURB - MULTAS E JUROS | 00 - OUTORGA ONEROSA - PLANO DIRETOR - DIREITO DE CONSTRUIR - FUNDURB - MULTAS E JUROS | 000 - OUTORGA ONEROSA - PLANO DIRETOR - DIREITO DE CONSTRUIR - FUNDURB - MULTAS E JUROS | 000 - OUTORGA ONEROSA - PLANO DIRETOR - DIREITO DE CONSTRUIR - FUNDURB - MULTAS E JUROS | 11 - INTEGRAL | 01 - TOTAL | 000 - TOTAL | 84881.00 | 8.19;2025;1;PREFEITURA DO MUNICÖPIO DE SÇO PAULO;1 - RECEITAS CORRENTES;9 - OUTRAS RECEITAS CORRENTES;4 - MULTAS E JUROS DE MORA DAS RECEITAS DE CAPITAL;9 - MULTAS E JUROS DE MORA DE OUTRAS RECEITAS DE CAPITAL;99 - MULTAS E JUROS DE OUTRAS RECEITAS DE CAPITAL;0 - MULTAS E JUROS DE OUTRAS RECEITAS DE CAPITAL;2 - Multa;76 - OUTORGA ONEROSA - PLANO DIRETOR - DIREITO DE CONSTRUIR - FUNDURB - MULTAS E JUROS;00 - OUTORGA ONEROSA - PLANO DIRETOR - DIREITO DE CONSTRUIR - FUNDURB - MULTAS E JUROS;000 - OUTORGA ONEROSA - PLANO DIRETOR - DIREITO DE CONSTRUIR - FUNDURB - MULTAS E JUROS;000 - OUTORGA ONEROSA - PLANO DIRETOR - DIREITO DE CONSTRUIR - FUNDURB - MULTAS E JUROS;11 - Integral;01 - Total;000 - Total;84881.00;8.19
2025;2025 | 1 | PREFEITURA DO MUNICOPIO DE SCO PAULO | 2 - RECEITAS DE CAPITAL | 9 - OUTRAS RECEITAS DE CAPITAL | 9 - DEMAIS RECEITAS DE CAPITAL | 9 - DEMAIS RECEITAS DE CAPITAL | 99 - OUTRAS RECEITAS DE CAPITAL | 0 - OUTRAS RECEITAS DE CAPITAL | 1 - PRINCIPAL | 01 - DEMAIS RECEITAS DE CAPITAL - PRINCIPAL | 09 - OUTORGA ONEROSA COTA SOLIDARIEDADE - FUNDURB | 000 - OUTORGA ONEROSA COTA SOLIDARIEDADE - FUNDURB | 000 - OUTORGA ONEROSA COTA SOLIDARIEDADE - FUNDURB | 11 - INTEGRAL | 01 - TOTAL | 000 - TOTAL | 50491073.00 | 11194004.13;2025;1;PREFEITURA DO MUNICÖPIO DE SÇO PAULO;2 - RECEITAS DE CAPITAL;9 - OUTRAS RECEITAS DE CAPITAL;9 - DEMAIS RECEITAS DE CAPITAL;9 - DEMAIS RECEITAS DE CAPITAL;99 - OUTRAS RECEITAS DE CAPITAL;0 - OUTRAS RECEITAS DE CAPITAL;1 - Principal;01 - DEMAIS RECEITAS DE CAPITAL - PRINCIPAL;09 - OUTORGA ONEROSA COTA SOLIDARIEDADE - FUNDURB;000 - OUTORGA ONEROSA COTA SOLIDARIEDADE - FUNDURB;000 - OUTORGA ONEROSA COTA SOLIDARIEDADE - FUNDURB;11 - Integral;01 - Total;000 - Total;50491073.00;11194004.13
2025;2025 | 1 | PREFEITURA DO MUNICOPIO DE SCO PAULO | 2 - RECEITAS DE CAPITAL | 9 - OUTRAS RECEITAS DE CAPITAL | 9 - DEMAIS RECEITAS DE CAPITAL | 9 - DEMAIS RECEITAS DE CAPITAL | 99 - OUTRAS RECEITAS DE CAPITAL | 0 - OUTRAS RECEITAS DE CAPITAL | 1 - PRINCIPAL | 01 - DEMAIS RECEITAS DE CAPITAL - PRINCIPAL | 11 - OUTORGA ONEROSA - PLANO DIRETOR - DIREITO DE CONSTRUIR - FUNDURB | 000 - OUTORGA ONEROSA - PLANO DIRETOR - DIREITO DE CONSTRUIR - FUNDURB | 000 - OUTORGA ONEROSA - PLANO DIRETOR - DIREITO DE CONSTRUIR - FUNDURB | 11 - INTEGRAL | 01 - TOTAL | 000 - TOTAL | 931382643.00 | 160315648.54;2025;1;PREFEITURA DO MUNICÖPIO DE SÇO PAULO;2 - RECEITAS DE CAPITAL;9 - OUTRAS RECEITAS DE CAPITAL;9 - DEMAIS RECEITAS DE CAPITAL;9 - DEMAIS RECEITAS DE CAPITAL;99 - OUTRAS RECEITAS DE CAPITAL;0 - OUTRAS RECEITAS DE CAPITAL;1 - Principal;01 - DEMAIS RECEITAS DE CAPITAL - PRINCIPAL;11 - OUTORGA ONEROSA - PLANO DIRETOR - DIREITO DE CONSTRUIR - FUNDURB;000 - OUTORGA ONEROSA - PLANO DIRETOR - DIREITO DE CONSTRUIR - FUNDURB;000 - OUTORGA ONEROSA - PLANO DIRETOR - DIREITO DE CONSTRUIR - FUNDURB;11 - Integral;01 - Total;000 - Total;931382643.00;160315648.54
2025;2025 | 1 | PREFEITURA DO MUNICOPIO DE SCO PAULO | 2 - RECEITAS DE CAPITAL | 9 - OUTRAS RECEITAS DE CAPITAL | 9 - DEMAIS RECEITAS DE CAPITAL | 9 - DEMAIS RECEITAS DE CAPITAL | 99 - OUTRAS RECEITAS DE CAPITAL | 0 - OUTRAS RECEITAS DE CAPITAL | 1 - PRINCIPAL | 01 - DEMAIS RECEITAS DE CAPITAL - PRINCIPAL | 11 - OUTORGA ONEROSA - PLANO DIRETOR - DIREITO DE CONSTRUIR - FUNDURB | 000 - OUTORGA ONEROSA - PLANO DIRETOR - DIREITO DE CONSTRUIR - FUNDURB | 000 - OUTORGA ONEROSA - PLANO DIRETOR - DIREITO DE CONSTRUIR - FUNDURB | 11 - INTEGRAL | 09 - DEDUTORA | 001 - DEDUAES OUTORGA ONEROSA - PLANO DIRETOR - DIREITO DE CONSTRUIR - FUNDURB | .00 | -11487.21;2025;1;PREFEITURA DO MUNICÖPIO DE SÇO PAULO;2 - RECEITAS DE CAPITAL;9 - OUTRAS RECEITAS DE CAPITAL;9 - DEMAIS RECEITAS DE CAPITAL;9 - DEMAIS RECEITAS DE CAPITAL;99 - OUTRAS RECEITAS DE CAPITAL;0 - OUTRAS RECEITAS DE CAPITAL;1 - Principal;01 - DEMAIS RECEITAS DE CAPITAL - PRINCIPAL;11 - OUTORGA ONEROSA - PLANO DIRETOR - DIREITO DE CONSTRUIR - FUNDURB;000 - OUTORGA ONEROSA - PLANO DIRETOR - DIREITO DE CONSTRUIR - FUNDURB;000 - OUTORGA ONEROSA - PLANO DIRETOR - DIREITO DE CONSTRUIR - FUNDURB;11 - Integral;09 - Dedutora;001 - Deduäes Outorga Onerosa - Plano Diretor - Direito de Construir - FUNDURB;.00;-11487.21
2025;2025 | 2 | AGONCIA REG. DE SERV. PEBLICOS DE SCO PAULO | 1 - RECEITAS CORRENTES | 1 - IMPOSTOS TAXAS E CONTRIBUIAES DE MELHORIA | 2 - TAXAS | 1 - TAXAS PELO EXERCOCIO DO PODER DE POLOCIA | 01 - TAXAS DE INSPECO CONTROLE E FISCALIZACO | 0 - TAXAS DE INSPECO CONTROLE E FISCALIZACO | 1 - PRINCIPAL | 13 - TAXAS - EMISSCO DE ALVARS - SERVIOS FUNERRIOS E CEMITERIAIS | 00 - TAXAS - EMISSCO DE ALVARS - SERVIOS FUNERRIOS E CEMITERIAIS | 000 - TAXAS - EMISSCO DE ALVARS - SERVIOS FUNERRIOS E CEMITERIAIS | 000 - TAXAS - EMISSCO DE ALVARS - SERVIOS FUNERRIOS E CEMITERIAIS | 11 - INTEGRAL | 01 - TOTAL | 000 - TOTAL | .00 | .00;2025;2;AGÒNCIA REG. DE SERV. PéBLICOS DE SÇO PAULO;1 - RECEITAS CORRENTES;1 - IMPOSTOS TAXAS E CONTRIBUIåES DE MELHORIA;2 - TAXAS;1 - TAXAS PELO EXERCÖCIO DO PODER DE POLÖCIA;01 - TAXAS DE INSPEÇO CONTROLE E FISCALIZAÇO;0 - TAXAS DE INSPEÇO CONTROLE E FISCALIZAÇO;1 - Principal;13 - TAXAS - EMISSÇO DE ALVARµS - SERVIOS FUNERµRIOS E CEMITERIAIS;00 - TAXAS - EMISSÇO DE ALVARµS - SERVIOS FUNERµRIOS E CEMITERIAIS;000 - TAXAS - EMISSÇO DE ALVARµS - SERVIOS FUNERµRIOS E CEMITERIAIS;000 - TAXAS - EMISSÇO DE ALVARµS - SERVIOS FUNERµRIOS E CEMITERIAIS;11 - Integral;01 - Total;000 - Total;.00;.00
2025;2025 | 2 | AGONCIA REG. DE SERV. PEBLICOS DE SCO PAULO | 1 - RECEITAS CORRENTES | 9 - OUTRAS RECEITAS CORRENTES | 1 - MULTAS ADMINISTRATIVAS CONTRATUAIS E JUDICIAIS | 1 - MULTAS ADMINISTRATIVAS CONTRATUAIS E JUDICIAIS | 01 - MULTAS PREVISTAS EM LEGISLACO ESPECOFICA | 0 - MULTAS PREVISTAS EM LEGISLACO ESPECOFICA | 1 - PRINCIPAL | 02 - DEMAIS MULTAS PREVISTAS EM LEGISLACO ESPECOFICA | 16 - MULTAS DE POSTURAS MUNICIPAIS - SP REGULA | 000 - MULTAS DE POSTURAS MUNICIPAIS - SP REGULA | 000 - MULTAS DE POSTURAS MUNICIPAIS - SP REGULA | 11 - INTEGRAL | 01 - TOTAL | 000 - TOTAL | 966300.00 | .00;2025;2;AGÒNCIA REG. DE SERV. PéBLICOS DE SÇO PAULO;1 - RECEITAS CORRENTES;9 - OUTRAS RECEITAS CORRENTES;1 - MULTAS ADMINISTRATIVAS CONTRATUAIS E JUDICIAIS;1 - MULTAS ADMINISTRATIVAS CONTRATUAIS E JUDICIAIS;01 - MULTAS PREVISTAS EM LEGISLAÇO ESPECÖFICA;0 - MULTAS PREVISTAS EM LEGISLAÇO ESPECÖFICA;1 - Principal;02 - DEMAIS MULTAS PREVISTAS EM LEGISLAÇO ESPECÖFICA;16 - MULTAS DE POSTURAS MUNICIPAIS - SP REGULA;000 - MULTAS DE POSTURAS MUNICIPAIS - SP REGULA;000 - MULTAS DE POSTURAS MUNICIPAIS - SP REGULA;11 - Integral;01 - Total;000 - Total;966300.00;.00
2025;2025 | 2 | AGONCIA REG. DE SERV. PEBLICOS DE SCO PAULO | 1 - RECEITAS CORRENTES | 9 - OUTRAS RECEITAS CORRENTES | 1 - MULTAS ADMINISTRATIVAS CONTRATUAIS E JUDICIAIS | 1 - MULTAS ADMINISTRATIVAS CONTRATUAIS E JUDICIAIS | 01 - MULTAS PREVISTAS EM LEGISLACO ESPECOFICA | 0 - MULTAS PREVISTAS EM LEGISLACO ESPECOFICA | 2 - MULTA | 02 - DEMAIS MULTAS PREVISTAS EM LEGISLACO ESPECOFICA - MULTAS E JUROS | 16 - MULTAS DE POSTURAS MUNICIPAIS - SP REGULA - MULTAS E JUROS | 000 - MULTAS DE POSTURAS MUNICIPAIS - SP REGULA - MULTAS E JUROS | 000 - MULTAS DE POSTURAS MUNICIPAIS - SP REGULA - MULTAS E JUROS | 11 - INTEGRAL | 01 - TOTAL | 000 - TOTAL | 96000.00 | .00;2025;2;AGÒNCIA REG. DE SERV. PéBLICOS DE SÇO PAULO;1 - RECEITAS CORRENTES;9 - OUTRAS RECEITAS CORRENTES;1 - MULTAS ADMINISTRATIVAS CONTRATUAIS E JUDICIAIS;1 - MULTAS ADMINISTRATIVAS CONTRATUAIS E JUDICIAIS;01 - MULTAS PREVISTAS EM LEGISLAÇO ESPECÖFICA;0 - MULTAS PREVISTAS EM LEGISLAÇO ESPECÖFICA;2 - Multa;02 - DEMAIS MULTAS PREVISTAS EM LEGISLAÇO ESPECÖFICA - MULTAS E JUROS;16 - MULTAS DE POSTURAS MUNICIPAIS - SP REGULA - MULTAS E JUROS;000 - MULTAS DE POSTURAS MUNICIPAIS - SP REGULA - MULTAS E JUROS;000 - MULTAS DE POSTURAS MUNICIPAIS - SP REGULA - MULTAS E JUROS;11 - Integral;01 - Total;000 - Total;96000.00;.00
2025;2025 | 2 | FUNDO MUNICIPAL DE HABITAO - COHAB | 1 - RECEITAS CORRENTES | 3 - RECEITA PATRIMONIAL | 2 - VALORES MOBILIRIOS | 1 - JUROS E CORREAES MONETRIAS | 05 - JUROS DE TOTULOS DE RENDA | 0 - JUROS DE TOTULOS DE RENDA | 1 - PRINCIPAL | 01 - FUNDOS DE INVESTIMENTOS E APLICAAES EM COTAS - RENDA FIXA | 09 - TESOURO MUNICIPAL - RECURSOS VINCULADOS | 023 - FUNDO MUNICIPAL DE HABITACO - COHAB | 001 - OUTORGA ONEROSA LEI 13.558/2003 ALTERADA PELA LEI 13.876/2004 | 11 - INTEGRAL | 01 - TOTAL | 000 - TOTAL | 360000.00 | .00;2025;2;Fundo Municipal de HabitaÆo - COHAB;1 - RECEITAS CORRENTES;3 - RECEITA PATRIMONIAL;2 - VALORES MOBILIµRIOS;1 - JUROS E CORREåES MONETµRIAS;05 - JUROS DE TÖTULOS DE RENDA;0 - JUROS DE TÖTULOS DE RENDA;1 - Principal;01 - FUNDOS DE INVESTIMENTOS E APLICAåES EM COTAS - RENDA FIXA;09 - TESOURO MUNICIPAL - RECURSOS VINCULADOS;023 - FUNDO MUNICIPAL DE HABITAÇO - COHAB;001 - OUTORGA ONEROSA LEI 13.558/2003 ALTERADA PELA LEI 13.876/2004;11 - Integral;01 - Total;000 - Total;360000.00;.00
2025;2025 | 2 | FUNDO MUNICIPAL DE HABITAO - COHAB | 2 - RECEITAS DE CAPITAL | 9 - OUTRAS RECEITAS DE CAPITAL | 9 - DEMAIS RECEITAS DE CAPITAL | 9 - DEMAIS RECEITAS DE CAPITAL | 99 - OUTRAS RECEITAS DE CAPITAL | 0 - OUTRAS RECEITAS DE CAPITAL | 1 - PRINCIPAL | 01 - DEMAIS RECEITAS DE CAPITAL - PRINCIPAL | 12 - OUTORGA ONEROSA - LEI DE ANISTIA | 000 - OUTORGA ONEROSA - LEI DE ANISTIA | 000 - OUTORGA ONEROSA - LEI DE ANISTIA | 11 - INTEGRAL | 01 - TOTAL | 000 - TOTAL | 200000.00 | .00;2025;2;Fundo Municipal de HabitaÆo - COHAB;2 - RECEITAS DE CAPITAL;9 - OUTRAS RECEITAS DE CAPITAL;9 - DEMAIS RECEITAS DE CAPITAL;9 - DEMAIS RECEITAS DE CAPITAL;99 - OUTRAS RECEITAS DE CAPITAL;0 - OUTRAS RECEITAS DE CAPITAL;1 - Principal;01 - DEMAIS RECEITAS DE CAPITAL - PRINCIPAL;12 - OUTORGA ONEROSA - LEI DE ANISTIA;000 - OUTORGA ONEROSA - LEI DE ANISTIA;000 - OUTORGA ONEROSA - LEI DE ANISTIA;11 - Integral;01 - Total;000 - Total;200000.00;.00
2025;2025 | 2 | PREFEITURA DO MUNICOPIO DE SCO PAULO | 1 - RECEITAS CORRENTES | 3 - RECEITA PATRIMONIAL | 2 - VALORES MOBILIRIOS | 1 - JUROS E CORREAES MONETRIAS | 05 - JUROS DE TOTULOS DE RENDA | 0 - JUROS DE TOTULOS DE RENDA | 1 - PRINCIPAL | 01 - FUNDOS DE INVESTIMENTOS E APLICAAES EM COTAS - RENDA FIXA | 09 - TESOURO MUNICIPAL - RECURSOS VINCULADOS | 032 - SECRETARIA MUNICIPAL DE URBANISMO E LICENCIAMENTO | 009 - OPERACO URBANA FARIA LIMA - OUTORGA HIS | 11 - INTEGRAL | 01 - TOTAL | 000 - TOTAL | 3960000.00 | 449527.83;2025;2;PREFEITURA DO MUNICÖPIO DE SÇO PAULO;1 - RECEITAS CORRENTES;3 - RECEITA PATRIMONIAL;2 - VALORES MOBILIµRIOS;1 - JUROS E CORREåES MONETµRIAS;05 - JUROS DE TÖTULOS DE RENDA;0 - JUROS DE TÖTULOS DE RENDA;1 - Principal;01 - FUNDOS DE INVESTIMENTOS E APLICAåES EM COTAS - RENDA FIXA;09 - TESOURO MUNICIPAL - RECURSOS VINCULADOS;032 - SECRETARIA MUNICIPAL DE URBANISMO E LICENCIAMENTO;009 - OPERAÇO URBANA FARIA LIMA - OUTORGA HIS;11 - Integral;01 - Total;000 - Total;3960000.00;449527.83
2025;2025 | 2 | PREFEITURA DO MUNICOPIO DE SCO PAULO | 1 - RECEITAS CORRENTES | 3 - RECEITA PATRIMONIAL | 2 - VALORES MOBILIRIOS | 1 - JUROS E CORREAES MONETRIAS | 05 - JUROS DE TOTULOS DE RENDA | 0 - JUROS DE TOTULOS DE RENDA | 1 - PRINCIPAL | 01 - FUNDOS DE INVESTIMENTOS E APLICAAES EM COTAS - RENDA FIXA | 09 - TESOURO MUNICIPAL - RECURSOS VINCULADOS | 032 - SECRETARIA MUNICIPAL DE URBANISMO E LICENCIAMENTO | 011 - OPERACO URBANA FARIA LIMA - OUTORGA | 11 - INTEGRAL | 01 - TOTAL | 000 - TOTAL | 10800000.00 | 901052.12;2025;2;PREFEITURA DO MUNICÖPIO DE SÇO PAULO;1 - RECEITAS CORRENTES;3 - RECEITA PATRIMONIAL;2 - VALORES MOBILIµRIOS;1 - JUROS E CORREåES MONETµRIAS;05 - JUROS DE TÖTULOS DE RENDA;0 - JUROS DE TÖTULOS DE RENDA;1 - Principal;01 - FUNDOS DE INVESTIMENTOS E APLICAåES EM COTAS - RENDA FIXA;09 - TESOURO MUNICIPAL - RECURSOS VINCULADOS;032 - SECRETARIA MUNICIPAL DE URBANISMO E LICENCIAMENTO;011 - OPERAÇO URBANA FARIA LIMA - OUTORGA;11 - Integral;01 - Total;000 - Total;10800000.00;901052.12
2025;2025 | 2 | PREFEITURA DO MUNICOPIO DE SCO PAULO | 1 - RECEITAS CORRENTES | 3 - RECEITA PATRIMONIAL | 2 - VALORES MOBILIRIOS | 1 - JUROS E CORREAES MONETRIAS | 05 - JUROS DE TOTULOS DE RENDA | 0 - JUROS DE TOTULOS DE RENDA | 1 - PRINCIPAL | 01 - FUNDOS DE INVESTIMENTOS E APLICAAES EM COTAS - RENDA FIXA | 09 - TESOURO MUNICIPAL - RECURSOS VINCULADOS | 032 - SECRETARIA MUNICIPAL DE URBANISMO E LICENCIAMENTO | 013 - FUNDO ESPECIAL OPERACO URBANA GUA BRANCA - FEAB - OUTORGA | 11 - INTEGRAL | 01 - TOTAL | 000 - TOTAL | 84000000.00 | 9689800.44;2025;2;PREFEITURA DO MUNICÖPIO DE SÇO PAULO;1 - RECEITAS CORRENTES;3 - RECEITA PATRIMONIAL;2 - VALORES MOBILIµRIOS;1 - JUROS E CORREåES MONETµRIAS;05 - JUROS DE TÖTULOS DE RENDA;0 - JUROS DE TÖTULOS DE RENDA;1 - Principal;01 - FUNDOS DE INVESTIMENTOS E APLICAåES EM COTAS - RENDA FIXA;09 - TESOURO MUNICIPAL - RECURSOS VINCULADOS;032 - SECRETARIA MUNICIPAL DE URBANISMO E LICENCIAMENTO;013 - FUNDO ESPECIAL OPERAÇO URBANA µGUA BRANCA - FEAB - OUTORGA;11 - Integral;01 - Total;000 - Total;84000000.00;9689800.44
2025;2025 | 2 | PREFEITURA DO MUNICOPIO DE SCO PAULO | 1 - RECEITAS CORRENTES | 3 - RECEITA PATRIMONIAL | 2 - VALORES MOBILIRIOS | 1 - JUROS E CORREAES MONETRIAS | 05 - JUROS DE TOTULOS DE RENDA | 0 - JUROS DE TOTULOS DE RENDA | 1 - PRINCIPAL | 01 - FUNDOS DE INVESTIMENTOS E APLICAAES EM COTAS - RENDA FIXA | 09 - TESOURO MUNICIPAL - RECURSOS VINCULADOS | 032 - SECRETARIA MUNICIPAL DE URBANISMO E LICENCIAMENTO | 014 - FUNDO ESPECIAL OPERACO URBANA GUA BRANCA - FEAB - OUTORGA - HIS | 11 - INTEGRAL | 01 - TOTAL | 000 - TOTAL | 30000.00 | 3472.09;2025;2;PREFEITURA DO MUNICÖPIO DE SÇO PAULO;1 - RECEITAS CORRENTES;3 - RECEITA PATRIMONIAL;2 - VALORES MOBILIµRIOS;1 - JUROS E CORREåES MONETµRIAS;05 - JUROS DE TÖTULOS DE RENDA;0 - JUROS DE TÖTULOS DE RENDA;1 - Principal;01 - FUNDOS DE INVESTIMENTOS E APLICAåES EM COTAS - RENDA FIXA;09 - TESOURO MUNICIPAL - RECURSOS VINCULADOS;032 - SECRETARIA MUNICIPAL DE URBANISMO E LICENCIAMENTO;014 - FUNDO ESPECIAL OPERAÇO URBANA µGUA BRANCA - FEAB - OUTORGA - HIS;11 - Integral;01 - Total;000 - Total;30000.00;3472.09
2025;2025 | 2 | PREFEITURA DO MUNICOPIO DE SCO PAULO | 1 - RECEITAS CORRENTES | 3 - RECEITA PATRIMONIAL | 3 - DELEGACO DE SERVIOS PEBLICOS MEDIANTE CONCESSCO PERMISSCO AUTORIZACO OU LICENA | 9 - DEMAIS DELEGAAES DE SERVIOS PEBLICOS | 99 - OUTRAS DELEGAAES DE SERVIOS PEBLICOS | 0 - OUTRAS DELEGAAES DE SERVIOS PEBLICOS | 1 - PRINCIPAL | 01 - OUTORGAS PROVENIENTES DE CONCESSAES - FMD | 00 - OUTORGAS PROVENIENTES DE CONCESSAES - FMD | 000 - OUTORGAS PROVENIENTES DE CONCESSAES - FMD | 000 - OUTORGAS PROVENIENTES DE CONCESSAES - FMD | 11 - INTEGRAL | 01 - TOTAL | 000 - TOTAL | 106060339.00 | 9605425.63;2025;2;PREFEITURA DO MUNICÖPIO DE SÇO PAULO;1 - RECEITAS CORRENTES;3 - RECEITA PATRIMONIAL;3 - DELEGAÇO DE SERVIOS PéBLICOS MEDIANTE CONCESSÇO PERMISSÇO AUTORIZAÇO OU LICENA;9 - DEMAIS DELEGAåES DE SERVIOS PéBLICOS;99 - OUTRAS DELEGAåES DE SERVIOS PéBLICOS;0 - OUTRAS DELEGAåES DE SERVIOS PéBLICOS;1 - Principal;01 - OUTORGAS PROVENIENTES DE CONCESSåES - FMD;00 - OUTORGAS PROVENIENTES DE CONCESSåES - FMD;000 - OUTORGAS PROVENIENTES DE CONCESSåES - FMD;000 - OUTORGAS PROVENIENTES DE CONCESSåES - FMD;11 - Integral;01 - Total;000 - Total;106060339.00;9605425.63
2025;2025 | 2 | PREFEITURA DO MUNICOPIO DE SCO PAULO | 1 - RECEITAS CORRENTES | 9 - OUTRAS RECEITAS CORRENTES | 2 - INDENIZAAES RESTITUIAES E RESSARCIMENTOS | 3 - RESSARCIMENTOS | 99 - OUTROS RESSARCIMENTOS | 0 - OUTROS RESSARCIMENTOS | 1 - PRINCIPAL | 12 - OUTROS RESSARCIMENTOSY- OUCFL - OUTORGA | 00 - OUTROS RESSARCIMENTOSY- OUCFL - OUTORGA | 000 - OUTROS RESSARCIMENTOSY- OUCFL - OUTORGA | 000 - OUTROS RESSARCIMENTOSY- OUCFL - OUTORGA | 11 - INTEGRAL | 01 - TOTAL | 000 - TOTAL | 50874.00 | .00;2025;2;PREFEITURA DO MUNICÖPIO DE SÇO PAULO;1 - RECEITAS CORRENTES;9 - OUTRAS RECEITAS CORRENTES;2 - INDENIZAåES RESTITUIåES E RESSARCIMENTOS;3 - RESSARCIMENTOS;99 - OUTROS RESSARCIMENTOS;0 - OUTROS RESSARCIMENTOS;1 - Principal;12 - OUTROS RESSARCIMENTOSÿ- OUCFL - Outorga;00 - OUTROS RESSARCIMENTOSÿ- OUCFL - Outorga;000 - OUTROS RESSARCIMENTOSÿ- OUCFL - Outorga;000 - OUTROS RESSARCIMENTOSÿ- OUCFL - Outorga;11 - Integral;01 - Total;000 - Total;50874.00;.00
2025;2025 | 2 | PREFEITURA DO MUNICOPIO DE SCO PAULO | 1 - RECEITAS CORRENTES | 9 - OUTRAS RECEITAS CORRENTES | 4 - MULTAS E JUROS DE MORA DAS RECEITAS DE CAPITAL | 9 - MULTAS E JUROS DE MORA DE OUTRAS RECEITAS DE CAPITAL | 99 - MULTAS E JUROS DE OUTRAS RECEITAS DE CAPITAL | 0 - MULTAS E JUROS DE OUTRAS RECEITAS DE CAPITAL | 2 - MULTA | 76 - OUTORGA ONEROSA - PLANO DIRETOR - DIREITO DE CONSTRUIR - FUNDURB - MULTAS E JUROS | 00 - OUTORGA ONEROSA - PLANO DIRETOR - DIREITO DE CONSTRUIR - FUNDURB - MULTAS E JUROS | 000 - OUTORGA ONEROSA - PLANO DIRETOR - DIREITO DE CONSTRUIR - FUNDURB - MULTAS E JUROS | 000 - OUTORGA ONEROSA - PLANO DIRETOR - DIREITO DE CONSTRUIR - FUNDURB - MULTAS E JUROS | 11 - INTEGRAL | 01 - TOTAL | 000 - TOTAL | 84881.00 | 22.20;2025;2;PREFEITURA DO MUNICÖPIO DE SÇO PAULO;1 - RECEITAS CORRENTES;9 - OUTRAS RECEITAS CORRENTES;4 - MULTAS E JUROS DE MORA DAS RECEITAS DE CAPITAL;9 - MULTAS E JUROS DE MORA DE OUTRAS RECEITAS DE CAPITAL;99 - MULTAS E JUROS DE OUTRAS RECEITAS DE CAPITAL;0 - MULTAS E JUROS DE OUTRAS RECEITAS DE CAPITAL;2 - Multa;76 - OUTORGA ONEROSA - PLANO DIRETOR - DIREITO DE CONSTRUIR - FUNDURB - MULTAS E JUROS;00 - OUTORGA ONEROSA - PLANO DIRETOR - DIREITO DE CONSTRUIR - FUNDURB - MULTAS E JUROS;000 - OUTORGA ONEROSA - PLANO DIRETOR - DIREITO DE CONSTRUIR - FUNDURB - MULTAS E JUROS;000 - OUTORGA ONEROSA - PLANO DIRETOR - DIREITO DE CONSTRUIR - FUNDURB - MULTAS E JUROS;11 - Integral;01 - Total;000 - Total;84881.00;22.20
2025;2025 | 2 | PREFEITURA DO MUNICOPIO DE SCO PAULO | 2 - RECEITAS DE CAPITAL | 9 - OUTRAS RECEITAS DE CAPITAL | 9 - DEMAIS RECEITAS DE CAPITAL | 9 - DEMAIS RECEITAS DE CAPITAL | 99 - OUTRAS RECEITAS DE CAPITAL | 0 - OUTRAS RECEITAS DE CAPITAL | 1 - PRINCIPAL | 01 - DEMAIS RECEITAS DE CAPITAL - PRINCIPAL | 09 - OUTORGA ONEROSA COTA SOLIDARIEDADE - FUNDURB | 000 - OUTORGA ONEROSA COTA SOLIDARIEDADE - FUNDURB | 000 - OUTORGA ONEROSA COTA SOLIDARIEDADE - FUNDURB | 11 - INTEGRAL | 01 - TOTAL | 000 - TOTAL | 50491073.00 | 7020506.84;2025;2;PREFEITURA DO MUNICÖPIO DE SÇO PAULO;2 - RECEITAS DE CAPITAL;9 - OUTRAS RECEITAS DE CAPITAL;9 - DEMAIS RECEITAS DE CAPITAL;9 - DEMAIS RECEITAS DE CAPITAL;99 - OUTRAS RECEITAS DE CAPITAL;0 - OUTRAS RECEITAS DE CAPITAL;1 - Principal;01 - DEMAIS RECEITAS DE CAPITAL - PRINCIPAL;09 - OUTORGA ONEROSA COTA SOLIDARIEDADE - FUNDURB;000 - OUTORGA ONEROSA COTA SOLIDARIEDADE - FUNDURB;000 - OUTORGA ONEROSA COTA SOLIDARIEDADE - FUNDURB;11 - Integral;01 - Total;000 - Total;50491073.00;7020506.84
2025;2025 | 2 | PREFEITURA DO MUNICOPIO DE SCO PAULO | 2 - RECEITAS DE CAPITAL | 9 - OUTRAS RECEITAS DE CAPITAL | 9 - DEMAIS RECEITAS DE CAPITAL | 9 - DEMAIS RECEITAS DE CAPITAL | 99 - OUTRAS RECEITAS DE CAPITAL | 0 - OUTRAS RECEITAS DE CAPITAL | 1 - PRINCIPAL | 01 - DEMAIS RECEITAS DE CAPITAL - PRINCIPAL | 11 - OUTORGA ONEROSA - PLANO DIRETOR - DIREITO DE CONSTRUIR - FUNDURB | 000 - OUTORGA ONEROSA - PLANO DIRETOR - DIREITO DE CONSTRUIR - FUNDURB | 000 - OUTORGA ONEROSA - PLANO DIRETOR - DIREITO DE CONSTRUIR - FUNDURB | 11 - INTEGRAL | 01 - TOTAL | 000 - TOTAL | 931382643.00 | 112105936.47;2025;2;PREFEITURA DO MUNICÖPIO DE SÇO PAULO;2 - RECEITAS DE CAPITAL;9 - OUTRAS RECEITAS DE CAPITAL;9 - DEMAIS RECEITAS DE CAPITAL;9 - DEMAIS RECEITAS DE CAPITAL;99 - OUTRAS RECEITAS DE CAPITAL;0 - OUTRAS RECEITAS DE CAPITAL;1 - Principal;01 - DEMAIS RECEITAS DE CAPITAL - PRINCIPAL;11 - OUTORGA ONEROSA - PLANO DIRETOR - DIREITO DE CONSTRUIR - FUNDURB;000 - OUTORGA ONEROSA - PLANO DIRETOR - DIREITO DE CONSTRUIR - FUNDURB;000 - OUTORGA ONEROSA - PLANO DIRETOR - DIREITO DE CONSTRUIR - FUNDURB;11 - Integral;01 - Total;000 - Total;931382643.00;112105936.47
2025;2025 | 2 | PREFEITURA DO MUNICOPIO DE SCO PAULO | 2 - RECEITAS DE CAPITAL | 9 - OUTRAS RECEITAS DE CAPITAL | 9 - DEMAIS RECEITAS DE CAPITAL | 9 - DEMAIS RECEITAS DE CAPITAL | 99 - OUTRAS RECEITAS DE CAPITAL | 0 - OUTRAS RECEITAS DE CAPITAL | 1 - PRINCIPAL | 01 - DEMAIS RECEITAS DE CAPITAL - PRINCIPAL | 11 - OUTORGA ONEROSA - PLANO DIRETOR - DIREITO DE CONSTRUIR - FUNDURB | 000 - OUTORGA ONEROSA - PLANO DIRETOR - DIREITO DE CONSTRUIR - FUNDURB | 000 - OUTORGA ONEROSA - PLANO DIRETOR - DIREITO DE CONSTRUIR - FUNDURB | 11 - INTEGRAL | 09 - DEDUTORA | 001 - DEDUAES OUTORGA ONEROSA - PLANO DIRETOR - DIREITO DE CONSTRUIR - FUNDURB | .00 | -181158.50;2025;2;PREFEITURA DO MUNICÖPIO DE SÇO PAULO;2 - RECEITAS DE CAPITAL;9 - OUTRAS RECEITAS DE CAPITAL;9 - DEMAIS RECEITAS DE CAPITAL;9 - DEMAIS RECEITAS DE CAPITAL;99 - OUTRAS RECEITAS DE CAPITAL;0 - OUTRAS RECEITAS DE CAPITAL;1 - Principal;01 - DEMAIS RECEITAS DE CAPITAL - PRINCIPAL;11 - OUTORGA ONEROSA - PLANO DIRETOR - DIREITO DE CONSTRUIR - FUNDURB;000 - OUTORGA ONEROSA - PLANO DIRETOR - DIREITO DE CONSTRUIR - FUNDURB;000 - OUTORGA ONEROSA - PLANO DIRETOR - DIREITO DE CONSTRUIR - FUNDURB;11 - Integral;09 - Dedutora;001 - Deduäes Outorga Onerosa - Plano Diretor - Direito de Construir - FUNDURB;.00;-181158.50
2025;2025 | 3 | AGONCIA REG. DE SERV. PEBLICOS DE SCO PAULO | 1 - RECEITAS CORRENTES | 1 - IMPOSTOS TAXAS E CONTRIBUIAES DE MELHORIA | 2 - TAXAS | 1 - TAXAS PELO EXERCOCIO DO PODER DE POLOCIA | 01 - TAXAS DE INSPECO CONTROLE E FISCALIZACO | 0 - TAXAS DE INSPECO CONTROLE E FISCALIZACO | 1 - PRINCIPAL | 13 - TAXAS - EMISSCO DE ALVARS - SERVIOS FUNERRIOS E CEMITERIAIS | 00 - TAXAS - EMISSCO DE ALVARS - SERVIOS FUNERRIOS E CEMITERIAIS | 000 - TAXAS - EMISSCO DE ALVARS - SERVIOS FUNERRIOS E CEMITERIAIS | 000 - TAXAS - EMISSCO DE ALVARS - SERVIOS FUNERRIOS E CEMITERIAIS | 11 - INTEGRAL | 01 - TOTAL | 000 - TOTAL | .00 | .00;2025;3;AGÒNCIA REG. DE SERV. PéBLICOS DE SÇO PAULO;1 - RECEITAS CORRENTES;1 - IMPOSTOS TAXAS E CONTRIBUIåES DE MELHORIA;2 - TAXAS;1 - TAXAS PELO EXERCÖCIO DO PODER DE POLÖCIA;01 - TAXAS DE INSPEÇO CONTROLE E FISCALIZAÇO;0 - TAXAS DE INSPEÇO CONTROLE E FISCALIZAÇO;1 - Principal;13 - TAXAS - EMISSÇO DE ALVARµS - SERVIOS FUNERµRIOS E CEMITERIAIS;00 - TAXAS - EMISSÇO DE ALVARµS - SERVIOS FUNERµRIOS E CEMITERIAIS;000 - TAXAS - EMISSÇO DE ALVARµS - SERVIOS FUNERµRIOS E CEMITERIAIS;000 - TAXAS - EMISSÇO DE ALVARµS - SERVIOS FUNERµRIOS E CEMITERIAIS;11 - Integral;01 - Total;000 - Total;.00;.00
2025;2025 | 3 | AGONCIA REG. DE SERV. PEBLICOS DE SCO PAULO | 1 - RECEITAS CORRENTES | 9 - OUTRAS RECEITAS CORRENTES | 1 - MULTAS ADMINISTRATIVAS CONTRATUAIS E JUDICIAIS | 1 - MULTAS ADMINISTRATIVAS CONTRATUAIS E JUDICIAIS | 01 - MULTAS PREVISTAS EM LEGISLACO ESPECOFICA | 0 - MULTAS PREVISTAS EM LEGISLACO ESPECOFICA | 1 - PRINCIPAL | 02 - DEMAIS MULTAS PREVISTAS EM LEGISLACO ESPECOFICA | 16 - MULTAS DE POSTURAS MUNICIPAIS - SP REGULA | 000 - MULTAS DE POSTURAS MUNICIPAIS - SP REGULA | 000 - MULTAS DE POSTURAS MUNICIPAIS - SP REGULA | 11 - INTEGRAL | 01 - TOTAL | 000 - TOTAL | 966300.00 | 167092.51;2025;3;AGÒNCIA REG. DE SERV. PéBLICOS DE SÇO PAULO;1 - RECEITAS CORRENTES;9 - OUTRAS RECEITAS CORRENTES;1 - MULTAS ADMINISTRATIVAS CONTRATUAIS E JUDICIAIS;1 - MULTAS ADMINISTRATIVAS CONTRATUAIS E JUDICIAIS;01 - MULTAS PREVISTAS EM LEGISLAÇO ESPECÖFICA;0 - MULTAS PREVISTAS EM LEGISLAÇO ESPECÖFICA;1 - Principal;02 - DEMAIS MULTAS PREVISTAS EM LEGISLAÇO ESPECÖFICA;16 - MULTAS DE POSTURAS MUNICIPAIS - SP REGULA;000 - MULTAS DE POSTURAS MUNICIPAIS - SP REGULA;000 - MULTAS DE POSTURAS MUNICIPAIS - SP REGULA;11 - Integral;01 - Total;000 - Total;966300.00;167092.51
2025;2025 | 3 | AGONCIA REG. DE SERV. PEBLICOS DE SCO PAULO | 1 - RECEITAS CORRENTES | 9 - OUTRAS RECEITAS CORRENTES | 1 - MULTAS ADMINISTRATIVAS CONTRATUAIS E JUDICIAIS | 1 - MULTAS ADMINISTRATIVAS CONTRATUAIS E JUDICIAIS | 01 - MULTAS PREVISTAS EM LEGISLACO ESPECOFICA | 0 - MULTAS PREVISTAS EM LEGISLACO ESPECOFICA | 2 - MULTA | 02 - DEMAIS MULTAS PREVISTAS EM LEGISLACO ESPECOFICA - MULTAS E JUROS | 16 - MULTAS DE POSTURAS MUNICIPAIS - SP REGULA - MULTAS E JUROS | 000 - MULTAS DE POSTURAS MUNICIPAIS - SP REGULA - MULTAS E JUROS | 000 - MULTAS DE POSTURAS MUNICIPAIS - SP REGULA - MULTAS E JUROS | 11 - INTEGRAL | 01 - TOTAL | 000 - TOTAL | 96000.00 | -5800.14;2025;3;AGÒNCIA REG. DE SERV. PéBLICOS DE SÇO PAULO;1 - RECEITAS CORRENTES;9 - OUTRAS RECEITAS CORRENTES;1 - MULTAS ADMINISTRATIVAS CONTRATUAIS E JUDICIAIS;1 - MULTAS ADMINISTRATIVAS CONTRATUAIS E JUDICIAIS;01 - MULTAS PREVISTAS EM LEGISLAÇO ESPECÖFICA;0 - MULTAS PREVISTAS EM LEGISLAÇO ESPECÖFICA;2 - Multa;02 - DEMAIS MULTAS PREVISTAS EM LEGISLAÇO ESPECÖFICA - MULTAS E JUROS;16 - MULTAS DE POSTURAS MUNICIPAIS - SP REGULA - MULTAS E JUROS;000 - MULTAS DE POSTURAS MUNICIPAIS - SP REGULA - MULTAS E JUROS;000 - MULTAS DE POSTURAS MUNICIPAIS - SP REGULA - MULTAS E JUROS;11 - Integral;01 - Total;000 - Total;96000.00;-5800.14
2025;2025 | 3 | FUNDO MUNICIPAL DE HABITAO - COHAB | 1 - RECEITAS CORRENTES | 3 - RECEITA PATRIMONIAL | 2 - VALORES MOBILIRIOS | 1 - JUROS E CORREAES MONETRIAS | 05 - JUROS DE TOTULOS DE RENDA | 0 - JUROS DE TOTULOS DE RENDA | 1 - PRINCIPAL | 01 - FUNDOS DE INVESTIMENTOS E APLICAAES EM COTAS - RENDA FIXA | 09 - TESOURO MUNICIPAL - RECURSOS VINCULADOS | 023 - FUNDO MUNICIPAL DE HABITACO - COHAB | 001 - OUTORGA ONEROSA LEI 13.558/2003 ALTERADA PELA LEI 13.876/2004 | 11 - INTEGRAL | 01 - TOTAL | 000 - TOTAL | 360000.00 | .00;2025;3;Fundo Municipal de HabitaÆo - COHAB;1 - RECEITAS CORRENTES;3 - RECEITA PATRIMONIAL;2 - VALORES MOBILIµRIOS;1 - JUROS E CORREåES MONETµRIAS;05 - JUROS DE TÖTULOS DE RENDA;0 - JUROS DE TÖTULOS DE RENDA;1 - Principal;01 - FUNDOS DE INVESTIMENTOS E APLICAåES EM COTAS - RENDA FIXA;09 - TESOURO MUNICIPAL - RECURSOS VINCULADOS;023 - FUNDO MUNICIPAL DE HABITAÇO - COHAB;001 - OUTORGA ONEROSA LEI 13.558/2003 ALTERADA PELA LEI 13.876/2004;11 - Integral;01 - Total;000 - Total;360000.00;.00
2025;2025 | 3 | FUNDO MUNICIPAL DE HABITAO - COHAB | 2 - RECEITAS DE CAPITAL | 9 - OUTRAS RECEITAS DE CAPITAL | 9 - DEMAIS RECEITAS DE CAPITAL | 9 - DEMAIS RECEITAS DE CAPITAL | 99 - OUTRAS RECEITAS DE CAPITAL | 0 - OUTRAS RECEITAS DE CAPITAL | 1 - PRINCIPAL | 01 - DEMAIS RECEITAS DE CAPITAL - PRINCIPAL | 12 - OUTORGA ONEROSA - LEI DE ANISTIA | 000 - OUTORGA ONEROSA - LEI DE ANISTIA | 000 - OUTORGA ONEROSA - LEI DE ANISTIA | 11 - INTEGRAL | 01 - TOTAL | 000 - TOTAL | 200000.00 | .00;2025;3;Fundo Municipal de HabitaÆo - COHAB;2 - RECEITAS DE CAPITAL;9 - OUTRAS RECEITAS DE CAPITAL;9 - DEMAIS RECEITAS DE CAPITAL;9 - DEMAIS RECEITAS DE CAPITAL;99 - OUTRAS RECEITAS DE CAPITAL;0 - OUTRAS RECEITAS DE CAPITAL;1 - Principal;01 - DEMAIS RECEITAS DE CAPITAL - PRINCIPAL;12 - OUTORGA ONEROSA - LEI DE ANISTIA;000 - OUTORGA ONEROSA - LEI DE ANISTIA;000 - OUTORGA ONEROSA - LEI DE ANISTIA;11 - Integral;01 - Total;000 - Total;200000.00;.00
2025;2025 | 3 | PREFEITURA DO MUNICOPIO DE SCO PAULO | 1 - RECEITAS CORRENTES | 3 - RECEITA PATRIMONIAL | 2 - VALORES MOBILIRIOS | 1 - JUROS E CORREAES MONETRIAS | 05 - JUROS DE TOTULOS DE RENDA | 0 - JUROS DE TOTULOS DE RENDA | 1 - PRINCIPAL | 01 - FUNDOS DE INVESTIMENTOS E APLICAAES EM COTAS - RENDA FIXA | 09 - TESOURO MUNICIPAL - RECURSOS VINCULADOS | 032 - SECRETARIA MUNICIPAL DE URBANISMO E LICENCIAMENTO | 009 - OPERACO URBANA FARIA LIMA - OUTORGA HIS | 11 - INTEGRAL | 01 - TOTAL | 000 - TOTAL | 3960000.00 | 442630.40;2025;3;PREFEITURA DO MUNICÖPIO DE SÇO PAULO;1 - RECEITAS CORRENTES;3 - RECEITA PATRIMONIAL;2 - VALORES MOBILIµRIOS;1 - JUROS E CORREåES MONETµRIAS;05 - JUROS DE TÖTULOS DE RENDA;0 - JUROS DE TÖTULOS DE RENDA;1 - Principal;01 - FUNDOS DE INVESTIMENTOS E APLICAåES EM COTAS - RENDA FIXA;09 - TESOURO MUNICIPAL - RECURSOS VINCULADOS;032 - SECRETARIA MUNICIPAL DE URBANISMO E LICENCIAMENTO;009 - OPERAÇO URBANA FARIA LIMA - OUTORGA HIS;11 - Integral;01 - Total;000 - Total;3960000.00;442630.40
2025;2025 | 3 | PREFEITURA DO MUNICOPIO DE SCO PAULO | 1 - RECEITAS CORRENTES | 3 - RECEITA PATRIMONIAL | 2 - VALORES MOBILIRIOS | 1 - JUROS E CORREAES MONETRIAS | 05 - JUROS DE TOTULOS DE RENDA | 0 - JUROS DE TOTULOS DE RENDA | 1 - PRINCIPAL | 01 - FUNDOS DE INVESTIMENTOS E APLICAAES EM COTAS - RENDA FIXA | 09 - TESOURO MUNICIPAL - RECURSOS VINCULADOS | 032 - SECRETARIA MUNICIPAL DE URBANISMO E LICENCIAMENTO | 011 - OPERACO URBANA FARIA LIMA - OUTORGA | 11 - INTEGRAL | 01 - TOTAL | 000 - TOTAL | 10800000.00 | 887226.63;2025;3;PREFEITURA DO MUNICÖPIO DE SÇO PAULO;1 - RECEITAS CORRENTES;3 - RECEITA PATRIMONIAL;2 - VALORES MOBILIµRIOS;1 - JUROS E CORREåES MONETµRIAS;05 - JUROS DE TÖTULOS DE RENDA;0 - JUROS DE TÖTULOS DE RENDA;1 - Principal;01 - FUNDOS DE INVESTIMENTOS E APLICAåES EM COTAS - RENDA FIXA;09 - TESOURO MUNICIPAL - RECURSOS VINCULADOS;032 - SECRETARIA MUNICIPAL DE URBANISMO E LICENCIAMENTO;011 - OPERAÇO URBANA FARIA LIMA - OUTORGA;11 - Integral;01 - Total;000 - Total;10800000.00;887226.63
2025;2025 | 3 | PREFEITURA DO MUNICOPIO DE SCO PAULO | 1 - RECEITAS CORRENTES | 3 - RECEITA PATRIMONIAL | 2 - VALORES MOBILIRIOS | 1 - JUROS E CORREAES MONETRIAS | 05 - JUROS DE TOTULOS DE RENDA | 0 - JUROS DE TOTULOS DE RENDA | 1 - PRINCIPAL | 01 - FUNDOS DE INVESTIMENTOS E APLICAAES EM COTAS - RENDA FIXA | 09 - TESOURO MUNICIPAL - RECURSOS VINCULADOS | 032 - SECRETARIA MUNICIPAL DE URBANISMO E LICENCIAMENTO | 013 - FUNDO ESPECIAL OPERACO URBANA GUA BRANCA - FEAB - OUTORGA | 11 - INTEGRAL | 01 - TOTAL | 000 - TOTAL | 84000000.00 | 9540802.20;2025;3;PREFEITURA DO MUNICÖPIO DE SÇO PAULO;1 - RECEITAS CORRENTES;3 - RECEITA PATRIMONIAL;2 - VALORES MOBILIµRIOS;1 - JUROS E CORREåES MONETµRIAS;05 - JUROS DE TÖTULOS DE RENDA;0 - JUROS DE TÖTULOS DE RENDA;1 - Principal;01 - FUNDOS DE INVESTIMENTOS E APLICAåES EM COTAS - RENDA FIXA;09 - TESOURO MUNICIPAL - RECURSOS VINCULADOS;032 - SECRETARIA MUNICIPAL DE URBANISMO E LICENCIAMENTO;013 - FUNDO ESPECIAL OPERAÇO URBANA µGUA BRANCA - FEAB - OUTORGA;11 - Integral;01 - Total;000 - Total;84000000.00;9540802.20
2025;2025 | 3 | PREFEITURA DO MUNICOPIO DE SCO PAULO | 1 - RECEITAS CORRENTES | 3 - RECEITA PATRIMONIAL | 2 - VALORES MOBILIRIOS | 1 - JUROS E CORREAES MONETRIAS | 05 - JUROS DE TOTULOS DE RENDA | 0 - JUROS DE TOTULOS DE RENDA | 1 - PRINCIPAL | 01 - FUNDOS DE INVESTIMENTOS E APLICAAES EM COTAS - RENDA FIXA | 09 - TESOURO MUNICIPAL - RECURSOS VINCULADOS | 032 - SECRETARIA MUNICIPAL DE URBANISMO E LICENCIAMENTO | 014 - FUNDO ESPECIAL OPERACO URBANA GUA BRANCA - FEAB - OUTORGA - HIS | 11 - INTEGRAL | 01 - TOTAL | 000 - TOTAL | 30000.00 | 3418.81;2025;3;PREFEITURA DO MUNICÖPIO DE SÇO PAULO;1 - RECEITAS CORRENTES;3 - RECEITA PATRIMONIAL;2 - VALORES MOBILIµRIOS;1 - JUROS E CORREåES MONETµRIAS;05 - JUROS DE TÖTULOS DE RENDA;0 - JUROS DE TÖTULOS DE RENDA;1 - Principal;01 - FUNDOS DE INVESTIMENTOS E APLICAåES EM COTAS - RENDA FIXA;09 - TESOURO MUNICIPAL - RECURSOS VINCULADOS;032 - SECRETARIA MUNICIPAL DE URBANISMO E LICENCIAMENTO;014 - FUNDO ESPECIAL OPERAÇO URBANA µGUA BRANCA - FEAB - OUTORGA - HIS;11 - Integral;01 - Total;000 - Total;30000.00;3418.81
2025;2025 | 3 | PREFEITURA DO MUNICOPIO DE SCO PAULO | 1 - RECEITAS CORRENTES | 3 - RECEITA PATRIMONIAL | 3 - DELEGACO DE SERVIOS PEBLICOS MEDIANTE CONCESSCO PERMISSCO AUTORIZACO OU LICENA | 9 - DEMAIS DELEGAAES DE SERVIOS PEBLICOS | 99 - OUTRAS DELEGAAES DE SERVIOS PEBLICOS | 0 - OUTRAS DELEGAAES DE SERVIOS PEBLICOS | 1 - PRINCIPAL | 01 - OUTORGAS PROVENIENTES DE CONCESSAES - FMD | 00 - OUTORGAS PROVENIENTES DE CONCESSAES - FMD | 000 - OUTORGAS PROVENIENTES DE CONCESSAES - FMD | 000 - OUTORGAS PROVENIENTES DE CONCESSAES - FMD | 11 - INTEGRAL | 01 - TOTAL | 000 - TOTAL | 106060339.00 | 14328689.32;2025;3;PREFEITURA DO MUNICÖPIO DE SÇO PAULO;1 - RECEITAS CORRENTES;3 - RECEITA PATRIMONIAL;3 - DELEGAÇO DE SERVIOS PéBLICOS MEDIANTE CONCESSÇO PERMISSÇO AUTORIZAÇO OU LICENA;9 - DEMAIS DELEGAåES DE SERVIOS PéBLICOS;99 - OUTRAS DELEGAåES DE SERVIOS PéBLICOS;0 - OUTRAS DELEGAåES DE SERVIOS PéBLICOS;1 - Principal;01 - OUTORGAS PROVENIENTES DE CONCESSåES - FMD;00 - OUTORGAS PROVENIENTES DE CONCESSåES - FMD;000 - OUTORGAS PROVENIENTES DE CONCESSåES - FMD;000 - OUTORGAS PROVENIENTES DE CONCESSåES - FMD;11 - Integral;01 - Total;000 - Total;106060339.00;14328689.32
2025;2025 | 3 | PREFEITURA DO MUNICOPIO DE SCO PAULO | 1 - RECEITAS CORRENTES | 9 - OUTRAS RECEITAS CORRENTES | 2 - INDENIZAAES RESTITUIAES E RESSARCIMENTOS | 3 - RESSARCIMENTOS | 99 - OUTROS RESSARCIMENTOS | 0 - OUTROS RESSARCIMENTOS | 1 - PRINCIPAL | 12 - OUTROS RESSARCIMENTOSY- OUCFL - OUTORGA | 00 - OUTROS RESSARCIMENTOSY- OUCFL - OUTORGA | 000 - OUTROS RESSARCIMENTOSY- OUCFL - OUTORGA | 000 - OUTROS RESSARCIMENTOSY- OUCFL - OUTORGA | 11 - INTEGRAL | 01 - TOTAL | 000 - TOTAL | 50874.00 | .00;2025;3;PREFEITURA DO MUNICÖPIO DE SÇO PAULO;1 - RECEITAS CORRENTES;9 - OUTRAS RECEITAS CORRENTES;2 - INDENIZAåES RESTITUIåES E RESSARCIMENTOS;3 - RESSARCIMENTOS;99 - OUTROS RESSARCIMENTOS;0 - OUTROS RESSARCIMENTOS;1 - Principal;12 - OUTROS RESSARCIMENTOSÿ- OUCFL - Outorga;00 - OUTROS RESSARCIMENTOSÿ- OUCFL - Outorga;000 - OUTROS RESSARCIMENTOSÿ- OUCFL - Outorga;000 - OUTROS RESSARCIMENTOSÿ- OUCFL - Outorga;11 - Integral;01 - Total;000 - Total;50874.00;.00
2025;2025 | 3 | PREFEITURA DO MUNICOPIO DE SCO PAULO | 1 - RECEITAS CORRENTES | 9 - OUTRAS RECEITAS CORRENTES | 4 - MULTAS E JUROS DE MORA DAS RECEITAS DE CAPITAL | 9 - MULTAS E JUROS DE MORA DE OUTRAS RECEITAS DE CAPITAL | 99 - MULTAS E JUROS DE OUTRAS RECEITAS DE CAPITAL | 0 - MULTAS E JUROS DE OUTRAS RECEITAS DE CAPITAL | 2 - MULTA | 76 - OUTORGA ONEROSA - PLANO DIRETOR - DIREITO DE CONSTRUIR - FUNDURB - MULTAS E JUROS | 00 - OUTORGA ONEROSA - PLANO DIRETOR - DIREITO DE CONSTRUIR - FUNDURB - MULTAS E JUROS | 000 - OUTORGA ONEROSA - PLANO DIRETOR - DIREITO DE CONSTRUIR - FUNDURB - MULTAS E JUROS | 000 - OUTORGA ONEROSA - PLANO DIRETOR - DIREITO DE CONSTRUIR - FUNDURB - MULTAS E JUROS | 11 - INTEGRAL | 01 - TOTAL | 000 - TOTAL | 84881.00 | 93.72;2025;3;PREFEITURA DO MUNICÖPIO DE SÇO PAULO;1 - RECEITAS CORRENTES;9 - OUTRAS RECEITAS CORRENTES;4 - MULTAS E JUROS DE MORA DAS RECEITAS DE CAPITAL;9 - MULTAS E JUROS DE MORA DE OUTRAS RECEITAS DE CAPITAL;99 - MULTAS E JUROS DE OUTRAS RECEITAS DE CAPITAL;0 - MULTAS E JUROS DE OUTRAS RECEITAS DE CAPITAL;2 - Multa;76 - OUTORGA ONEROSA - PLANO DIRETOR - DIREITO DE CONSTRUIR - FUNDURB - MULTAS E JUROS;00 - OUTORGA ONEROSA - PLANO DIRETOR - DIREITO DE CONSTRUIR - FUNDURB - MULTAS E JUROS;000 - OUTORGA ONEROSA - PLANO DIRETOR - DIREITO DE CONSTRUIR - FUNDURB - MULTAS E JUROS;000 - OUTORGA ONEROSA - PLANO DIRETOR - DIREITO DE CONSTRUIR - FUNDURB - MULTAS E JUROS;11 - Integral;01 - Total;000 - Total;84881.00;93.72
2025;2025 | 3 | PREFEITURA DO MUNICOPIO DE SCO PAULO | 2 - RECEITAS DE CAPITAL | 9 - OUTRAS RECEITAS DE CAPITAL | 9 - DEMAIS RECEITAS DE CAPITAL | 9 - DEMAIS RECEITAS DE CAPITAL | 99 - OUTRAS RECEITAS DE CAPITAL | 0 - OUTRAS RECEITAS DE CAPITAL | 1 - PRINCIPAL | 01 - DEMAIS RECEITAS DE CAPITAL - PRINCIPAL | 09 - OUTORGA ONEROSA COTA SOLIDARIEDADE - FUNDURB | 000 - OUTORGA ONEROSA COTA SOLIDARIEDADE - FUNDURB | 000 - OUTORGA ONEROSA COTA SOLIDARIEDADE - FUNDURB | 11 - INTEGRAL | 01 - TOTAL | 000 - TOTAL | 50491073.00 | 9982116.55;2025;3;PREFEITURA DO MUNICÖPIO DE SÇO PAULO;2 - RECEITAS DE CAPITAL;9 - OUTRAS RECEITAS DE CAPITAL;9 - DEMAIS RECEITAS DE CAPITAL;9 - DEMAIS RECEITAS DE CAPITAL;99 - OUTRAS RECEITAS DE CAPITAL;0 - OUTRAS RECEITAS DE CAPITAL;1 - Principal;01 - DEMAIS RECEITAS DE CAPITAL - PRINCIPAL;09 - OUTORGA ONEROSA COTA SOLIDARIEDADE - FUNDURB;000 - OUTORGA ONEROSA COTA SOLIDARIEDADE - FUNDURB;000 - OUTORGA ONEROSA COTA SOLIDARIEDADE - FUNDURB;11 - Integral;01 - Total;000 - Total;50491073.00;9982116.55
2025;2025 | 3 | PREFEITURA DO MUNICOPIO DE SCO PAULO | 2 - RECEITAS DE CAPITAL | 9 - OUTRAS RECEITAS DE CAPITAL | 9 - DEMAIS RECEITAS DE CAPITAL | 9 - DEMAIS RECEITAS DE CAPITAL | 99 - OUTRAS RECEITAS DE CAPITAL | 0 - OUTRAS RECEITAS DE CAPITAL | 1 - PRINCIPAL | 01 - DEMAIS RECEITAS DE CAPITAL - PRINCIPAL | 11 - OUTORGA ONEROSA - PLANO DIRETOR - DIREITO DE CONSTRUIR - FUNDURB | 000 - OUTORGA ONEROSA - PLANO DIRETOR - DIREITO DE CONSTRUIR - FUNDURB | 000 - OUTORGA ONEROSA - PLANO DIRETOR - DIREITO DE CONSTRUIR - FUNDURB | 11 - INTEGRAL | 01 - TOTAL | 000 - TOTAL | 931382643.00 | 138924839.67;2025;3;PREFEITURA DO MUNICÖPIO DE SÇO PAULO;2 - RECEITAS DE CAPITAL;9 - OUTRAS RECEITAS DE CAPITAL;9 - DEMAIS RECEITAS DE CAPITAL;9 - DEMAIS RECEITAS DE CAPITAL;99 - OUTRAS RECEITAS DE CAPITAL;0 - OUTRAS RECEITAS DE CAPITAL;1 - Principal;01 - DEMAIS RECEITAS DE CAPITAL - PRINCIPAL;11 - OUTORGA ONEROSA - PLANO DIRETOR - DIREITO DE CONSTRUIR - FUNDURB;000 - OUTORGA ONEROSA - PLANO DIRETOR - DIREITO DE CONSTRUIR - FUNDURB;000 - OUTORGA ONEROSA - PLANO DIRETOR - DIREITO DE CONSTRUIR - FUNDURB;11 - Integral;01 - Total;000 - Total;931382643.00;138924839.67
2025;2025 | 3 | PREFEITURA DO MUNICOPIO DE SCO PAULO | 2 - RECEITAS DE CAPITAL | 9 - OUTRAS RECEITAS DE CAPITAL | 9 - DEMAIS RECEITAS DE CAPITAL | 9 - DEMAIS RECEITAS DE CAPITAL | 99 - OUTRAS RECEITAS DE CAPITAL | 0 - OUTRAS RECEITAS DE CAPITAL | 1 - PRINCIPAL | 01 - DEMAIS RECEITAS DE CAPITAL - PRINCIPAL | 11 - OUTORGA ONEROSA - PLANO DIRETOR - DIREITO DE CONSTRUIR - FUNDURB | 000 - OUTORGA ONEROSA - PLANO DIRETOR - DIREITO DE CONSTRUIR - FUNDURB | 000 - OUTORGA ONEROSA - PLANO DIRETOR - DIREITO DE CONSTRUIR - FUNDURB | 11 - INTEGRAL | 09 - DEDUTORA | 001 - DEDUAES OUTORGA ONEROSA - PLANO DIRETOR - DIREITO DE CONSTRUIR - FUNDURB | .00 | .00;2025;3;PREFEITURA DO MUNICÖPIO DE SÇO PAULO;2 - RECEITAS DE CAPITAL;9 - OUTRAS RECEITAS DE CAPITAL;9 - DEMAIS RECEITAS DE CAPITAL;9 - DEMAIS RECEITAS DE CAPITAL;99 - OUTRAS RECEITAS DE CAPITAL;0 - OUTRAS RECEITAS DE CAPITAL;1 - Principal;01 - DEMAIS RECEITAS DE CAPITAL - PRINCIPAL;11 - OUTORGA ONEROSA - PLANO DIRETOR - DIREITO DE CONSTRUIR - FUNDURB;000 - OUTORGA ONEROSA - PLANO DIRETOR - DIREITO DE CONSTRUIR - FUNDURB;000 - OUTORGA ONEROSA - PLANO DIRETOR - DIREITO DE CONSTRUIR - FUNDURB;11 - Integral;09 - Dedutora;001 - Deduäes Outorga Onerosa - Plano Diretor - Direito de Construir - FUNDURB;.00;.00
2025;2025 | 4 | AGONCIA REG. DE SERV. PEBLICOS DE SCO PAULO | 1 - RECEITAS CORRENTES | 1 - IMPOSTOS TAXAS E CONTRIBUIAES DE MELHORIA | 2 - TAXAS | 1 - TAXAS PELO EXERCOCIO DO PODER DE POLOCIA | 01 - TAXAS DE INSPECO CONTROLE E FISCALIZACO | 0 - TAXAS DE INSPECO CONTROLE E FISCALIZACO | 1 - PRINCIPAL | 13 - TAXAS - EMISSCO DE ALVARS - SERVIOS FUNERRIOS E CEMITERIAIS | 00 - TAXAS - EMISSCO DE ALVARS - SERVIOS FUNERRIOS E CEMITERIAIS | 000 - TAXAS - EMISSCO DE ALVARS - SERVIOS FUNERRIOS E CEMITERIAIS | 000 - TAXAS - EMISSCO DE ALVARS - SERVIOS FUNERRIOS E CEMITERIAIS | 11 - INTEGRAL | 01 - TOTAL | 000 - TOTAL | .00 | 2881.16;2025;4;AGÒNCIA REG. DE SERV. PéBLICOS DE SÇO PAULO;1 - RECEITAS CORRENTES;1 - IMPOSTOS TAXAS E CONTRIBUIåES DE MELHORIA;2 - TAXAS;1 - TAXAS PELO EXERCÖCIO DO PODER DE POLÖCIA;01 - TAXAS DE INSPEÇO CONTROLE E FISCALIZAÇO;0 - TAXAS DE INSPEÇO CONTROLE E FISCALIZAÇO;1 - Principal;13 - TAXAS - EMISSÇO DE ALVARµS - SERVIOS FUNERµRIOS E CEMITERIAIS;00 - TAXAS - EMISSÇO DE ALVARµS - SERVIOS FUNERµRIOS E CEMITERIAIS;000 - TAXAS - EMISSÇO DE ALVARµS - SERVIOS FUNERµRIOS E CEMITERIAIS;000 - TAXAS - EMISSÇO DE ALVARµS - SERVIOS FUNERµRIOS E CEMITERIAIS;11 - Integral;01 - Total;000 - Total;.00;2881.16
2025;2025 | 4 | AGONCIA REG. DE SERV. PEBLICOS DE SCO PAULO | 1 - RECEITAS CORRENTES | 9 - OUTRAS RECEITAS CORRENTES | 1 - MULTAS ADMINISTRATIVAS CONTRATUAIS E JUDICIAIS | 1 - MULTAS ADMINISTRATIVAS CONTRATUAIS E JUDICIAIS | 01 - MULTAS PREVISTAS EM LEGISLACO ESPECOFICA | 0 - MULTAS PREVISTAS EM LEGISLACO ESPECOFICA | 1 - PRINCIPAL | 02 - DEMAIS MULTAS PREVISTAS EM LEGISLACO ESPECOFICA | 16 - MULTAS DE POSTURAS MUNICIPAIS - SP REGULA | 000 - MULTAS DE POSTURAS MUNICIPAIS - SP REGULA | 000 - MULTAS DE POSTURAS MUNICIPAIS - SP REGULA | 11 - INTEGRAL | 01 - TOTAL | 000 - TOTAL | 966300.00 | .00;2025;4;AGÒNCIA REG. DE SERV. PéBLICOS DE SÇO PAULO;1 - RECEITAS CORRENTES;9 - OUTRAS RECEITAS CORRENTES;1 - MULTAS ADMINISTRATIVAS CONTRATUAIS E JUDICIAIS;1 - MULTAS ADMINISTRATIVAS CONTRATUAIS E JUDICIAIS;01 - MULTAS PREVISTAS EM LEGISLAÇO ESPECÖFICA;0 - MULTAS PREVISTAS EM LEGISLAÇO ESPECÖFICA;1 - Principal;02 - DEMAIS MULTAS PREVISTAS EM LEGISLAÇO ESPECÖFICA;16 - MULTAS DE POSTURAS MUNICIPAIS - SP REGULA;000 - MULTAS DE POSTURAS MUNICIPAIS - SP REGULA;000 - MULTAS DE POSTURAS MUNICIPAIS - SP REGULA;11 - Integral;01 - Total;000 - Total;966300.00;.00
2025;2025 | 4 | AGONCIA REG. DE SERV. PEBLICOS DE SCO PAULO | 1 - RECEITAS CORRENTES | 9 - OUTRAS RECEITAS CORRENTES | 1 - MULTAS ADMINISTRATIVAS CONTRATUAIS E JUDICIAIS | 1 - MULTAS ADMINISTRATIVAS CONTRATUAIS E JUDICIAIS | 01 - MULTAS PREVISTAS EM LEGISLACO ESPECOFICA | 0 - MULTAS PREVISTAS EM LEGISLACO ESPECOFICA | 2 - MULTA | 02 - DEMAIS MULTAS PREVISTAS EM LEGISLACO ESPECOFICA - MULTAS E JUROS | 16 - MULTAS DE POSTURAS MUNICIPAIS - SP REGULA - MULTAS E JUROS | 000 - MULTAS DE POSTURAS MUNICIPAIS - SP REGULA - MULTAS E JUROS | 000 - MULTAS DE POSTURAS MUNICIPAIS - SP REGULA - MULTAS E JUROS | 11 - INTEGRAL | 01 - TOTAL | 000 - TOTAL | 96000.00 | .00;2025;4;AGÒNCIA REG. DE SERV. PéBLICOS DE SÇO PAULO;1 - RECEITAS CORRENTES;9 - OUTRAS RECEITAS CORRENTES;1 - MULTAS ADMINISTRATIVAS CONTRATUAIS E JUDICIAIS;1 - MULTAS ADMINISTRATIVAS CONTRATUAIS E JUDICIAIS;01 - MULTAS PREVISTAS EM LEGISLAÇO ESPECÖFICA;0 - MULTAS PREVISTAS EM LEGISLAÇO ESPECÖFICA;2 - Multa;02 - DEMAIS MULTAS PREVISTAS EM LEGISLAÇO ESPECÖFICA - MULTAS E JUROS;16 - MULTAS DE POSTURAS MUNICIPAIS - SP REGULA - MULTAS E JUROS;000 - MULTAS DE POSTURAS MUNICIPAIS - SP REGULA - MULTAS E JUROS;000 - MULTAS DE POSTURAS MUNICIPAIS - SP REGULA - MULTAS E JUROS;11 - Integral;01 - Total;000 - Total;96000.00;.00
2025;2025 | 4 | FUNDO MUNICIPAL DE HABITAO - COHAB | 1 - RECEITAS CORRENTES | 3 - RECEITA PATRIMONIAL | 2 - VALORES MOBILIRIOS | 1 - JUROS E CORREAES MONETRIAS | 05 - JUROS DE TOTULOS DE RENDA | 0 - JUROS DE TOTULOS DE RENDA | 1 - PRINCIPAL | 01 - FUNDOS DE INVESTIMENTOS E APLICAAES EM COTAS - RENDA FIXA | 09 - TESOURO MUNICIPAL - RECURSOS VINCULADOS | 023 - FUNDO MUNICIPAL DE HABITACO - COHAB | 001 - OUTORGA ONEROSA LEI 13.558/2003 ALTERADA PELA LEI 13.876/2004 | 11 - INTEGRAL | 01 - TOTAL | 000 - TOTAL | 360000.00 | .00;2025;4;Fundo Municipal de HabitaÆo - COHAB;1 - RECEITAS CORRENTES;3 - RECEITA PATRIMONIAL;2 - VALORES MOBILIµRIOS;1 - JUROS E CORREåES MONETµRIAS;05 - JUROS DE TÖTULOS DE RENDA;0 - JUROS DE TÖTULOS DE RENDA;1 - Principal;01 - FUNDOS DE INVESTIMENTOS E APLICAåES EM COTAS - RENDA FIXA;09 - TESOURO MUNICIPAL - RECURSOS VINCULADOS;023 - FUNDO MUNICIPAL DE HABITAÇO - COHAB;001 - OUTORGA ONEROSA LEI 13.558/2003 ALTERADA PELA LEI 13.876/2004;11 - Integral;01 - Total;000 - Total;360000.00;.00
2025;2025 | 4 | FUNDO MUNICIPAL DE HABITAO - COHAB | 2 - RECEITAS DE CAPITAL | 9 - OUTRAS RECEITAS DE CAPITAL | 9 - DEMAIS RECEITAS DE CAPITAL | 9 - DEMAIS RECEITAS DE CAPITAL | 99 - OUTRAS RECEITAS DE CAPITAL | 0 - OUTRAS RECEITAS DE CAPITAL | 1 - PRINCIPAL | 01 - DEMAIS RECEITAS DE CAPITAL - PRINCIPAL | 12 - OUTORGA ONEROSA - LEI DE ANISTIA | 000 - OUTORGA ONEROSA - LEI DE ANISTIA | 000 - OUTORGA ONEROSA - LEI DE ANISTIA | 11 - INTEGRAL | 01 - TOTAL | 000 - TOTAL | 200000.00 | .00;2025;4;Fundo Municipal de HabitaÆo - COHAB;2 - RECEITAS DE CAPITAL;9 - OUTRAS RECEITAS DE CAPITAL;9 - DEMAIS RECEITAS DE CAPITAL;9 - DEMAIS RECEITAS DE CAPITAL;99 - OUTRAS RECEITAS DE CAPITAL;0 - OUTRAS RECEITAS DE CAPITAL;1 - Principal;01 - DEMAIS RECEITAS DE CAPITAL - PRINCIPAL;12 - OUTORGA ONEROSA - LEI DE ANISTIA;000 - OUTORGA ONEROSA - LEI DE ANISTIA;000 - OUTORGA ONEROSA - LEI DE ANISTIA;11 - Integral;01 - Total;000 - Total;200000.00;.00
2025;2025 | 4 | PREFEITURA DO MUNICOPIO DE SCO PAULO | 1 - RECEITAS CORRENTES | 3 - RECEITA PATRIMONIAL | 2 - VALORES MOBILIRIOS | 1 - JUROS E CORREAES MONETRIAS | 05 - JUROS DE TOTULOS DE RENDA | 0 - JUROS DE TOTULOS DE RENDA | 1 - PRINCIPAL | 01 - FUNDOS DE INVESTIMENTOS E APLICAAES EM COTAS - RENDA FIXA | 09 - TESOURO MUNICIPAL - RECURSOS VINCULADOS | 032 - SECRETARIA MUNICIPAL DE URBANISMO E LICENCIAMENTO | 009 - OPERACO URBANA FARIA LIMA - OUTORGA HIS | 11 - INTEGRAL | 01 - TOTAL | 000 - TOTAL | 3960000.00 | 491577.02;2025;4;PREFEITURA DO MUNICÖPIO DE SÇO PAULO;1 - RECEITAS CORRENTES;3 - RECEITA PATRIMONIAL;2 - VALORES MOBILIµRIOS;1 - JUROS E CORREåES MONETµRIAS;05 - JUROS DE TÖTULOS DE RENDA;0 - JUROS DE TÖTULOS DE RENDA;1 - Principal;01 - FUNDOS DE INVESTIMENTOS E APLICAåES EM COTAS - RENDA FIXA;09 - TESOURO MUNICIPAL - RECURSOS VINCULADOS;032 - SECRETARIA MUNICIPAL DE URBANISMO E LICENCIAMENTO;009 - OPERAÇO URBANA FARIA LIMA - OUTORGA HIS;11 - Integral;01 - Total;000 - Total;3960000.00;491577.02
2025;2025 | 4 | PREFEITURA DO MUNICOPIO DE SCO PAULO | 1 - RECEITAS CORRENTES | 3 - RECEITA PATRIMONIAL | 2 - VALORES MOBILIRIOS | 1 - JUROS E CORREAES MONETRIAS | 05 - JUROS DE TOTULOS DE RENDA | 0 - JUROS DE TOTULOS DE RENDA | 1 - PRINCIPAL | 01 - FUNDOS DE INVESTIMENTOS E APLICAAES EM COTAS - RENDA FIXA | 09 - TESOURO MUNICIPAL - RECURSOS VINCULADOS | 032 - SECRETARIA MUNICIPAL DE URBANISMO E LICENCIAMENTO | 011 - OPERACO URBANA FARIA LIMA - OUTORGA | 11 - INTEGRAL | 01 - TOTAL | 000 - TOTAL | 10800000.00 | 985337.26;2025;4;PREFEITURA DO MUNICÖPIO DE SÇO PAULO;1 - RECEITAS CORRENTES;3 - RECEITA PATRIMONIAL;2 - VALORES MOBILIµRIOS;1 - JUROS E CORREåES MONETµRIAS;05 - JUROS DE TÖTULOS DE RENDA;0 - JUROS DE TÖTULOS DE RENDA;1 - Principal;01 - FUNDOS DE INVESTIMENTOS E APLICAåES EM COTAS - RENDA FIXA;09 - TESOURO MUNICIPAL - RECURSOS VINCULADOS;032 - SECRETARIA MUNICIPAL DE URBANISMO E LICENCIAMENTO;011 - OPERAÇO URBANA FARIA LIMA - OUTORGA;11 - Integral;01 - Total;000 - Total;10800000.00;985337.26
2025;2025 | 4 | PREFEITURA DO MUNICOPIO DE SCO PAULO | 1 - RECEITAS CORRENTES | 3 - RECEITA PATRIMONIAL | 2 - VALORES MOBILIRIOS | 1 - JUROS E CORREAES MONETRIAS | 05 - JUROS DE TOTULOS DE RENDA | 0 - JUROS DE TOTULOS DE RENDA | 1 - PRINCIPAL | 01 - FUNDOS DE INVESTIMENTOS E APLICAAES EM COTAS - RENDA FIXA | 09 - TESOURO MUNICIPAL - RECURSOS VINCULADOS | 032 - SECRETARIA MUNICIPAL DE URBANISMO E LICENCIAMENTO | 013 - FUNDO ESPECIAL OPERACO URBANA GUA BRANCA - FEAB - OUTORGA | 11 - INTEGRAL | 01 - TOTAL | 000 - TOTAL | 84000000.00 | 10593554.25;2025;4;PREFEITURA DO MUNICÖPIO DE SÇO PAULO;1 - RECEITAS CORRENTES;3 - RECEITA PATRIMONIAL;2 - VALORES MOBILIµRIOS;1 - JUROS E CORREåES MONETµRIAS;05 - JUROS DE TÖTULOS DE RENDA;0 - JUROS DE TÖTULOS DE RENDA;1 - Principal;01 - FUNDOS DE INVESTIMENTOS E APLICAåES EM COTAS - RENDA FIXA;09 - TESOURO MUNICIPAL - RECURSOS VINCULADOS;032 - SECRETARIA MUNICIPAL DE URBANISMO E LICENCIAMENTO;013 - FUNDO ESPECIAL OPERAÇO URBANA µGUA BRANCA - FEAB - OUTORGA;11 - Integral;01 - Total;000 - Total;84000000.00;10593554.25
2025;2025 | 4 | PREFEITURA DO MUNICOPIO DE SCO PAULO | 1 - RECEITAS CORRENTES | 3 - RECEITA PATRIMONIAL | 2 - VALORES MOBILIRIOS | 1 - JUROS E CORREAES MONETRIAS | 05 - JUROS DE TOTULOS DE RENDA | 0 - JUROS DE TOTULOS DE RENDA | 1 - PRINCIPAL | 01 - FUNDOS DE INVESTIMENTOS E APLICAAES EM COTAS - RENDA FIXA | 09 - TESOURO MUNICIPAL - RECURSOS VINCULADOS | 032 - SECRETARIA MUNICIPAL DE URBANISMO E LICENCIAMENTO | 014 - FUNDO ESPECIAL OPERACO URBANA GUA BRANCA - FEAB - OUTORGA - HIS | 11 - INTEGRAL | 01 - TOTAL | 000 - TOTAL | 30000.00 | 3796.87;2025;4;PREFEITURA DO MUNICÖPIO DE SÇO PAULO;1 - RECEITAS CORRENTES;3 - RECEITA PATRIMONIAL;2 - VALORES MOBILIµRIOS;1 - JUROS E CORREåES MONETµRIAS;05 - JUROS DE TÖTULOS DE RENDA;0 - JUROS DE TÖTULOS DE RENDA;1 - Principal;01 - FUNDOS DE INVESTIMENTOS E APLICAåES EM COTAS - RENDA FIXA;09 - TESOURO MUNICIPAL - RECURSOS VINCULADOS;032 - SECRETARIA MUNICIPAL DE URBANISMO E LICENCIAMENTO;014 - FUNDO ESPECIAL OPERAÇO URBANA µGUA BRANCA - FEAB - OUTORGA - HIS;11 - Integral;01 - Total;000 - Total;30000.00;3796.87
2025;2025 | 4 | PREFEITURA DO MUNICOPIO DE SCO PAULO | 1 - RECEITAS CORRENTES | 3 - RECEITA PATRIMONIAL | 3 - DELEGACO DE SERVIOS PEBLICOS MEDIANTE CONCESSCO PERMISSCO AUTORIZACO OU LICENA | 9 - DEMAIS DELEGAAES DE SERVIOS PEBLICOS | 99 - OUTRAS DELEGAAES DE SERVIOS PEBLICOS | 0 - OUTRAS DELEGAAES DE SERVIOS PEBLICOS | 1 - PRINCIPAL | 01 - OUTORGAS PROVENIENTES DE CONCESSAES - FMD | 00 - OUTORGAS PROVENIENTES DE CONCESSAES - FMD | 000 - OUTORGAS PROVENIENTES DE CONCESSAES - FMD | 000 - OUTORGAS PROVENIENTES DE CONCESSAES - FMD | 11 - INTEGRAL | 01 - TOTAL | 000 - TOTAL | 106060339.00 | 8252762.89;2025;4;PREFEITURA DO MUNICÖPIO DE SÇO PAULO;1 - RECEITAS CORRENTES;3 - RECEITA PATRIMONIAL;3 - DELEGAÇO DE SERVIOS PéBLICOS MEDIANTE CONCESSÇO PERMISSÇO AUTORIZAÇO OU LICENA;9 - DEMAIS DELEGAåES DE SERVIOS PéBLICOS;99 - OUTRAS DELEGAåES DE SERVIOS PéBLICOS;0 - OUTRAS DELEGAåES DE SERVIOS PéBLICOS;1 - Principal;01 - OUTORGAS PROVENIENTES DE CONCESSåES - FMD;00 - OUTORGAS PROVENIENTES DE CONCESSåES - FMD;000 - OUTORGAS PROVENIENTES DE CONCESSåES - FMD;000 - OUTORGAS PROVENIENTES DE CONCESSåES - FMD;11 - Integral;01 - Total;000 - Total;106060339.00;8252762.89
2025;2025 | 4 | PREFEITURA DO MUNICOPIO DE SCO PAULO | 1 - RECEITAS CORRENTES | 9 - OUTRAS RECEITAS CORRENTES | 2 - INDENIZAAES RESTITUIAES E RESSARCIMENTOS | 3 - RESSARCIMENTOS | 99 - OUTROS RESSARCIMENTOS | 0 - OUTROS RESSARCIMENTOS | 1 - PRINCIPAL | 12 - OUTROS RESSARCIMENTOSY- OUCFL - OUTORGA | 00 - OUTROS RESSARCIMENTOSY- OUCFL - OUTORGA | 000 - OUTROS RESSARCIMENTOSY- OUCFL - OUTORGA | 000 - OUTROS RESSARCIMENTOSY- OUCFL - OUTORGA | 11 - INTEGRAL | 01 - TOTAL | 000 - TOTAL | 50874.00 | .00;2025;4;PREFEITURA DO MUNICÖPIO DE SÇO PAULO;1 - RECEITAS CORRENTES;9 - OUTRAS RECEITAS CORRENTES;2 - INDENIZAåES RESTITUIåES E RESSARCIMENTOS;3 - RESSARCIMENTOS;99 - OUTROS RESSARCIMENTOS;0 - OUTROS RESSARCIMENTOS;1 - Principal;12 - OUTROS RESSARCIMENTOSÿ- OUCFL - Outorga;00 - OUTROS RESSARCIMENTOSÿ- OUCFL - Outorga;000 - OUTROS RESSARCIMENTOSÿ- OUCFL - Outorga;000 - OUTROS RESSARCIMENTOSÿ- OUCFL - Outorga;11 - Integral;01 - Total;000 - Total;50874.00;.00
2025;2025 | 4 | PREFEITURA DO MUNICOPIO DE SCO PAULO | 1 - RECEITAS CORRENTES | 9 - OUTRAS RECEITAS CORRENTES | 4 - MULTAS E JUROS DE MORA DAS RECEITAS DE CAPITAL | 9 - MULTAS E JUROS DE MORA DE OUTRAS RECEITAS DE CAPITAL | 99 - MULTAS E JUROS DE OUTRAS RECEITAS DE CAPITAL | 0 - MULTAS E JUROS DE OUTRAS RECEITAS DE CAPITAL | 2 - MULTA | 76 - OUTORGA ONEROSA - PLANO DIRETOR - DIREITO DE CONSTRUIR - FUNDURB - MULTAS E JUROS | 00 - OUTORGA ONEROSA - PLANO DIRETOR - DIREITO DE CONSTRUIR - FUNDURB - MULTAS E JUROS | 000 - OUTORGA ONEROSA - PLANO DIRETOR - DIREITO DE CONSTRUIR - FUNDURB - MULTAS E JUROS | 000 - OUTORGA ONEROSA - PLANO DIRETOR - DIREITO DE CONSTRUIR - FUNDURB - MULTAS E JUROS | 11 - INTEGRAL | 01 - TOTAL | 000 - TOTAL | 84881.00 | 1426.32;2025;4;PREFEITURA DO MUNICÖPIO DE SÇO PAULO;1 - RECEITAS CORRENTES;9 - OUTRAS RECEITAS CORRENTES;4 - MULTAS E JUROS DE MORA DAS RECEITAS DE CAPITAL;9 - MULTAS E JUROS DE MORA DE OUTRAS RECEITAS DE CAPITAL;99 - MULTAS E JUROS DE OUTRAS RECEITAS DE CAPITAL;0 - MULTAS E JUROS DE OUTRAS RECEITAS DE CAPITAL;2 - Multa;76 - OUTORGA ONEROSA - PLANO DIRETOR - DIREITO DE CONSTRUIR - FUNDURB - MULTAS E JUROS;00 - OUTORGA ONEROSA - PLANO DIRETOR - DIREITO DE CONSTRUIR - FUNDURB - MULTAS E JUROS;000 - OUTORGA ONEROSA - PLANO DIRETOR - DIREITO DE CONSTRUIR - FUNDURB - MULTAS E JUROS;000 - OUTORGA ONEROSA - PLANO DIRETOR - DIREITO DE CONSTRUIR - FUNDURB - MULTAS E JUROS;11 - Integral;01 - Total;000 - Total;84881.00;1426.32
2025;2025 | 4 | PREFEITURA DO MUNICOPIO DE SCO PAULO | 2 - RECEITAS DE CAPITAL | 9 - OUTRAS RECEITAS DE CAPITAL | 9 - DEMAIS RECEITAS DE CAPITAL | 9 - DEMAIS RECEITAS DE CAPITAL | 99 - OUTRAS RECEITAS DE CAPITAL | 0 - OUTRAS RECEITAS DE CAPITAL | 1 - PRINCIPAL | 01 - DEMAIS RECEITAS DE CAPITAL - PRINCIPAL | 09 - OUTORGA ONEROSA COTA SOLIDARIEDADE - FUNDURB | 000 - OUTORGA ONEROSA COTA SOLIDARIEDADE - FUNDURB | 000 - OUTORGA ONEROSA COTA SOLIDARIEDADE - FUNDURB | 11 - INTEGRAL | 01 - TOTAL | 000 - TOTAL | 50491073.00 | 4890699.33;2025;4;PREFEITURA DO MUNICÖPIO DE SÇO PAULO;2 - RECEITAS DE CAPITAL;9 - OUTRAS RECEITAS DE CAPITAL;9 - DEMAIS RECEITAS DE CAPITAL;9 - DEMAIS RECEITAS DE CAPITAL;99 - OUTRAS RECEITAS DE CAPITAL;0 - OUTRAS RECEITAS DE CAPITAL;1 - Principal;01 - DEMAIS RECEITAS DE CAPITAL - PRINCIPAL;09 - OUTORGA ONEROSA COTA SOLIDARIEDADE - FUNDURB;000 - OUTORGA ONEROSA COTA SOLIDARIEDADE - FUNDURB;000 - OUTORGA ONEROSA COTA SOLIDARIEDADE - FUNDURB;11 - Integral;01 - Total;000 - Total;50491073.00;4890699.33
2025;2025 | 4 | PREFEITURA DO MUNICOPIO DE SCO PAULO | 2 - RECEITAS DE CAPITAL | 9 - OUTRAS RECEITAS DE CAPITAL | 9 - DEMAIS RECEITAS DE CAPITAL | 9 - DEMAIS RECEITAS DE CAPITAL | 99 - OUTRAS RECEITAS DE CAPITAL | 0 - OUTRAS RECEITAS DE CAPITAL | 1 - PRINCIPAL | 01 - DEMAIS RECEITAS DE CAPITAL - PRINCIPAL | 11 - OUTORGA ONEROSA - PLANO DIRETOR - DIREITO DE CONSTRUIR - FUNDURB | 000 - OUTORGA ONEROSA - PLANO DIRETOR - DIREITO DE CONSTRUIR - FUNDURB | 000 - OUTORGA ONEROSA - PLANO DIRETOR - DIREITO DE CONSTRUIR - FUNDURB | 11 - INTEGRAL | 01 - TOTAL | 000 - TOTAL | 931382643.00 | 107465201.72;2025;4;PREFEITURA DO MUNICÖPIO DE SÇO PAULO;2 - RECEITAS DE CAPITAL;9 - OUTRAS RECEITAS DE CAPITAL;9 - DEMAIS RECEITAS DE CAPITAL;9 - DEMAIS RECEITAS DE CAPITAL;99 - OUTRAS RECEITAS DE CAPITAL;0 - OUTRAS RECEITAS DE CAPITAL;1 - Principal;01 - DEMAIS RECEITAS DE CAPITAL - PRINCIPAL;11 - OUTORGA ONEROSA - PLANO DIRETOR - DIREITO DE CONSTRUIR - FUNDURB;000 - OUTORGA ONEROSA - PLANO DIRETOR - DIREITO DE CONSTRUIR - FUNDURB;000 - OUTORGA ONEROSA - PLANO DIRETOR - DIREITO DE CONSTRUIR - FUNDURB;11 - Integral;01 - Total;000 - Total;931382643.00;107465201.72
2025;2025 | 4 | PREFEITURA DO MUNICOPIO DE SCO PAULO | 2 - RECEITAS DE CAPITAL | 9 - OUTRAS RECEITAS DE CAPITAL | 9 - DEMAIS RECEITAS DE CAPITAL | 9 - DEMAIS RECEITAS DE CAPITAL | 99 - OUTRAS RECEITAS DE CAPITAL | 0 - OUTRAS RECEITAS DE CAPITAL | 1 - PRINCIPAL | 01 - DEMAIS RECEITAS DE CAPITAL - PRINCIPAL | 11 - OUTORGA ONEROSA - PLANO DIRETOR - DIREITO DE CONSTRUIR - FUNDURB | 000 - OUTORGA ONEROSA - PLANO DIRETOR - DIREITO DE CONSTRUIR - FUNDURB | 000 - OUTORGA ONEROSA - PLANO DIRETOR - DIREITO DE CONSTRUIR - FUNDURB | 11 - INTEGRAL | 09 - DEDUTORA | 001 - DEDUAES OUTORGA ONEROSA - PLANO DIRETOR - DIREITO DE CONSTRUIR - FUNDURB | .00 | .00;2025;4;PREFEITURA DO MUNICÖPIO DE SÇO PAULO;2 - RECEITAS DE CAPITAL;9 - OUTRAS RECEITAS DE CAPITAL;9 - DEMAIS RECEITAS DE CAPITAL;9 - DEMAIS RECEITAS DE CAPITAL;99 - OUTRAS RECEITAS DE CAPITAL;0 - OUTRAS RECEITAS DE CAPITAL;1 - Principal;01 - DEMAIS RECEITAS DE CAPITAL - PRINCIPAL;11 - OUTORGA ONEROSA - PLANO DIRETOR - DIREITO DE CONSTRUIR - FUNDURB;000 - OUTORGA ONEROSA - PLANO DIRETOR - DIREITO DE CONSTRUIR - FUNDURB;000 - OUTORGA ONEROSA - PLANO DIRETOR - DIREITO DE CONSTRUIR - FUNDURB;11 - Integral;09 - Dedutora;001 - Deduäes Outorga Onerosa - Plano Diretor - Direito de Construir - FUNDURB;.00;.00
2025;2025 | 5 | AGONCIA REG. DE SERV. PEBLICOS DE SCO PAULO | 1 - RECEITAS CORRENTES | 1 - IMPOSTOS TAXAS E CONTRIBUIAES DE MELHORIA | 2 - TAXAS | 1 - TAXAS PELO EXERCOCIO DO PODER DE POLOCIA | 01 - TAXAS DE INSPECO CONTROLE E FISCALIZACO | 0 - TAXAS DE INSPECO CONTROLE E FISCALIZACO | 1 - PRINCIPAL | 13 - TAXAS - EMISSCO DE ALVARS - SERVIOS FUNERRIOS E CEMITERIAIS | 00 - TAXAS - EMISSCO DE ALVARS - SERVIOS FUNERRIOS E CEMITERIAIS | 000 - TAXAS - EMISSCO DE ALVARS - SERVIOS FUNERRIOS E CEMITERIAIS | 000 - TAXAS - EMISSCO DE ALVARS - SERVIOS FUNERRIOS E CEMITERIAIS | 11 - INTEGRAL | 01 - TOTAL | 000 - TOTAL | .00 | 7149.42;2025;5;AGÒNCIA REG. DE SERV. PéBLICOS DE SÇO PAULO;1 - RECEITAS CORRENTES;1 - IMPOSTOS TAXAS E CONTRIBUIåES DE MELHORIA;2 - TAXAS;1 - TAXAS PELO EXERCÖCIO DO PODER DE POLÖCIA;01 - TAXAS DE INSPEÇO CONTROLE E FISCALIZAÇO;0 - TAXAS DE INSPEÇO CONTROLE E FISCALIZAÇO;1 - Principal;13 - TAXAS - EMISSÇO DE ALVARµS - SERVIOS FUNERµRIOS E CEMITERIAIS;00 - TAXAS - EMISSÇO DE ALVARµS - SERVIOS FUNERµRIOS E CEMITERIAIS;000 - TAXAS - EMISSÇO DE ALVARµS - SERVIOS FUNERµRIOS E CEMITERIAIS;000 - TAXAS - EMISSÇO DE ALVARµS - SERVIOS FUNERµRIOS E CEMITERIAIS;11 - Integral;01 - Total;000 - Total;.00;7149.42
2025;2025 | 5 | AGONCIA REG. DE SERV. PEBLICOS DE SCO PAULO | 1 - RECEITAS CORRENTES | 9 - OUTRAS RECEITAS CORRENTES | 1 - MULTAS ADMINISTRATIVAS CONTRATUAIS E JUDICIAIS | 1 - MULTAS ADMINISTRATIVAS CONTRATUAIS E JUDICIAIS | 01 - MULTAS PREVISTAS EM LEGISLACO ESPECOFICA | 0 - MULTAS PREVISTAS EM LEGISLACO ESPECOFICA | 1 - PRINCIPAL | 02 - DEMAIS MULTAS PREVISTAS EM LEGISLACO ESPECOFICA | 16 - MULTAS DE POSTURAS MUNICIPAIS - SP REGULA | 000 - MULTAS DE POSTURAS MUNICIPAIS - SP REGULA | 000 - MULTAS DE POSTURAS MUNICIPAIS - SP REGULA | 11 - INTEGRAL | 01 - TOTAL | 000 - TOTAL | 966300.00 | 260236.48;2025;5;AGÒNCIA REG. DE SERV. PéBLICOS DE SÇO PAULO;1 - RECEITAS CORRENTES;9 - OUTRAS RECEITAS CORRENTES;1 - MULTAS ADMINISTRATIVAS CONTRATUAIS E JUDICIAIS;1 - MULTAS ADMINISTRATIVAS CONTRATUAIS E JUDICIAIS;01 - MULTAS PREVISTAS EM LEGISLAÇO ESPECÖFICA;0 - MULTAS PREVISTAS EM LEGISLAÇO ESPECÖFICA;1 - Principal;02 - DEMAIS MULTAS PREVISTAS EM LEGISLAÇO ESPECÖFICA;16 - MULTAS DE POSTURAS MUNICIPAIS - SP REGULA;000 - MULTAS DE POSTURAS MUNICIPAIS - SP REGULA;000 - MULTAS DE POSTURAS MUNICIPAIS - SP REGULA;11 - Integral;01 - Total;000 - Total;966300.00;260236.48
2025;2025 | 5 | AGONCIA REG. DE SERV. PEBLICOS DE SCO PAULO | 1 - RECEITAS CORRENTES | 9 - OUTRAS RECEITAS CORRENTES | 1 - MULTAS ADMINISTRATIVAS CONTRATUAIS E JUDICIAIS | 1 - MULTAS ADMINISTRATIVAS CONTRATUAIS E JUDICIAIS | 01 - MULTAS PREVISTAS EM LEGISLACO ESPECOFICA | 0 - MULTAS PREVISTAS EM LEGISLACO ESPECOFICA | 2 - MULTA | 02 - DEMAIS MULTAS PREVISTAS EM LEGISLACO ESPECOFICA - MULTAS E JUROS | 16 - MULTAS DE POSTURAS MUNICIPAIS - SP REGULA - MULTAS E JUROS | 000 - MULTAS DE POSTURAS MUNICIPAIS - SP REGULA - MULTAS E JUROS | 000 - MULTAS DE POSTURAS MUNICIPAIS - SP REGULA - MULTAS E JUROS | 11 - INTEGRAL | 01 - TOTAL | 000 - TOTAL | 96000.00 | 5284.63;2025;5;AGÒNCIA REG. DE SERV. PéBLICOS DE SÇO PAULO;1 - RECEITAS CORRENTES;9 - OUTRAS RECEITAS CORRENTES;1 - MULTAS ADMINISTRATIVAS CONTRATUAIS E JUDICIAIS;1 - MULTAS ADMINISTRATIVAS CONTRATUAIS E JUDICIAIS;01 - MULTAS PREVISTAS EM LEGISLAÇO ESPECÖFICA;0 - MULTAS PREVISTAS EM LEGISLAÇO ESPECÖFICA;2 - Multa;02 - DEMAIS MULTAS PREVISTAS EM LEGISLAÇO ESPECÖFICA - MULTAS E JUROS;16 - MULTAS DE POSTURAS MUNICIPAIS - SP REGULA - MULTAS E JUROS;000 - MULTAS DE POSTURAS MUNICIPAIS - SP REGULA - MULTAS E JUROS;000 - MULTAS DE POSTURAS MUNICIPAIS - SP REGULA - MULTAS E JUROS;11 - Integral;01 - Total;000 - Total;96000.00;5284.63
2025;2025 | 5 | AGONCIA REG. DE SERV. PEBLICOS DE SCO PAULO | 7 - RECEITAS CORRENTES INTRAORAMENTRIAS | 9 - OUTRAS RECEITAS CORRENTES INTRAORAMENTRIAS | 1 - MULTAS ADMINISTRATIVAS CONTRATUAIS E JUDICIAIS | 1 - MULTAS ADMINISTRATIVAS CONTRATUAIS E JUDICIAIS | 01 - MULTAS PREVISTAS EM LEGISLACO ESPECOFICA | 0 - MULTAS PREVISTAS EM LEGISLACO ESPECOFICA | 1 - PRINCIPAL | 01 - MULTAS PREVISTAS EM LEGISLACO ESPECOFICA | 02 - MULTAS DE POSTURAS MUNICIPAIS - SP REGULA | 000 - MULTAS DE POSTURAS MUNICIPAIS - SP REGULA | 000 - MULTAS DE POSTURAS MUNICIPAIS - SP REGULA | 11 - INTEGRAL | 01 - TOTAL | 000 - TOTAL | .00 | 17920.27;2025;5;AGÒNCIA REG. DE SERV. PéBLICOS DE SÇO PAULO;7 - RECEITAS CORRENTES INTRAORAMENTµRIAS;9 - OUTRAS RECEITAS CORRENTES INTRAORAMENTµRIAS;1 - MULTAS ADMINISTRATIVAS CONTRATUAIS E JUDICIAIS;1 - MULTAS ADMINISTRATIVAS CONTRATUAIS E JUDICIAIS;01 - MULTAS PREVISTAS EM LEGISLAÇO ESPECÖFICA;0 - MULTAS PREVISTAS EM LEGISLAÇO ESPECÖFICA;1 - Principal;01 - MULTAS PREVISTAS EM LEGISLAÇO ESPECÖFICA;02 - MULTAS DE POSTURAS MUNICIPAIS - SP REGULA;000 - MULTAS DE POSTURAS MUNICIPAIS - SP REGULA;000 - MULTAS DE POSTURAS MUNICIPAIS - SP REGULA;11 - Integral;01 - Total;000 - Total;.00;17920.27
2025;2025 | 5 | FUNDO MUNICIPAL DE HABITAO - COHAB | 1 - RECEITAS CORRENTES | 3 - RECEITA PATRIMONIAL | 2 - VALORES MOBILIRIOS | 1 - JUROS E CORREAES MONETRIAS | 05 - JUROS DE TOTULOS DE RENDA | 0 - JUROS DE TOTULOS DE RENDA | 1 - PRINCIPAL | 01 - FUNDOS DE INVESTIMENTOS E APLICAAES EM COTAS - RENDA FIXA | 09 - TESOURO MUNICIPAL - RECURSOS VINCULADOS | 023 - FUNDO MUNICIPAL DE HABITACO - COHAB | 001 - OUTORGA ONEROSA LEI 13.558/2003 ALTERADA PELA LEI 13.876/2004 | 11 - INTEGRAL | 01 - TOTAL | 000 - TOTAL | 360000.00 | .00;2025;5;Fundo Municipal de HabitaÆo - COHAB;1 - RECEITAS CORRENTES;3 - RECEITA PATRIMONIAL;2 - VALORES MOBILIµRIOS;1 - JUROS E CORREåES MONETµRIAS;05 - JUROS DE TÖTULOS DE RENDA;0 - JUROS DE TÖTULOS DE RENDA;1 - Principal;01 - FUNDOS DE INVESTIMENTOS E APLICAåES EM COTAS - RENDA FIXA;09 - TESOURO MUNICIPAL - RECURSOS VINCULADOS;023 - FUNDO MUNICIPAL DE HABITAÇO - COHAB;001 - OUTORGA ONEROSA LEI 13.558/2003 ALTERADA PELA LEI 13.876/2004;11 - Integral;01 - Total;000 - Total;360000.00;.00
2025;2025 | 5 | FUNDO MUNICIPAL DE HABITAO - COHAB | 2 - RECEITAS DE CAPITAL | 9 - OUTRAS RECEITAS DE CAPITAL | 9 - DEMAIS RECEITAS DE CAPITAL | 9 - DEMAIS RECEITAS DE CAPITAL | 99 - OUTRAS RECEITAS DE CAPITAL | 0 - OUTRAS RECEITAS DE CAPITAL | 1 - PRINCIPAL | 01 - DEMAIS RECEITAS DE CAPITAL - PRINCIPAL | 12 - OUTORGA ONEROSA - LEI DE ANISTIA | 000 - OUTORGA ONEROSA - LEI DE ANISTIA | 000 - OUTORGA ONEROSA - LEI DE ANISTIA | 11 - INTEGRAL | 01 - TOTAL | 000 - TOTAL | 200000.00 | .00;2025;5;Fundo Municipal de HabitaÆo - COHAB;2 - RECEITAS DE CAPITAL;9 - OUTRAS RECEITAS DE CAPITAL;9 - DEMAIS RECEITAS DE CAPITAL;9 - DEMAIS RECEITAS DE CAPITAL;99 - OUTRAS RECEITAS DE CAPITAL;0 - OUTRAS RECEITAS DE CAPITAL;1 - Principal;01 - DEMAIS RECEITAS DE CAPITAL - PRINCIPAL;12 - OUTORGA ONEROSA - LEI DE ANISTIA;000 - OUTORGA ONEROSA - LEI DE ANISTIA;000 - OUTORGA ONEROSA - LEI DE ANISTIA;11 - Integral;01 - Total;000 - Total;200000.00;.00
2025;2025 | 5 | PREFEITURA DO MUNICOPIO DE SCO PAULO | 1 - RECEITAS CORRENTES | 3 - RECEITA PATRIMONIAL | 2 - VALORES MOBILIRIOS | 1 - JUROS E CORREAES MONETRIAS | 05 - JUROS DE TOTULOS DE RENDA | 0 - JUROS DE TOTULOS DE RENDA | 1 - PRINCIPAL | 01 - FUNDOS DE INVESTIMENTOS E APLICAAES EM COTAS - RENDA FIXA | 09 - TESOURO MUNICIPAL - RECURSOS VINCULADOS | 032 - SECRETARIA MUNICIPAL DE URBANISMO E LICENCIAMENTO | 009 - OPERACO URBANA FARIA LIMA - OUTORGA HIS | 11 - INTEGRAL | 01 - TOTAL | 000 - TOTAL | 3960000.00 | 534983.95;2025;5;PREFEITURA DO MUNICÖPIO DE SÇO PAULO;1 - RECEITAS CORRENTES;3 - RECEITA PATRIMONIAL;2 - VALORES MOBILIµRIOS;1 - JUROS E CORREåES MONETµRIAS;05 - JUROS DE TÖTULOS DE RENDA;0 - JUROS DE TÖTULOS DE RENDA;1 - Principal;01 - FUNDOS DE INVESTIMENTOS E APLICAåES EM COTAS - RENDA FIXA;09 - TESOURO MUNICIPAL - RECURSOS VINCULADOS;032 - SECRETARIA MUNICIPAL DE URBANISMO E LICENCIAMENTO;009 - OPERAÇO URBANA FARIA LIMA - OUTORGA HIS;11 - Integral;01 - Total;000 - Total;3960000.00;534983.95
2025;2025 | 5 | PREFEITURA DO MUNICOPIO DE SCO PAULO | 1 - RECEITAS CORRENTES | 3 - RECEITA PATRIMONIAL | 2 - VALORES MOBILIRIOS | 1 - JUROS E CORREAES MONETRIAS | 05 - JUROS DE TOTULOS DE RENDA | 0 - JUROS DE TOTULOS DE RENDA | 1 - PRINCIPAL | 01 - FUNDOS DE INVESTIMENTOS E APLICAAES EM COTAS - RENDA FIXA | 09 - TESOURO MUNICIPAL - RECURSOS VINCULADOS | 032 - SECRETARIA MUNICIPAL DE URBANISMO E LICENCIAMENTO | 011 - OPERACO URBANA FARIA LIMA - OUTORGA | 11 - INTEGRAL | 01 - TOTAL | 000 - TOTAL | 10800000.00 | 1058961.00;2025;5;PREFEITURA DO MUNICÖPIO DE SÇO PAULO;1 - RECEITAS CORRENTES;3 - RECEITA PATRIMONIAL;2 - VALORES MOBILIµRIOS;1 - JUROS E CORREåES MONETµRIAS;05 - JUROS DE TÖTULOS DE RENDA;0 - JUROS DE TÖTULOS DE RENDA;1 - Principal;01 - FUNDOS DE INVESTIMENTOS E APLICAåES EM COTAS - RENDA FIXA;09 - TESOURO MUNICIPAL - RECURSOS VINCULADOS;032 - SECRETARIA MUNICIPAL DE URBANISMO E LICENCIAMENTO;011 - OPERAÇO URBANA FARIA LIMA - OUTORGA;11 - Integral;01 - Total;000 - Total;10800000.00;1058961.00
2025;2025 | 5 | PREFEITURA DO MUNICOPIO DE SCO PAULO | 1 - RECEITAS CORRENTES | 3 - RECEITA PATRIMONIAL | 2 - VALORES MOBILIRIOS | 1 - JUROS E CORREAES MONETRIAS | 05 - JUROS DE TOTULOS DE RENDA | 0 - JUROS DE TOTULOS DE RENDA | 1 - PRINCIPAL | 01 - FUNDOS DE INVESTIMENTOS E APLICAAES EM COTAS - RENDA FIXA | 09 - TESOURO MUNICIPAL - RECURSOS VINCULADOS | 032 - SECRETARIA MUNICIPAL DE URBANISMO E LICENCIAMENTO | 013 - FUNDO ESPECIAL OPERACO URBANA GUA BRANCA - FEAB - OUTORGA | 11 - INTEGRAL | 01 - TOTAL | 000 - TOTAL | 84000000.00 | 11526491.31;2025;5;PREFEITURA DO MUNICÖPIO DE SÇO PAULO;1 - RECEITAS CORRENTES;3 - RECEITA PATRIMONIAL;2 - VALORES MOBILIµRIOS;1 - JUROS E CORREåES MONETµRIAS;05 - JUROS DE TÖTULOS DE RENDA;0 - JUROS DE TÖTULOS DE RENDA;1 - Principal;01 - FUNDOS DE INVESTIMENTOS E APLICAåES EM COTAS - RENDA FIXA;09 - TESOURO MUNICIPAL - RECURSOS VINCULADOS;032 - SECRETARIA MUNICIPAL DE URBANISMO E LICENCIAMENTO;013 - FUNDO ESPECIAL OPERAÇO URBANA µGUA BRANCA - FEAB - OUTORGA;11 - Integral;01 - Total;000 - Total;84000000.00;11526491.31
2025;2025 | 5 | PREFEITURA DO MUNICOPIO DE SCO PAULO | 1 - RECEITAS CORRENTES | 3 - RECEITA PATRIMONIAL | 2 - VALORES MOBILIRIOS | 1 - JUROS E CORREAES MONETRIAS | 05 - JUROS DE TOTULOS DE RENDA | 0 - JUROS DE TOTULOS DE RENDA | 1 - PRINCIPAL | 01 - FUNDOS DE INVESTIMENTOS E APLICAAES EM COTAS - RENDA FIXA | 09 - TESOURO MUNICIPAL - RECURSOS VINCULADOS | 032 - SECRETARIA MUNICIPAL DE URBANISMO E LICENCIAMENTO | 014 - FUNDO ESPECIAL OPERACO URBANA GUA BRANCA - FEAB - OUTORGA - HIS | 11 - INTEGRAL | 01 - TOTAL | 000 - TOTAL | 30000.00 | 4132.14;2025;5;PREFEITURA DO MUNICÖPIO DE SÇO PAULO;1 - RECEITAS CORRENTES;3 - RECEITA PATRIMONIAL;2 - VALORES MOBILIµRIOS;1 - JUROS E CORREåES MONETµRIAS;05 - JUROS DE TÖTULOS DE RENDA;0 - JUROS DE TÖTULOS DE RENDA;1 - Principal;01 - FUNDOS DE INVESTIMENTOS E APLICAåES EM COTAS - RENDA FIXA;09 - TESOURO MUNICIPAL - RECURSOS VINCULADOS;032 - SECRETARIA MUNICIPAL DE URBANISMO E LICENCIAMENTO;014 - FUNDO ESPECIAL OPERAÇO URBANA µGUA BRANCA - FEAB - OUTORGA - HIS;11 - Integral;01 - Total;000 - Total;30000.00;4132.14
2025;2025 | 5 | PREFEITURA DO MUNICOPIO DE SCO PAULO | 1 - RECEITAS CORRENTES | 3 - RECEITA PATRIMONIAL | 3 - DELEGACO DE SERVIOS PEBLICOS MEDIANTE CONCESSCO PERMISSCO AUTORIZACO OU LICENA | 9 - DEMAIS DELEGAAES DE SERVIOS PEBLICOS | 99 - OUTRAS DELEGAAES DE SERVIOS PEBLICOS | 0 - OUTRAS DELEGAAES DE SERVIOS PEBLICOS | 1 - PRINCIPAL | 01 - OUTORGAS PROVENIENTES DE CONCESSAES - FMD | 00 - OUTORGAS PROVENIENTES DE CONCESSAES - FMD | 000 - OUTORGAS PROVENIENTES DE CONCESSAES - FMD | 000 - OUTORGAS PROVENIENTES DE CONCESSAES - FMD | 11 - INTEGRAL | 01 - TOTAL | 000 - TOTAL | 106060339.00 | 10514611.14;2025;5;PREFEITURA DO MUNICÖPIO DE SÇO PAULO;1 - RECEITAS CORRENTES;3 - RECEITA PATRIMONIAL;3 - DELEGAÇO DE SERVIOS PéBLICOS MEDIANTE CONCESSÇO PERMISSÇO AUTORIZAÇO OU LICENA;9 - DEMAIS DELEGAåES DE SERVIOS PéBLICOS;99 - OUTRAS DELEGAåES DE SERVIOS PéBLICOS;0 - OUTRAS DELEGAåES DE SERVIOS PéBLICOS;1 - Principal;01 - OUTORGAS PROVENIENTES DE CONCESSåES - FMD;00 - OUTORGAS PROVENIENTES DE CONCESSåES - FMD;000 - OUTORGAS PROVENIENTES DE CONCESSåES - FMD;000 - OUTORGAS PROVENIENTES DE CONCESSåES - FMD;11 - Integral;01 - Total;000 - Total;106060339.00;10514611.14
2025;2025 | 5 | PREFEITURA DO MUNICOPIO DE SCO PAULO | 1 - RECEITAS CORRENTES | 9 - OUTRAS RECEITAS CORRENTES | 2 - INDENIZAAES RESTITUIAES E RESSARCIMENTOS | 3 - RESSARCIMENTOS | 99 - OUTROS RESSARCIMENTOS | 0 - OUTROS RESSARCIMENTOS | 1 - PRINCIPAL | 12 - OUTROS RESSARCIMENTOSY- OUCFL - OUTORGA | 00 - OUTROS RESSARCIMENTOSY- OUCFL - OUTORGA | 000 - OUTROS RESSARCIMENTOSY- OUCFL - OUTORGA | 000 - OUTROS RESSARCIMENTOSY- OUCFL - OUTORGA | 11 - INTEGRAL | 01 - TOTAL | 000 - TOTAL | 50874.00 | .00;2025;5;PREFEITURA DO MUNICÖPIO DE SÇO PAULO;1 - RECEITAS CORRENTES;9 - OUTRAS RECEITAS CORRENTES;2 - INDENIZAåES RESTITUIåES E RESSARCIMENTOS;3 - RESSARCIMENTOS;99 - OUTROS RESSARCIMENTOS;0 - OUTROS RESSARCIMENTOS;1 - Principal;12 - OUTROS RESSARCIMENTOSÿ- OUCFL - Outorga;00 - OUTROS RESSARCIMENTOSÿ- OUCFL - Outorga;000 - OUTROS RESSARCIMENTOSÿ- OUCFL - Outorga;000 - OUTROS RESSARCIMENTOSÿ- OUCFL - Outorga;11 - Integral;01 - Total;000 - Total;50874.00;.00
2025;2025 | 5 | PREFEITURA DO MUNICOPIO DE SCO PAULO | 1 - RECEITAS CORRENTES | 9 - OUTRAS RECEITAS CORRENTES | 4 - MULTAS E JUROS DE MORA DAS RECEITAS DE CAPITAL | 9 - MULTAS E JUROS DE MORA DE OUTRAS RECEITAS DE CAPITAL | 99 - MULTAS E JUROS DE OUTRAS RECEITAS DE CAPITAL | 0 - MULTAS E JUROS DE OUTRAS RECEITAS DE CAPITAL | 2 - MULTA | 76 - OUTORGA ONEROSA - PLANO DIRETOR - DIREITO DE CONSTRUIR - FUNDURB - MULTAS E JUROS | 00 - OUTORGA ONEROSA - PLANO DIRETOR - DIREITO DE CONSTRUIR - FUNDURB - MULTAS E JUROS | 000 - OUTORGA ONEROSA - PLANO DIRETOR - DIREITO DE CONSTRUIR - FUNDURB - MULTAS E JUROS | 000 - OUTORGA ONEROSA - PLANO DIRETOR - DIREITO DE CONSTRUIR - FUNDURB - MULTAS E JUROS | 11 - INTEGRAL | 01 - TOTAL | 000 - TOTAL | 84881.00 | 681.20;2025;5;PREFEITURA DO MUNICÖPIO DE SÇO PAULO;1 - RECEITAS CORRENTES;9 - OUTRAS RECEITAS CORRENTES;4 - MULTAS E JUROS DE MORA DAS RECEITAS DE CAPITAL;9 - MULTAS E JUROS DE MORA DE OUTRAS RECEITAS DE CAPITAL;99 - MULTAS E JUROS DE OUTRAS RECEITAS DE CAPITAL;0 - MULTAS E JUROS DE OUTRAS RECEITAS DE CAPITAL;2 - Multa;76 - OUTORGA ONEROSA - PLANO DIRETOR - DIREITO DE CONSTRUIR - FUNDURB - MULTAS E JUROS;00 - OUTORGA ONEROSA - PLANO DIRETOR - DIREITO DE CONSTRUIR - FUNDURB - MULTAS E JUROS;000 - OUTORGA ONEROSA - PLANO DIRETOR - DIREITO DE CONSTRUIR - FUNDURB - MULTAS E JUROS;000 - OUTORGA ONEROSA - PLANO DIRETOR - DIREITO DE CONSTRUIR - FUNDURB - MULTAS E JUROS;11 - Integral;01 - Total;000 - Total;84881.00;681.20
2025;2025 | 5 | PREFEITURA DO MUNICOPIO DE SCO PAULO | 2 - RECEITAS DE CAPITAL | 9 - OUTRAS RECEITAS DE CAPITAL | 9 - DEMAIS RECEITAS DE CAPITAL | 9 - DEMAIS RECEITAS DE CAPITAL | 99 - OUTRAS RECEITAS DE CAPITAL | 0 - OUTRAS RECEITAS DE CAPITAL | 1 - PRINCIPAL | 01 - DEMAIS RECEITAS DE CAPITAL - PRINCIPAL | 09 - OUTORGA ONEROSA COTA SOLIDARIEDADE - FUNDURB | 000 - OUTORGA ONEROSA COTA SOLIDARIEDADE - FUNDURB | 000 - OUTORGA ONEROSA COTA SOLIDARIEDADE - FUNDURB | 11 - INTEGRAL | 01 - TOTAL | 000 - TOTAL | 50491073.00 | 16209022.37;2025;5;PREFEITURA DO MUNICÖPIO DE SÇO PAULO;2 - RECEITAS DE CAPITAL;9 - OUTRAS RECEITAS DE CAPITAL;9 - DEMAIS RECEITAS DE CAPITAL;9 - DEMAIS RECEITAS DE CAPITAL;99 - OUTRAS RECEITAS DE CAPITAL;0 - OUTRAS RECEITAS DE CAPITAL;1 - Principal;01 - DEMAIS RECEITAS DE CAPITAL - PRINCIPAL;09 - OUTORGA ONEROSA COTA SOLIDARIEDADE - FUNDURB;000 - OUTORGA ONEROSA COTA SOLIDARIEDADE - FUNDURB;000 - OUTORGA ONEROSA COTA SOLIDARIEDADE - FUNDURB;11 - Integral;01 - Total;000 - Total;50491073.00;16209022.37
2025;2025 | 5 | PREFEITURA DO MUNICOPIO DE SCO PAULO | 2 - RECEITAS DE CAPITAL | 9 - OUTRAS RECEITAS DE CAPITAL | 9 - DEMAIS RECEITAS DE CAPITAL | 9 - DEMAIS RECEITAS DE CAPITAL | 99 - OUTRAS RECEITAS DE CAPITAL | 0 - OUTRAS RECEITAS DE CAPITAL | 1 - PRINCIPAL | 01 - DEMAIS RECEITAS DE CAPITAL - PRINCIPAL | 11 - OUTORGA ONEROSA - PLANO DIRETOR - DIREITO DE CONSTRUIR - FUNDURB | 000 - OUTORGA ONEROSA - PLANO DIRETOR - DIREITO DE CONSTRUIR - FUNDURB | 000 - OUTORGA ONEROSA - PLANO DIRETOR - DIREITO DE CONSTRUIR - FUNDURB | 11 - INTEGRAL | 01 - TOTAL | 000 - TOTAL | 931382643.00 | 110634531.77;2025;5;PREFEITURA DO MUNICÖPIO DE SÇO PAULO;2 - RECEITAS DE CAPITAL;9 - OUTRAS RECEITAS DE CAPITAL;9 - DEMAIS RECEITAS DE CAPITAL;9 - DEMAIS RECEITAS DE CAPITAL;99 - OUTRAS RECEITAS DE CAPITAL;0 - OUTRAS RECEITAS DE CAPITAL;1 - Principal;01 - DEMAIS RECEITAS DE CAPITAL - PRINCIPAL;11 - OUTORGA ONEROSA - PLANO DIRETOR - DIREITO DE CONSTRUIR - FUNDURB;000 - OUTORGA ONEROSA - PLANO DIRETOR - DIREITO DE CONSTRUIR - FUNDURB;000 - OUTORGA ONEROSA - PLANO DIRETOR - DIREITO DE CONSTRUIR - FUNDURB;11 - Integral;01 - Total;000 - Total;931382643.00;110634531.77
2025;2025 | 5 | PREFEITURA DO MUNICOPIO DE SCO PAULO | 2 - RECEITAS DE CAPITAL | 9 - OUTRAS RECEITAS DE CAPITAL | 9 - DEMAIS RECEITAS DE CAPITAL | 9 - DEMAIS RECEITAS DE CAPITAL | 99 - OUTRAS RECEITAS DE CAPITAL | 0 - OUTRAS RECEITAS DE CAPITAL | 1 - PRINCIPAL | 01 - DEMAIS RECEITAS DE CAPITAL - PRINCIPAL | 11 - OUTORGA ONEROSA - PLANO DIRETOR - DIREITO DE CONSTRUIR - FUNDURB | 000 - OUTORGA ONEROSA - PLANO DIRETOR - DIREITO DE CONSTRUIR - FUNDURB | 000 - OUTORGA ONEROSA - PLANO DIRETOR - DIREITO DE CONSTRUIR - FUNDURB | 11 - INTEGRAL | 09 - DEDUTORA | 001 - DEDUAES OUTORGA ONEROSA - PLANO DIRETOR - DIREITO DE CONSTRUIR - FUNDURB | .00 | -266889.12;2025;5;PREFEITURA DO MUNICÖPIO DE SÇO PAULO;2 - RECEITAS DE CAPITAL;9 - OUTRAS RECEITAS DE CAPITAL;9 - DEMAIS RECEITAS DE CAPITAL;9 - DEMAIS RECEITAS DE CAPITAL;99 - OUTRAS RECEITAS DE CAPITAL;0 - OUTRAS RECEITAS DE CAPITAL;1 - Principal;01 - DEMAIS RECEITAS DE CAPITAL - PRINCIPAL;11 - OUTORGA ONEROSA - PLANO DIRETOR - DIREITO DE CONSTRUIR - FUNDURB;000 - OUTORGA ONEROSA - PLANO DIRETOR - DIREITO DE CONSTRUIR - FUNDURB;000 - OUTORGA ONEROSA - PLANO DIRETOR - DIREITO DE CONSTRUIR - FUNDURB;11 - Integral;09 - Dedutora;001 - Deduäes Outorga Onerosa - Plano Diretor - Direito de Construir - FUNDURB;.00;-266889.12
2025;2025 | 6 | AGONCIA REG. DE SERV. PEBLICOS DE SCO PAULO | 1 - RECEITAS CORRENTES | 1 - IMPOSTOS TAXAS E CONTRIBUIAES DE MELHORIA | 2 - TAXAS | 1 - TAXAS PELO EXERCOCIO DO PODER DE POLOCIA | 01 - TAXAS DE INSPECO CONTROLE E FISCALIZACO | 0 - TAXAS DE INSPECO CONTROLE E FISCALIZACO | 1 - PRINCIPAL | 13 - TAXAS - EMISSCO DE ALVARS - SERVIOS FUNERRIOS E CEMITERIAIS | 00 - TAXAS - EMISSCO DE ALVARS - SERVIOS FUNERRIOS E CEMITERIAIS | 000 - TAXAS - EMISSCO DE ALVARS - SERVIOS FUNERRIOS E CEMITERIAIS | 000 - TAXAS - EMISSCO DE ALVARS - SERVIOS FUNERRIOS E CEMITERIAIS | 11 - INTEGRAL | 01 - TOTAL | 000 - TOTAL | .00 | 1112.47;2025;6;AGÒNCIA REG. DE SERV. PéBLICOS DE SÇO PAULO;1 - RECEITAS CORRENTES;1 - IMPOSTOS TAXAS E CONTRIBUIåES DE MELHORIA;2 - TAXAS;1 - TAXAS PELO EXERCÖCIO DO PODER DE POLÖCIA;01 - TAXAS DE INSPEÇO CONTROLE E FISCALIZAÇO;0 - TAXAS DE INSPEÇO CONTROLE E FISCALIZAÇO;1 - Principal;13 - TAXAS - EMISSÇO DE ALVARµS - SERVIOS FUNERµRIOS E CEMITERIAIS;00 - TAXAS - EMISSÇO DE ALVARµS - SERVIOS FUNERµRIOS E CEMITERIAIS;000 - TAXAS - EMISSÇO DE ALVARµS - SERVIOS FUNERµRIOS E CEMITERIAIS;000 - TAXAS - EMISSÇO DE ALVARµS - SERVIOS FUNERµRIOS E CEMITERIAIS;11 - Integral;01 - Total;000 - Total;.00;1112.47
2025;2025 | 6 | AGONCIA REG. DE SERV. PEBLICOS DE SCO PAULO | 1 - RECEITAS CORRENTES | 9 - OUTRAS RECEITAS CORRENTES | 1 - MULTAS ADMINISTRATIVAS CONTRATUAIS E JUDICIAIS | 1 - MULTAS ADMINISTRATIVAS CONTRATUAIS E JUDICIAIS | 01 - MULTAS PREVISTAS EM LEGISLACO ESPECOFICA | 0 - MULTAS PREVISTAS EM LEGISLACO ESPECOFICA | 1 - PRINCIPAL | 02 - DEMAIS MULTAS PREVISTAS EM LEGISLACO ESPECOFICA | 16 - MULTAS DE POSTURAS MUNICIPAIS - SP REGULA | 000 - MULTAS DE POSTURAS MUNICIPAIS - SP REGULA | 000 - MULTAS DE POSTURAS MUNICIPAIS - SP REGULA | 11 - INTEGRAL | 01 - TOTAL | 000 - TOTAL | 966300.00 | 220590.52;2025;6;AGÒNCIA REG. DE SERV. PéBLICOS DE SÇO PAULO;1 - RECEITAS CORRENTES;9 - OUTRAS RECEITAS CORRENTES;1 - MULTAS ADMINISTRATIVAS CONTRATUAIS E JUDICIAIS;1 - MULTAS ADMINISTRATIVAS CONTRATUAIS E JUDICIAIS;01 - MULTAS PREVISTAS EM LEGISLAÇO ESPECÖFICA;0 - MULTAS PREVISTAS EM LEGISLAÇO ESPECÖFICA;1 - Principal;02 - DEMAIS MULTAS PREVISTAS EM LEGISLAÇO ESPECÖFICA;16 - MULTAS DE POSTURAS MUNICIPAIS - SP REGULA;000 - MULTAS DE POSTURAS MUNICIPAIS - SP REGULA;000 - MULTAS DE POSTURAS MUNICIPAIS - SP REGULA;11 - Integral;01 - Total;000 - Total;966300.00;220590.52
2025;2025 | 6 | AGONCIA REG. DE SERV. PEBLICOS DE SCO PAULO | 1 - RECEITAS CORRENTES | 9 - OUTRAS RECEITAS CORRENTES | 1 - MULTAS ADMINISTRATIVAS CONTRATUAIS E JUDICIAIS | 1 - MULTAS ADMINISTRATIVAS CONTRATUAIS E JUDICIAIS | 01 - MULTAS PREVISTAS EM LEGISLACO ESPECOFICA | 0 - MULTAS PREVISTAS EM LEGISLACO ESPECOFICA | 2 - MULTA | 02 - DEMAIS MULTAS PREVISTAS EM LEGISLACO ESPECOFICA - MULTAS E JUROS | 16 - MULTAS DE POSTURAS MUNICIPAIS - SP REGULA - MULTAS E JUROS | 000 - MULTAS DE POSTURAS MUNICIPAIS - SP REGULA - MULTAS E JUROS | 000 - MULTAS DE POSTURAS MUNICIPAIS - SP REGULA - MULTAS E JUROS | 11 - INTEGRAL | 01 - TOTAL | 000 - TOTAL | 96000.00 | 325.65;2025;6;AGÒNCIA REG. DE SERV. PéBLICOS DE SÇO PAULO;1 - RECEITAS CORRENTES;9 - OUTRAS RECEITAS CORRENTES;1 - MULTAS ADMINISTRATIVAS CONTRATUAIS E JUDICIAIS;1 - MULTAS ADMINISTRATIVAS CONTRATUAIS E JUDICIAIS;01 - MULTAS PREVISTAS EM LEGISLAÇO ESPECÖFICA;0 - MULTAS PREVISTAS EM LEGISLAÇO ESPECÖFICA;2 - Multa;02 - DEMAIS MULTAS PREVISTAS EM LEGISLAÇO ESPECÖFICA - MULTAS E JUROS;16 - MULTAS DE POSTURAS MUNICIPAIS - SP REGULA - MULTAS E JUROS;000 - MULTAS DE POSTURAS MUNICIPAIS - SP REGULA - MULTAS E JUROS;000 - MULTAS DE POSTURAS MUNICIPAIS - SP REGULA - MULTAS E JUROS;11 - Integral;01 - Total;000 - Total;96000.00;325.65
2025;2025 | 6 | FUNDO MUNICIPAL DE HABITAO - COHAB | 1 - RECEITAS CORRENTES | 3 - RECEITA PATRIMONIAL | 2 - VALORES MOBILIRIOS | 1 - JUROS E CORREAES MONETRIAS | 05 - JUROS DE TOTULOS DE RENDA | 0 - JUROS DE TOTULOS DE RENDA | 1 - PRINCIPAL | 01 - FUNDOS DE INVESTIMENTOS E APLICAAES EM COTAS - RENDA FIXA | 09 - TESOURO MUNICIPAL - RECURSOS VINCULADOS | 023 - FUNDO MUNICIPAL DE HABITACO - COHAB | 001 - OUTORGA ONEROSA LEI 13.558/2003 ALTERADA PELA LEI 13.876/2004 | 11 - INTEGRAL | 01 - TOTAL | 000 - TOTAL | 360000.00 | .00;2025;6;Fundo Municipal de HabitaÆo - COHAB;1 - RECEITAS CORRENTES;3 - RECEITA PATRIMONIAL;2 - VALORES MOBILIµRIOS;1 - JUROS E CORREåES MONETµRIAS;05 - JUROS DE TÖTULOS DE RENDA;0 - JUROS DE TÖTULOS DE RENDA;1 - Principal;01 - FUNDOS DE INVESTIMENTOS E APLICAåES EM COTAS - RENDA FIXA;09 - TESOURO MUNICIPAL - RECURSOS VINCULADOS;023 - FUNDO MUNICIPAL DE HABITAÇO - COHAB;001 - OUTORGA ONEROSA LEI 13.558/2003 ALTERADA PELA LEI 13.876/2004;11 - Integral;01 - Total;000 - Total;360000.00;.00
2025;2025 | 6 | FUNDO MUNICIPAL DE HABITAO - COHAB | 2 - RECEITAS DE CAPITAL | 9 - OUTRAS RECEITAS DE CAPITAL | 9 - DEMAIS RECEITAS DE CAPITAL | 9 - DEMAIS RECEITAS DE CAPITAL | 99 - OUTRAS RECEITAS DE CAPITAL | 0 - OUTRAS RECEITAS DE CAPITAL | 1 - PRINCIPAL | 01 - DEMAIS RECEITAS DE CAPITAL - PRINCIPAL | 12 - OUTORGA ONEROSA - LEI DE ANISTIA | 000 - OUTORGA ONEROSA - LEI DE ANISTIA | 000 - OUTORGA ONEROSA - LEI DE ANISTIA | 11 - INTEGRAL | 01 - TOTAL | 000 - TOTAL | 200000.00 | .00;2025;6;Fundo Municipal de HabitaÆo - COHAB;2 - RECEITAS DE CAPITAL;9 - OUTRAS RECEITAS DE CAPITAL;9 - DEMAIS RECEITAS DE CAPITAL;9 - DEMAIS RECEITAS DE CAPITAL;99 - OUTRAS RECEITAS DE CAPITAL;0 - OUTRAS RECEITAS DE CAPITAL;1 - Principal;01 - DEMAIS RECEITAS DE CAPITAL - PRINCIPAL;12 - OUTORGA ONEROSA - LEI DE ANISTIA;000 - OUTORGA ONEROSA - LEI DE ANISTIA;000 - OUTORGA ONEROSA - LEI DE ANISTIA;11 - Integral;01 - Total;000 - Total;200000.00;.00
2025;2025 | 6 | PREFEITURA DO MUNICOPIO DE SCO PAULO | 1 - RECEITAS CORRENTES | 3 - RECEITA PATRIMONIAL | 2 - VALORES MOBILIRIOS | 1 - JUROS E CORREAES MONETRIAS | 05 - JUROS DE TOTULOS DE RENDA | 0 - JUROS DE TOTULOS DE RENDA | 1 - PRINCIPAL | 01 - FUNDOS DE INVESTIMENTOS E APLICAAES EM COTAS - RENDA FIXA | 09 - TESOURO MUNICIPAL - RECURSOS VINCULADOS | 032 - SECRETARIA MUNICIPAL DE URBANISMO E LICENCIAMENTO | 009 - OPERACO URBANA FARIA LIMA - OUTORGA HIS | 11 - INTEGRAL | 01 - TOTAL | 000 - TOTAL | 3960000.00 | 521131.48;2025;6;PREFEITURA DO MUNICÖPIO DE SÇO PAULO;1 - RECEITAS CORRENTES;3 - RECEITA PATRIMONIAL;2 - VALORES MOBILIµRIOS;1 - JUROS E CORREåES MONETµRIAS;05 - JUROS DE TÖTULOS DE RENDA;0 - JUROS DE TÖTULOS DE RENDA;1 - Principal;01 - FUNDOS DE INVESTIMENTOS E APLICAåES EM COTAS - RENDA FIXA;09 - TESOURO MUNICIPAL - RECURSOS VINCULADOS;032 - SECRETARIA MUNICIPAL DE URBANISMO E LICENCIAMENTO;009 - OPERAÇO URBANA FARIA LIMA - OUTORGA HIS;11 - Integral;01 - Total;000 - Total;3960000.00;521131.48
2025;2025 | 6 | PREFEITURA DO MUNICOPIO DE SCO PAULO | 1 - RECEITAS CORRENTES | 3 - RECEITA PATRIMONIAL | 2 - VALORES MOBILIRIOS | 1 - JUROS E CORREAES MONETRIAS | 05 - JUROS DE TOTULOS DE RENDA | 0 - JUROS DE TOTULOS DE RENDA | 1 - PRINCIPAL | 01 - FUNDOS DE INVESTIMENTOS E APLICAAES EM COTAS - RENDA FIXA | 09 - TESOURO MUNICIPAL - RECURSOS VINCULADOS | 032 - SECRETARIA MUNICIPAL DE URBANISMO E LICENCIAMENTO | 011 - OPERACO URBANA FARIA LIMA - OUTORGA | 11 - INTEGRAL | 01 - TOTAL | 000 - TOTAL | 10800000.00 | 1030242.38;2025;6;PREFEITURA DO MUNICÖPIO DE SÇO PAULO;1 - RECEITAS CORRENTES;3 - RECEITA PATRIMONIAL;2 - VALORES MOBILIµRIOS;1 - JUROS E CORREåES MONETµRIAS;05 - JUROS DE TÖTULOS DE RENDA;0 - JUROS DE TÖTULOS DE RENDA;1 - Principal;01 - FUNDOS DE INVESTIMENTOS E APLICAåES EM COTAS - RENDA FIXA;09 - TESOURO MUNICIPAL - RECURSOS VINCULADOS;032 - SECRETARIA MUNICIPAL DE URBANISMO E LICENCIAMENTO;011 - OPERAÇO URBANA FARIA LIMA - OUTORGA;11 - Integral;01 - Total;000 - Total;10800000.00;1030242.38
2025;2025 | 6 | PREFEITURA DO MUNICOPIO DE SCO PAULO | 1 - RECEITAS CORRENTES | 3 - RECEITA PATRIMONIAL | 2 - VALORES MOBILIRIOS | 1 - JUROS E CORREAES MONETRIAS | 05 - JUROS DE TOTULOS DE RENDA | 0 - JUROS DE TOTULOS DE RENDA | 1 - PRINCIPAL | 01 - FUNDOS DE INVESTIMENTOS E APLICAAES EM COTAS - RENDA FIXA | 09 - TESOURO MUNICIPAL - RECURSOS VINCULADOS | 032 - SECRETARIA MUNICIPAL DE URBANISMO E LICENCIAMENTO | 013 - FUNDO ESPECIAL OPERACO URBANA GUA BRANCA - FEAB - OUTORGA | 11 - INTEGRAL | 01 - TOTAL | 000 - TOTAL | 84000000.00 | 11227569.97;2025;6;PREFEITURA DO MUNICÖPIO DE SÇO PAULO;1 - RECEITAS CORRENTES;3 - RECEITA PATRIMONIAL;2 - VALORES MOBILIµRIOS;1 - JUROS E CORREåES MONETµRIAS;05 - JUROS DE TÖTULOS DE RENDA;0 - JUROS DE TÖTULOS DE RENDA;1 - Principal;01 - FUNDOS DE INVESTIMENTOS E APLICAåES EM COTAS - RENDA FIXA;09 - TESOURO MUNICIPAL - RECURSOS VINCULADOS;032 - SECRETARIA MUNICIPAL DE URBANISMO E LICENCIAMENTO;013 - FUNDO ESPECIAL OPERAÇO URBANA µGUA BRANCA - FEAB - OUTORGA;11 - Integral;01 - Total;000 - Total;84000000.00;11227569.97
2025;2025 | 6 | PREFEITURA DO MUNICOPIO DE SCO PAULO | 1 - RECEITAS CORRENTES | 3 - RECEITA PATRIMONIAL | 2 - VALORES MOBILIRIOS | 1 - JUROS E CORREAES MONETRIAS | 05 - JUROS DE TOTULOS DE RENDA | 0 - JUROS DE TOTULOS DE RENDA | 1 - PRINCIPAL | 01 - FUNDOS DE INVESTIMENTOS E APLICAAES EM COTAS - RENDA FIXA | 09 - TESOURO MUNICIPAL - RECURSOS VINCULADOS | 032 - SECRETARIA MUNICIPAL DE URBANISMO E LICENCIAMENTO | 014 - FUNDO ESPECIAL OPERACO URBANA GUA BRANCA - FEAB - OUTORGA - HIS | 11 - INTEGRAL | 01 - TOTAL | 000 - TOTAL | 30000.00 | 4025.15;2025;6;PREFEITURA DO MUNICÖPIO DE SÇO PAULO;1 - RECEITAS CORRENTES;3 - RECEITA PATRIMONIAL;2 - VALORES MOBILIµRIOS;1 - JUROS E CORREåES MONETµRIAS;05 - JUROS DE TÖTULOS DE RENDA;0 - JUROS DE TÖTULOS DE RENDA;1 - Principal;01 - FUNDOS DE INVESTIMENTOS E APLICAåES EM COTAS - RENDA FIXA;09 - TESOURO MUNICIPAL - RECURSOS VINCULADOS;032 - SECRETARIA MUNICIPAL DE URBANISMO E LICENCIAMENTO;014 - FUNDO ESPECIAL OPERAÇO URBANA µGUA BRANCA - FEAB - OUTORGA - HIS;11 - Integral;01 - Total;000 - Total;30000.00;4025.15
2025;2025 | 6 | PREFEITURA DO MUNICOPIO DE SCO PAULO | 1 - RECEITAS CORRENTES | 3 - RECEITA PATRIMONIAL | 3 - DELEGACO DE SERVIOS PEBLICOS MEDIANTE CONCESSCO PERMISSCO AUTORIZACO OU LICENA | 9 - DEMAIS DELEGAAES DE SERVIOS PEBLICOS | 99 - OUTRAS DELEGAAES DE SERVIOS PEBLICOS | 0 - OUTRAS DELEGAAES DE SERVIOS PEBLICOS | 1 - PRINCIPAL | 01 - OUTORGAS PROVENIENTES DE CONCESSAES - FMD | 00 - OUTORGAS PROVENIENTES DE CONCESSAES - FMD | 000 - OUTORGAS PROVENIENTES DE CONCESSAES - FMD | 000 - OUTORGAS PROVENIENTES DE CONCESSAES - FMD | 11 - INTEGRAL | 01 - TOTAL | 000 - TOTAL | 106060339.00 | 8677919.01;2025;6;PREFEITURA DO MUNICÖPIO DE SÇO PAULO;1 - RECEITAS CORRENTES;3 - RECEITA PATRIMONIAL;3 - DELEGAÇO DE SERVIOS PéBLICOS MEDIANTE CONCESSÇO PERMISSÇO AUTORIZAÇO OU LICENA;9 - DEMAIS DELEGAåES DE SERVIOS PéBLICOS;99 - OUTRAS DELEGAåES DE SERVIOS PéBLICOS;0 - OUTRAS DELEGAåES DE SERVIOS PéBLICOS;1 - Principal;01 - OUTORGAS PROVENIENTES DE CONCESSåES - FMD;00 - OUTORGAS PROVENIENTES DE CONCESSåES - FMD;000 - OUTORGAS PROVENIENTES DE CONCESSåES - FMD;000 - OUTORGAS PROVENIENTES DE CONCESSåES - FMD;11 - Integral;01 - Total;000 - Total;106060339.00;8677919.01
2025;2025 | 6 | PREFEITURA DO MUNICOPIO DE SCO PAULO | 1 - RECEITAS CORRENTES | 9 - OUTRAS RECEITAS CORRENTES | 2 - INDENIZAAES RESTITUIAES E RESSARCIMENTOS | 3 - RESSARCIMENTOS | 99 - OUTROS RESSARCIMENTOS | 0 - OUTROS RESSARCIMENTOS | 1 - PRINCIPAL | 12 - OUTROS RESSARCIMENTOSY- OUCFL - OUTORGA | 00 - OUTROS RESSARCIMENTOSY- OUCFL - OUTORGA | 000 - OUTROS RESSARCIMENTOSY- OUCFL - OUTORGA | 000 - OUTROS RESSARCIMENTOSY- OUCFL - OUTORGA | 11 - INTEGRAL | 01 - TOTAL | 000 - TOTAL | 50874.00 | .00;2025;6;PREFEITURA DO MUNICÖPIO DE SÇO PAULO;1 - RECEITAS CORRENTES;9 - OUTRAS RECEITAS CORRENTES;2 - INDENIZAåES RESTITUIåES E RESSARCIMENTOS;3 - RESSARCIMENTOS;99 - OUTROS RESSARCIMENTOS;0 - OUTROS RESSARCIMENTOS;1 - Principal;12 - OUTROS RESSARCIMENTOSÿ- OUCFL - Outorga;00 - OUTROS RESSARCIMENTOSÿ- OUCFL - Outorga;000 - OUTROS RESSARCIMENTOSÿ- OUCFL - Outorga;000 - OUTROS RESSARCIMENTOSÿ- OUCFL - Outorga;11 - Integral;01 - Total;000 - Total;50874.00;.00
2025;2025 | 6 | PREFEITURA DO MUNICOPIO DE SCO PAULO | 1 - RECEITAS CORRENTES | 9 - OUTRAS RECEITAS CORRENTES | 4 - MULTAS E JUROS DE MORA DAS RECEITAS DE CAPITAL | 9 - MULTAS E JUROS DE MORA DE OUTRAS RECEITAS DE CAPITAL | 99 - MULTAS E JUROS DE OUTRAS RECEITAS DE CAPITAL | 0 - MULTAS E JUROS DE OUTRAS RECEITAS DE CAPITAL | 2 - MULTA | 76 - OUTORGA ONEROSA - PLANO DIRETOR - DIREITO DE CONSTRUIR - FUNDURB - MULTAS E JUROS | 00 - OUTORGA ONEROSA - PLANO DIRETOR - DIREITO DE CONSTRUIR - FUNDURB - MULTAS E JUROS | 000 - OUTORGA ONEROSA - PLANO DIRETOR - DIREITO DE CONSTRUIR - FUNDURB - MULTAS E JUROS | 000 - OUTORGA ONEROSA - PLANO DIRETOR - DIREITO DE CONSTRUIR - FUNDURB - MULTAS E JUROS | 11 - INTEGRAL | 01 - TOTAL | 000 - TOTAL | 84881.00 | .00;2025;6;PREFEITURA DO MUNICÖPIO DE SÇO PAULO;1 - RECEITAS CORRENTES;9 - OUTRAS RECEITAS CORRENTES;4 - MULTAS E JUROS DE MORA DAS RECEITAS DE CAPITAL;9 - MULTAS E JUROS DE MORA DE OUTRAS RECEITAS DE CAPITAL;99 - MULTAS E JUROS DE OUTRAS RECEITAS DE CAPITAL;0 - MULTAS E JUROS DE OUTRAS RECEITAS DE CAPITAL;2 - Multa;76 - OUTORGA ONEROSA - PLANO DIRETOR - DIREITO DE CONSTRUIR - FUNDURB - MULTAS E JUROS;00 - OUTORGA ONEROSA - PLANO DIRETOR - DIREITO DE CONSTRUIR - FUNDURB - MULTAS E JUROS;000 - OUTORGA ONEROSA - PLANO DIRETOR - DIREITO DE CONSTRUIR - FUNDURB - MULTAS E JUROS;000 - OUTORGA ONEROSA - PLANO DIRETOR - DIREITO DE CONSTRUIR - FUNDURB - MULTAS E JUROS;11 - Integral;01 - Total;000 - Total;84881.00;.00
2025;2025 | 6 | PREFEITURA DO MUNICOPIO DE SCO PAULO | 2 - RECEITAS DE CAPITAL | 9 - OUTRAS RECEITAS DE CAPITAL | 9 - DEMAIS RECEITAS DE CAPITAL | 9 - DEMAIS RECEITAS DE CAPITAL | 99 - OUTRAS RECEITAS DE CAPITAL | 0 - OUTRAS RECEITAS DE CAPITAL | 1 - PRINCIPAL | 01 - DEMAIS RECEITAS DE CAPITAL - PRINCIPAL | 09 - OUTORGA ONEROSA COTA SOLIDARIEDADE - FUNDURB | 000 - OUTORGA ONEROSA COTA SOLIDARIEDADE - FUNDURB | 000 - OUTORGA ONEROSA COTA SOLIDARIEDADE - FUNDURB | 11 - INTEGRAL | 01 - TOTAL | 000 - TOTAL | 50491073.00 | 21687731.58;2025;6;PREFEITURA DO MUNICÖPIO DE SÇO PAULO;2 - RECEITAS DE CAPITAL;9 - OUTRAS RECEITAS DE CAPITAL;9 - DEMAIS RECEITAS DE CAPITAL;9 - DEMAIS RECEITAS DE CAPITAL;99 - OUTRAS RECEITAS DE CAPITAL;0 - OUTRAS RECEITAS DE CAPITAL;1 - Principal;01 - DEMAIS RECEITAS DE CAPITAL - PRINCIPAL;09 - OUTORGA ONEROSA COTA SOLIDARIEDADE - FUNDURB;000 - OUTORGA ONEROSA COTA SOLIDARIEDADE - FUNDURB;000 - OUTORGA ONEROSA COTA SOLIDARIEDADE - FUNDURB;11 - Integral;01 - Total;000 - Total;50491073.00;21687731.58
2025;2025 | 6 | PREFEITURA DO MUNICOPIO DE SCO PAULO | 2 - RECEITAS DE CAPITAL | 9 - OUTRAS RECEITAS DE CAPITAL | 9 - DEMAIS RECEITAS DE CAPITAL | 9 - DEMAIS RECEITAS DE CAPITAL | 99 - OUTRAS RECEITAS DE CAPITAL | 0 - OUTRAS RECEITAS DE CAPITAL | 1 - PRINCIPAL | 01 - DEMAIS RECEITAS DE CAPITAL - PRINCIPAL | 11 - OUTORGA ONEROSA - PLANO DIRETOR - DIREITO DE CONSTRUIR - FUNDURB | 000 - OUTORGA ONEROSA - PLANO DIRETOR - DIREITO DE CONSTRUIR - FUNDURB | 000 - OUTORGA ONEROSA - PLANO DIRETOR - DIREITO DE CONSTRUIR - FUNDURB | 11 - INTEGRAL | 01 - TOTAL | 000 - TOTAL | 931382643.00 | 164481058.05;2025;6;PREFEITURA DO MUNICÖPIO DE SÇO PAULO;2 - RECEITAS DE CAPITAL;9 - OUTRAS RECEITAS DE CAPITAL;9 - DEMAIS RECEITAS DE CAPITAL;9 - DEMAIS RECEITAS DE CAPITAL;99 - OUTRAS RECEITAS DE CAPITAL;0 - OUTRAS RECEITAS DE CAPITAL;1 - Principal;01 - DEMAIS RECEITAS DE CAPITAL - PRINCIPAL;11 - OUTORGA ONEROSA - PLANO DIRETOR - DIREITO DE CONSTRUIR - FUNDURB;000 - OUTORGA ONEROSA - PLANO DIRETOR - DIREITO DE CONSTRUIR - FUNDURB;000 - OUTORGA ONEROSA - PLANO DIRETOR - DIREITO DE CONSTRUIR - FUNDURB;11 - Integral;01 - Total;000 - Total;931382643.00;164481058.05
2025;2025 | 6 | PREFEITURA DO MUNICOPIO DE SCO PAULO | 2 - RECEITAS DE CAPITAL | 9 - OUTRAS RECEITAS DE CAPITAL | 9 - DEMAIS RECEITAS DE CAPITAL | 9 - DEMAIS RECEITAS DE CAPITAL | 99 - OUTRAS RECEITAS DE CAPITAL | 0 - OUTRAS RECEITAS DE CAPITAL | 1 - PRINCIPAL | 01 - DEMAIS RECEITAS DE CAPITAL - PRINCIPAL | 11 - OUTORGA ONEROSA - PLANO DIRETOR - DIREITO DE CONSTRUIR - FUNDURB | 000 - OUTORGA ONEROSA - PLANO DIRETOR - DIREITO DE CONSTRUIR - FUNDURB | 000 - OUTORGA ONEROSA - PLANO DIRETOR - DIREITO DE CONSTRUIR - FUNDURB | 11 - INTEGRAL | 09 - DEDUTORA | 001 - DEDUAES OUTORGA ONEROSA - PLANO DIRETOR - DIREITO DE CONSTRUIR - FUNDURB | .00 | .00;2025;6;PREFEITURA DO MUNICÖPIO DE SÇO PAULO;2 - RECEITAS DE CAPITAL;9 - OUTRAS RECEITAS DE CAPITAL;9 - DEMAIS RECEITAS DE CAPITAL;9 - DEMAIS RECEITAS DE CAPITAL;99 - OUTRAS RECEITAS DE CAPITAL;0 - OUTRAS RECEITAS DE CAPITAL;1 - Principal;01 - DEMAIS RECEITAS DE CAPITAL - PRINCIPAL;11 - OUTORGA ONEROSA - PLANO DIRETOR - DIREITO DE CONSTRUIR - FUNDURB;000 - OUTORGA ONEROSA - PLANO DIRETOR - DIREITO DE CONSTRUIR - FUNDURB;000 - OUTORGA ONEROSA - PLANO DIRETOR - DIREITO DE CONSTRUIR - FUNDURB;11 - Integral;09 - Dedutora;001 - Deduäes Outorga Onerosa - Plano Diretor - Direito de Construir - FUNDURB;.00;.00
2025;2025 | 7 | AGONCIA REG. DE SERV. PEBLICOS DE SCO PAULO | 1 - RECEITAS CORRENTES | 1 - IMPOSTOS TAXAS E CONTRIBUIAES DE MELHORIA | 2 - TAXAS | 1 - TAXAS PELO EXERCOCIO DO PODER DE POLOCIA | 01 - TAXAS DE INSPECO CONTROLE E FISCALIZACO | 0 - TAXAS DE INSPECO CONTROLE E FISCALIZACO | 1 - PRINCIPAL | 13 - TAXAS - EMISSCO DE ALVARS - SERVIOS FUNERRIOS E CEMITERIAIS | 00 - TAXAS - EMISSCO DE ALVARS - SERVIOS FUNERRIOS E CEMITERIAIS | 000 - TAXAS - EMISSCO DE ALVARS - SERVIOS FUNERRIOS E CEMITERIAIS | 000 - TAXAS - EMISSCO DE ALVARS - SERVIOS FUNERRIOS E CEMITERIAIS | 11 - INTEGRAL | 01 - TOTAL | 000 - TOTAL | .00 | .00;2025;7;AGÒNCIA REG. DE SERV. PéBLICOS DE SÇO PAULO;1 - RECEITAS CORRENTES;1 - IMPOSTOS TAXAS E CONTRIBUIåES DE MELHORIA;2 - TAXAS;1 - TAXAS PELO EXERCÖCIO DO PODER DE POLÖCIA;01 - TAXAS DE INSPEÇO CONTROLE E FISCALIZAÇO;0 - TAXAS DE INSPEÇO CONTROLE E FISCALIZAÇO;1 - Principal;13 - TAXAS - EMISSÇO DE ALVARµS - SERVIOS FUNERµRIOS E CEMITERIAIS;00 - TAXAS - EMISSÇO DE ALVARµS - SERVIOS FUNERµRIOS E CEMITERIAIS;000 - TAXAS - EMISSÇO DE ALVARµS - SERVIOS FUNERµRIOS E CEMITERIAIS;000 - TAXAS - EMISSÇO DE ALVARµS - SERVIOS FUNERµRIOS E CEMITERIAIS;11 - Integral;01 - Total;000 - Total;.00;.00
2025;2025 | 7 | AGONCIA REG. DE SERV. PEBLICOS DE SCO PAULO | 1 - RECEITAS CORRENTES | 9 - OUTRAS RECEITAS CORRENTES | 1 - MULTAS ADMINISTRATIVAS CONTRATUAIS E JUDICIAIS | 1 - MULTAS ADMINISTRATIVAS CONTRATUAIS E JUDICIAIS | 01 - MULTAS PREVISTAS EM LEGISLACO ESPECOFICA | 0 - MULTAS PREVISTAS EM LEGISLACO ESPECOFICA | 1 - PRINCIPAL | 02 - DEMAIS MULTAS PREVISTAS EM LEGISLACO ESPECOFICA | 16 - MULTAS DE POSTURAS MUNICIPAIS - SP REGULA | 000 - MULTAS DE POSTURAS MUNICIPAIS - SP REGULA | 000 - MULTAS DE POSTURAS MUNICIPAIS - SP REGULA | 11 - INTEGRAL | 01 - TOTAL | 000 - TOTAL | 966300.00 | 274872.99;2025;7;AGÒNCIA REG. DE SERV. PéBLICOS DE SÇO PAULO;1 - RECEITAS CORRENTES;9 - OUTRAS RECEITAS CORRENTES;1 - MULTAS ADMINISTRATIVAS CONTRATUAIS E JUDICIAIS;1 - MULTAS ADMINISTRATIVAS CONTRATUAIS E JUDICIAIS;01 - MULTAS PREVISTAS EM LEGISLAÇO ESPECÖFICA;0 - MULTAS PREVISTAS EM LEGISLAÇO ESPECÖFICA;1 - Principal;02 - DEMAIS MULTAS PREVISTAS EM LEGISLAÇO ESPECÖFICA;16 - MULTAS DE POSTURAS MUNICIPAIS - SP REGULA;000 - MULTAS DE POSTURAS MUNICIPAIS - SP REGULA;000 - MULTAS DE POSTURAS MUNICIPAIS - SP REGULA;11 - Integral;01 - Total;000 - Total;966300.00;274872.99
2025;2025 | 7 | AGONCIA REG. DE SERV. PEBLICOS DE SCO PAULO | 1 - RECEITAS CORRENTES | 9 - OUTRAS RECEITAS CORRENTES | 1 - MULTAS ADMINISTRATIVAS CONTRATUAIS E JUDICIAIS | 1 - MULTAS ADMINISTRATIVAS CONTRATUAIS E JUDICIAIS | 01 - MULTAS PREVISTAS EM LEGISLACO ESPECOFICA | 0 - MULTAS PREVISTAS EM LEGISLACO ESPECOFICA | 2 - MULTA | 02 - DEMAIS MULTAS PREVISTAS EM LEGISLACO ESPECOFICA - MULTAS E JUROS | 16 - MULTAS DE POSTURAS MUNICIPAIS - SP REGULA - MULTAS E JUROS | 000 - MULTAS DE POSTURAS MUNICIPAIS - SP REGULA - MULTAS E JUROS | 000 - MULTAS DE POSTURAS MUNICIPAIS - SP REGULA - MULTAS E JUROS | 11 - INTEGRAL | 01 - TOTAL | 000 - TOTAL | 96000.00 | 1603.16;2025;7;AGÒNCIA REG. DE SERV. PéBLICOS DE SÇO PAULO;1 - RECEITAS CORRENTES;9 - OUTRAS RECEITAS CORRENTES;1 - MULTAS ADMINISTRATIVAS CONTRATUAIS E JUDICIAIS;1 - MULTAS ADMINISTRATIVAS CONTRATUAIS E JUDICIAIS;01 - MULTAS PREVISTAS EM LEGISLAÇO ESPECÖFICA;0 - MULTAS PREVISTAS EM LEGISLAÇO ESPECÖFICA;2 - Multa;02 - DEMAIS MULTAS PREVISTAS EM LEGISLAÇO ESPECÖFICA - MULTAS E JUROS;16 - MULTAS DE POSTURAS MUNICIPAIS - SP REGULA - MULTAS E JUROS;000 - MULTAS DE POSTURAS MUNICIPAIS - SP REGULA - MULTAS E JUROS;000 - MULTAS DE POSTURAS MUNICIPAIS - SP REGULA - MULTAS E JUROS;11 - Integral;01 - Total;000 - Total;96000.00;1603.16
2025;2025 | 7 | FUNDO MUNICIPAL DE HABITAO - COHAB | 1 - RECEITAS CORRENTES | 3 - RECEITA PATRIMONIAL | 2 - VALORES MOBILIRIOS | 1 - JUROS E CORREAES MONETRIAS | 05 - JUROS DE TOTULOS DE RENDA | 0 - JUROS DE TOTULOS DE RENDA | 1 - PRINCIPAL | 01 - FUNDOS DE INVESTIMENTOS E APLICAAES EM COTAS - RENDA FIXA | 09 - TESOURO MUNICIPAL - RECURSOS VINCULADOS | 023 - FUNDO MUNICIPAL DE HABITACO - COHAB | 001 - OUTORGA ONEROSA LEI 13.558/2003 ALTERADA PELA LEI 13.876/2004 | 11 - INTEGRAL | 01 - TOTAL | 000 - TOTAL | 360000.00 | .00;2025;7;Fundo Municipal de HabitaÆo - COHAB;1 - RECEITAS CORRENTES;3 - RECEITA PATRIMONIAL;2 - VALORES MOBILIµRIOS;1 - JUROS E CORREåES MONETµRIAS;05 - JUROS DE TÖTULOS DE RENDA;0 - JUROS DE TÖTULOS DE RENDA;1 - Principal;01 - FUNDOS DE INVESTIMENTOS E APLICAåES EM COTAS - RENDA FIXA;09 - TESOURO MUNICIPAL - RECURSOS VINCULADOS;023 - FUNDO MUNICIPAL DE HABITAÇO - COHAB;001 - OUTORGA ONEROSA LEI 13.558/2003 ALTERADA PELA LEI 13.876/2004;11 - Integral;01 - Total;000 - Total;360000.00;.00
2025;2025 | 7 | FUNDO MUNICIPAL DE HABITAO - COHAB | 2 - RECEITAS DE CAPITAL | 9 - OUTRAS RECEITAS DE CAPITAL | 9 - DEMAIS RECEITAS DE CAPITAL | 9 - DEMAIS RECEITAS DE CAPITAL | 99 - OUTRAS RECEITAS DE CAPITAL | 0 - OUTRAS RECEITAS DE CAPITAL | 1 - PRINCIPAL | 01 - DEMAIS RECEITAS DE CAPITAL - PRINCIPAL | 12 - OUTORGA ONEROSA - LEI DE ANISTIA | 000 - OUTORGA ONEROSA - LEI DE ANISTIA | 000 - OUTORGA ONEROSA - LEI DE ANISTIA | 11 - INTEGRAL | 01 - TOTAL | 000 - TOTAL | 200000.00 | .00;2025;7;Fundo Municipal de HabitaÆo - COHAB;2 - RECEITAS DE CAPITAL;9 - OUTRAS RECEITAS DE CAPITAL;9 - DEMAIS RECEITAS DE CAPITAL;9 - DEMAIS RECEITAS DE CAPITAL;99 - OUTRAS RECEITAS DE CAPITAL;0 - OUTRAS RECEITAS DE CAPITAL;1 - Principal;01 - DEMAIS RECEITAS DE CAPITAL - PRINCIPAL;12 - OUTORGA ONEROSA - LEI DE ANISTIA;000 - OUTORGA ONEROSA - LEI DE ANISTIA;000 - OUTORGA ONEROSA - LEI DE ANISTIA;11 - Integral;01 - Total;000 - Total;200000.00;.00
2025;2025 | 7 | PREFEITURA DO MUNICOPIO DE SCO PAULO | 1 - RECEITAS CORRENTES | 3 - RECEITA PATRIMONIAL | 2 - VALORES MOBILIRIOS | 1 - JUROS E CORREAES MONETRIAS | 05 - JUROS DE TOTULOS DE RENDA | 0 - JUROS DE TOTULOS DE RENDA | 1 - PRINCIPAL | 01 - FUNDOS DE INVESTIMENTOS E APLICAAES EM COTAS - RENDA FIXA | 09 - TESOURO MUNICIPAL - RECURSOS VINCULADOS | 032 - SECRETARIA MUNICIPAL DE URBANISMO E LICENCIAMENTO | 009 - OPERACO URBANA FARIA LIMA - OUTORGA HIS | 11 - INTEGRAL | 01 - TOTAL | 000 - TOTAL | 3960000.00 | 617139.61;2025;7;PREFEITURA DO MUNICÖPIO DE SÇO PAULO;1 - RECEITAS CORRENTES;3 - RECEITA PATRIMONIAL;2 - VALORES MOBILIµRIOS;1 - JUROS E CORREåES MONETµRIAS;05 - JUROS DE TÖTULOS DE RENDA;0 - JUROS DE TÖTULOS DE RENDA;1 - Principal;01 - FUNDOS DE INVESTIMENTOS E APLICAåES EM COTAS - RENDA FIXA;09 - TESOURO MUNICIPAL - RECURSOS VINCULADOS;032 - SECRETARIA MUNICIPAL DE URBANISMO E LICENCIAMENTO;009 - OPERAÇO URBANA FARIA LIMA - OUTORGA HIS;11 - Integral;01 - Total;000 - Total;3960000.00;617139.61
2025;2025 | 7 | PREFEITURA DO MUNICOPIO DE SCO PAULO | 1 - RECEITAS CORRENTES | 3 - RECEITA PATRIMONIAL | 2 - VALORES MOBILIRIOS | 1 - JUROS E CORREAES MONETRIAS | 05 - JUROS DE TOTULOS DE RENDA | 0 - JUROS DE TOTULOS DE RENDA | 1 - PRINCIPAL | 01 - FUNDOS DE INVESTIMENTOS E APLICAAES EM COTAS - RENDA FIXA | 09 - TESOURO MUNICIPAL - RECURSOS VINCULADOS | 032 - SECRETARIA MUNICIPAL DE URBANISMO E LICENCIAMENTO | 011 - OPERACO URBANA FARIA LIMA - OUTORGA | 11 - INTEGRAL | 01 - TOTAL | 000 - TOTAL | 10800000.00 | 1219157.10;2025;7;PREFEITURA DO MUNICÖPIO DE SÇO PAULO;1 - RECEITAS CORRENTES;3 - RECEITA PATRIMONIAL;2 - VALORES MOBILIµRIOS;1 - JUROS E CORREåES MONETµRIAS;05 - JUROS DE TÖTULOS DE RENDA;0 - JUROS DE TÖTULOS DE RENDA;1 - Principal;01 - FUNDOS DE INVESTIMENTOS E APLICAåES EM COTAS - RENDA FIXA;09 - TESOURO MUNICIPAL - RECURSOS VINCULADOS;032 - SECRETARIA MUNICIPAL DE URBANISMO E LICENCIAMENTO;011 - OPERAÇO URBANA FARIA LIMA - OUTORGA;11 - Integral;01 - Total;000 - Total;10800000.00;1219157.10
2025;2025 | 7 | PREFEITURA DO MUNICOPIO DE SCO PAULO | 1 - RECEITAS CORRENTES | 3 - RECEITA PATRIMONIAL | 2 - VALORES MOBILIRIOS | 1 - JUROS E CORREAES MONETRIAS | 05 - JUROS DE TOTULOS DE RENDA | 0 - JUROS DE TOTULOS DE RENDA | 1 - PRINCIPAL | 01 - FUNDOS DE INVESTIMENTOS E APLICAAES EM COTAS - RENDA FIXA | 09 - TESOURO MUNICIPAL - RECURSOS VINCULADOS | 032 - SECRETARIA MUNICIPAL DE URBANISMO E LICENCIAMENTO | 013 - FUNDO ESPECIAL OPERACO URBANA GUA BRANCA - FEAB - OUTORGA | 11 - INTEGRAL | 01 - TOTAL | 000 - TOTAL | 84000000.00 | 13295946.09;2025;7;PREFEITURA DO MUNICÖPIO DE SÇO PAULO;1 - RECEITAS CORRENTES;3 - RECEITA PATRIMONIAL;2 - VALORES MOBILIµRIOS;1 - JUROS E CORREåES MONETµRIAS;05 - JUROS DE TÖTULOS DE RENDA;0 - JUROS DE TÖTULOS DE RENDA;1 - Principal;01 - FUNDOS DE INVESTIMENTOS E APLICAåES EM COTAS - RENDA FIXA;09 - TESOURO MUNICIPAL - RECURSOS VINCULADOS;032 - SECRETARIA MUNICIPAL DE URBANISMO E LICENCIAMENTO;013 - FUNDO ESPECIAL OPERAÇO URBANA µGUA BRANCA - FEAB - OUTORGA;11 - Integral;01 - Total;000 - Total;84000000.00;13295946.09
2025;2025 | 7 | PREFEITURA DO MUNICOPIO DE SCO PAULO | 1 - RECEITAS CORRENTES | 3 - RECEITA PATRIMONIAL | 2 - VALORES MOBILIRIOS | 1 - JUROS E CORREAES MONETRIAS | 05 - JUROS DE TOTULOS DE RENDA | 0 - JUROS DE TOTULOS DE RENDA | 1 - PRINCIPAL | 01 - FUNDOS DE INVESTIMENTOS E APLICAAES EM COTAS - RENDA FIXA | 09 - TESOURO MUNICIPAL - RECURSOS VINCULADOS | 032 - SECRETARIA MUNICIPAL DE URBANISMO E LICENCIAMENTO | 014 - FUNDO ESPECIAL OPERACO URBANA GUA BRANCA - FEAB - OUTORGA - HIS | 11 - INTEGRAL | 01 - TOTAL | 000 - TOTAL | 30000.00 | 4766.70;2025;7;PREFEITURA DO MUNICÖPIO DE SÇO PAULO;1 - RECEITAS CORRENTES;3 - RECEITA PATRIMONIAL;2 - VALORES MOBILIµRIOS;1 - JUROS E CORREåES MONETµRIAS;05 - JUROS DE TÖTULOS DE RENDA;0 - JUROS DE TÖTULOS DE RENDA;1 - Principal;01 - FUNDOS DE INVESTIMENTOS E APLICAåES EM COTAS - RENDA FIXA;09 - TESOURO MUNICIPAL - RECURSOS VINCULADOS;032 - SECRETARIA MUNICIPAL DE URBANISMO E LICENCIAMENTO;014 - FUNDO ESPECIAL OPERAÇO URBANA µGUA BRANCA - FEAB - OUTORGA - HIS;11 - Integral;01 - Total;000 - Total;30000.00;4766.70
2025;2025 | 7 | PREFEITURA DO MUNICOPIO DE SCO PAULO | 1 - RECEITAS CORRENTES | 3 - RECEITA PATRIMONIAL | 3 - DELEGACO DE SERVIOS PEBLICOS MEDIANTE CONCESSCO PERMISSCO AUTORIZACO OU LICENA | 9 - DEMAIS DELEGAAES DE SERVIOS PEBLICOS | 99 - OUTRAS DELEGAAES DE SERVIOS PEBLICOS | 0 - OUTRAS DELEGAAES DE SERVIOS PEBLICOS | 1 - PRINCIPAL | 01 - OUTORGAS PROVENIENTES DE CONCESSAES - FMD | 00 - OUTORGAS PROVENIENTES DE CONCESSAES - FMD | 000 - OUTORGAS PROVENIENTES DE CONCESSAES - FMD | 000 - OUTORGAS PROVENIENTES DE CONCESSAES - FMD | 11 - INTEGRAL | 01 - TOTAL | 000 - TOTAL | 106060339.00 | 10155723.56;2025;7;PREFEITURA DO MUNICÖPIO DE SÇO PAULO;1 - RECEITAS CORRENTES;3 - RECEITA PATRIMONIAL;3 - DELEGAÇO DE SERVIOS PéBLICOS MEDIANTE CONCESSÇO PERMISSÇO AUTORIZAÇO OU LICENA;9 - DEMAIS DELEGAåES DE SERVIOS PéBLICOS;99 - OUTRAS DELEGAåES DE SERVIOS PéBLICOS;0 - OUTRAS DELEGAåES DE SERVIOS PéBLICOS;1 - Principal;01 - OUTORGAS PROVENIENTES DE CONCESSåES - FMD;00 - OUTORGAS PROVENIENTES DE CONCESSåES - FMD;000 - OUTORGAS PROVENIENTES DE CONCESSåES - FMD;000 - OUTORGAS PROVENIENTES DE CONCESSåES - FMD;11 - Integral;01 - Total;000 - Total;106060339.00;10155723.56
2025;2025 | 7 | PREFEITURA DO MUNICOPIO DE SCO PAULO | 1 - RECEITAS CORRENTES | 9 - OUTRAS RECEITAS CORRENTES | 2 - INDENIZAAES RESTITUIAES E RESSARCIMENTOS | 3 - RESSARCIMENTOS | 99 - OUTROS RESSARCIMENTOS | 0 - OUTROS RESSARCIMENTOS | 1 - PRINCIPAL | 12 - OUTROS RESSARCIMENTOSY- OUCFL - OUTORGA | 00 - OUTROS RESSARCIMENTOSY- OUCFL - OUTORGA | 000 - OUTROS RESSARCIMENTOSY- OUCFL - OUTORGA | 000 - OUTROS RESSARCIMENTOSY- OUCFL - OUTORGA | 11 - INTEGRAL | 01 - TOTAL | 000 - TOTAL | 50874.00 | .00;2025;7;PREFEITURA DO MUNICÖPIO DE SÇO PAULO;1 - RECEITAS CORRENTES;9 - OUTRAS RECEITAS CORRENTES;2 - INDENIZAåES RESTITUIåES E RESSARCIMENTOS;3 - RESSARCIMENTOS;99 - OUTROS RESSARCIMENTOS;0 - OUTROS RESSARCIMENTOS;1 - Principal;12 - OUTROS RESSARCIMENTOSÿ- OUCFL - Outorga;00 - OUTROS RESSARCIMENTOSÿ- OUCFL - Outorga;000 - OUTROS RESSARCIMENTOSÿ- OUCFL - Outorga;000 - OUTROS RESSARCIMENTOSÿ- OUCFL - Outorga;11 - Integral;01 - Total;000 - Total;50874.00;.00
2025;2025 | 7 | PREFEITURA DO MUNICOPIO DE SCO PAULO | 1 - RECEITAS CORRENTES | 9 - OUTRAS RECEITAS CORRENTES | 4 - MULTAS E JUROS DE MORA DAS RECEITAS DE CAPITAL | 9 - MULTAS E JUROS DE MORA DE OUTRAS RECEITAS DE CAPITAL | 99 - MULTAS E JUROS DE OUTRAS RECEITAS DE CAPITAL | 0 - MULTAS E JUROS DE OUTRAS RECEITAS DE CAPITAL | 2 - MULTA | 76 - OUTORGA ONEROSA - PLANO DIRETOR - DIREITO DE CONSTRUIR - FUNDURB - MULTAS E JUROS | 00 - OUTORGA ONEROSA - PLANO DIRETOR - DIREITO DE CONSTRUIR - FUNDURB - MULTAS E JUROS | 000 - OUTORGA ONEROSA - PLANO DIRETOR - DIREITO DE CONSTRUIR - FUNDURB - MULTAS E JUROS | 000 - OUTORGA ONEROSA - PLANO DIRETOR - DIREITO DE CONSTRUIR - FUNDURB - MULTAS E JUROS | 11 - INTEGRAL | 01 - TOTAL | 000 - TOTAL | 84881.00 | 168.42;2025;7;PREFEITURA DO MUNICÖPIO DE SÇO PAULO;1 - RECEITAS CORRENTES;9 - OUTRAS RECEITAS CORRENTES;4 - MULTAS E JUROS DE MORA DAS RECEITAS DE CAPITAL;9 - MULTAS E JUROS DE MORA DE OUTRAS RECEITAS DE CAPITAL;99 - MULTAS E JUROS DE OUTRAS RECEITAS DE CAPITAL;0 - MULTAS E JUROS DE OUTRAS RECEITAS DE CAPITAL;2 - Multa;76 - OUTORGA ONEROSA - PLANO DIRETOR - DIREITO DE CONSTRUIR - FUNDURB - MULTAS E JUROS;00 - OUTORGA ONEROSA - PLANO DIRETOR - DIREITO DE CONSTRUIR - FUNDURB - MULTAS E JUROS;000 - OUTORGA ONEROSA - PLANO DIRETOR - DIREITO DE CONSTRUIR - FUNDURB - MULTAS E JUROS;000 - OUTORGA ONEROSA - PLANO DIRETOR - DIREITO DE CONSTRUIR - FUNDURB - MULTAS E JUROS;11 - Integral;01 - Total;000 - Total;84881.00;168.42
2025;2025 | 7 | PREFEITURA DO MUNICOPIO DE SCO PAULO | 2 - RECEITAS DE CAPITAL | 9 - OUTRAS RECEITAS DE CAPITAL | 9 - DEMAIS RECEITAS DE CAPITAL | 9 - DEMAIS RECEITAS DE CAPITAL | 99 - OUTRAS RECEITAS DE CAPITAL | 0 - OUTRAS RECEITAS DE CAPITAL | 1 - PRINCIPAL | 01 - DEMAIS RECEITAS DE CAPITAL - PRINCIPAL | 09 - OUTORGA ONEROSA COTA SOLIDARIEDADE - FUNDURB | 000 - OUTORGA ONEROSA COTA SOLIDARIEDADE - FUNDURB | 000 - OUTORGA ONEROSA COTA SOLIDARIEDADE - FUNDURB | 11 - INTEGRAL | 01 - TOTAL | 000 - TOTAL | 50491073.00 | 11723263.73;2025;7;PREFEITURA DO MUNICÖPIO DE SÇO PAULO;2 - RECEITAS DE CAPITAL;9 - OUTRAS RECEITAS DE CAPITAL;9 - DEMAIS RECEITAS DE CAPITAL;9 - DEMAIS RECEITAS DE CAPITAL;99 - OUTRAS RECEITAS DE CAPITAL;0 - OUTRAS RECEITAS DE CAPITAL;1 - Principal;01 - DEMAIS RECEITAS DE CAPITAL - PRINCIPAL;09 - OUTORGA ONEROSA COTA SOLIDARIEDADE - FUNDURB;000 - OUTORGA ONEROSA COTA SOLIDARIEDADE - FUNDURB;000 - OUTORGA ONEROSA COTA SOLIDARIEDADE - FUNDURB;11 - Integral;01 - Total;000 - Total;50491073.00;11723263.73
2025;2025 | 7 | PREFEITURA DO MUNICOPIO DE SCO PAULO | 2 - RECEITAS DE CAPITAL | 9 - OUTRAS RECEITAS DE CAPITAL | 9 - DEMAIS RECEITAS DE CAPITAL | 9 - DEMAIS RECEITAS DE CAPITAL | 99 - OUTRAS RECEITAS DE CAPITAL | 0 - OUTRAS RECEITAS DE CAPITAL | 1 - PRINCIPAL | 01 - DEMAIS RECEITAS DE CAPITAL - PRINCIPAL | 11 - OUTORGA ONEROSA - PLANO DIRETOR - DIREITO DE CONSTRUIR - FUNDURB | 000 - OUTORGA ONEROSA - PLANO DIRETOR - DIREITO DE CONSTRUIR - FUNDURB | 000 - OUTORGA ONEROSA - PLANO DIRETOR - DIREITO DE CONSTRUIR - FUNDURB | 11 - INTEGRAL | 01 - TOTAL | 000 - TOTAL | 931382643.00 | 99736960.48;2025;7;PREFEITURA DO MUNICÖPIO DE SÇO PAULO;2 - RECEITAS DE CAPITAL;9 - OUTRAS RECEITAS DE CAPITAL;9 - DEMAIS RECEITAS DE CAPITAL;9 - DEMAIS RECEITAS DE CAPITAL;99 - OUTRAS RECEITAS DE CAPITAL;0 - OUTRAS RECEITAS DE CAPITAL;1 - Principal;01 - DEMAIS RECEITAS DE CAPITAL - PRINCIPAL;11 - OUTORGA ONEROSA - PLANO DIRETOR - DIREITO DE CONSTRUIR - FUNDURB;000 - OUTORGA ONEROSA - PLANO DIRETOR - DIREITO DE CONSTRUIR - FUNDURB;000 - OUTORGA ONEROSA - PLANO DIRETOR - DIREITO DE CONSTRUIR - FUNDURB;11 - Integral;01 - Total;000 - Total;931382643.00;99736960.48
2025;2025 | 7 | PREFEITURA DO MUNICOPIO DE SCO PAULO | 2 - RECEITAS DE CAPITAL | 9 - OUTRAS RECEITAS DE CAPITAL | 9 - DEMAIS RECEITAS DE CAPITAL | 9 - DEMAIS RECEITAS DE CAPITAL | 99 - OUTRAS RECEITAS DE CAPITAL | 0 - OUTRAS RECEITAS DE CAPITAL | 1 - PRINCIPAL | 01 - DEMAIS RECEITAS DE CAPITAL - PRINCIPAL | 11 - OUTORGA ONEROSA - PLANO DIRETOR - DIREITO DE CONSTRUIR - FUNDURB | 000 - OUTORGA ONEROSA - PLANO DIRETOR - DIREITO DE CONSTRUIR - FUNDURB | 000 - OUTORGA ONEROSA - PLANO DIRETOR - DIREITO DE CONSTRUIR - FUNDURB | 11 - INTEGRAL | 09 - DEDUTORA | 001 - DEDUAES OUTORGA ONEROSA - PLANO DIRETOR - DIREITO DE CONSTRUIR - FUNDURB | .00 | .00;2025;7;PREFEITURA DO MUNICÖPIO DE SÇO PAULO;2 - RECEITAS DE CAPITAL;9 - OUTRAS RECEITAS DE CAPITAL;9 - DEMAIS RECEITAS DE CAPITAL;9 - DEMAIS RECEITAS DE CAPITAL;99 - OUTRAS RECEITAS DE CAPITAL;0 - OUTRAS RECEITAS DE CAPITAL;1 - Principal;01 - DEMAIS RECEITAS DE CAPITAL - PRINCIPAL;11 - OUTORGA ONEROSA - PLANO DIRETOR - DIREITO DE CONSTRUIR - FUNDURB;000 - OUTORGA ONEROSA - PLANO DIRETOR - DIREITO DE CONSTRUIR - FUNDURB;000 - OUTORGA ONEROSA - PLANO DIRETOR - DIREITO DE CONSTRUIR - FUNDURB;11 - Integral;09 - Dedutora;001 - Deduäes Outorga Onerosa - Plano Diretor - Direito de Construir - FUNDURB;.00;.00
2025;2025 | 8 | AGONCIA REG. DE SERV. PEBLICOS DE SCO PAULO | 1 - RECEITAS CORRENTES | 1 - IMPOSTOS TAXAS E CONTRIBUIAES DE MELHORIA | 2 - TAXAS | 1 - TAXAS PELO EXERCOCIO DO PODER DE POLOCIA | 01 - TAXAS DE INSPECO CONTROLE E FISCALIZACO | 0 - TAXAS DE INSPECO CONTROLE E FISCALIZACO | 1 - PRINCIPAL | 13 - TAXAS - EMISSCO DE ALVARS - SERVIOS FUNERRIOS E CEMITERIAIS | 00 - TAXAS - EMISSCO DE ALVARS - SERVIOS FUNERRIOS E CEMITERIAIS | 000 - TAXAS - EMISSCO DE ALVARS - SERVIOS FUNERRIOS E CEMITERIAIS | 000 - TAXAS - EMISSCO DE ALVARS - SERVIOS FUNERRIOS E CEMITERIAIS | 11 - INTEGRAL | 01 - TOTAL | 000 - TOTAL | .00 | .00;2025;8;AGÒNCIA REG. DE SERV. PéBLICOS DE SÇO PAULO;1 - RECEITAS CORRENTES;1 - IMPOSTOS TAXAS E CONTRIBUIåES DE MELHORIA;2 - TAXAS;1 - TAXAS PELO EXERCÖCIO DO PODER DE POLÖCIA;01 - TAXAS DE INSPEÇO CONTROLE E FISCALIZAÇO;0 - TAXAS DE INSPEÇO CONTROLE E FISCALIZAÇO;1 - Principal;13 - TAXAS - EMISSÇO DE ALVARµS - SERVIOS FUNERµRIOS E CEMITERIAIS;00 - TAXAS - EMISSÇO DE ALVARµS - SERVIOS FUNERµRIOS E CEMITERIAIS;000 - TAXAS - EMISSÇO DE ALVARµS - SERVIOS FUNERµRIOS E CEMITERIAIS;000 - TAXAS - EMISSÇO DE ALVARµS - SERVIOS FUNERµRIOS E CEMITERIAIS;11 - Integral;01 - Total;000 - Total;.00;.00
2025;2025 | 8 | AGONCIA REG. DE SERV. PEBLICOS DE SCO PAULO | 1 - RECEITAS CORRENTES | 9 - OUTRAS RECEITAS CORRENTES | 1 - MULTAS ADMINISTRATIVAS CONTRATUAIS E JUDICIAIS | 1 - MULTAS ADMINISTRATIVAS CONTRATUAIS E JUDICIAIS | 01 - MULTAS PREVISTAS EM LEGISLACO ESPECOFICA | 0 - MULTAS PREVISTAS EM LEGISLACO ESPECOFICA | 1 - PRINCIPAL | 02 - DEMAIS MULTAS PREVISTAS EM LEGISLACO ESPECOFICA | 16 - MULTAS DE POSTURAS MUNICIPAIS - SP REGULA | 000 - MULTAS DE POSTURAS MUNICIPAIS - SP REGULA | 000 - MULTAS DE POSTURAS MUNICIPAIS - SP REGULA | 11 - INTEGRAL | 01 - TOTAL | 000 - TOTAL | 966300.00 | .00;2025;8;AGÒNCIA REG. DE SERV. PéBLICOS DE SÇO PAULO;1 - RECEITAS CORRENTES;9 - OUTRAS RECEITAS CORRENTES;1 - MULTAS ADMINISTRATIVAS CONTRATUAIS E JUDICIAIS;1 - MULTAS ADMINISTRATIVAS CONTRATUAIS E JUDICIAIS;01 - MULTAS PREVISTAS EM LEGISLAÇO ESPECÖFICA;0 - MULTAS PREVISTAS EM LEGISLAÇO ESPECÖFICA;1 - Principal;02 - DEMAIS MULTAS PREVISTAS EM LEGISLAÇO ESPECÖFICA;16 - MULTAS DE POSTURAS MUNICIPAIS - SP REGULA;000 - MULTAS DE POSTURAS MUNICIPAIS - SP REGULA;000 - MULTAS DE POSTURAS MUNICIPAIS - SP REGULA;11 - Integral;01 - Total;000 - Total;966300.00;.00
2025;2025 | 8 | AGONCIA REG. DE SERV. PEBLICOS DE SCO PAULO | 1 - RECEITAS CORRENTES | 9 - OUTRAS RECEITAS CORRENTES | 1 - MULTAS ADMINISTRATIVAS CONTRATUAIS E JUDICIAIS | 1 - MULTAS ADMINISTRATIVAS CONTRATUAIS E JUDICIAIS | 01 - MULTAS PREVISTAS EM LEGISLACO ESPECOFICA | 0 - MULTAS PREVISTAS EM LEGISLACO ESPECOFICA | 2 - MULTA | 02 - DEMAIS MULTAS PREVISTAS EM LEGISLACO ESPECOFICA - MULTAS E JUROS | 16 - MULTAS DE POSTURAS MUNICIPAIS - SP REGULA - MULTAS E JUROS | 000 - MULTAS DE POSTURAS MUNICIPAIS - SP REGULA - MULTAS E JUROS | 000 - MULTAS DE POSTURAS MUNICIPAIS - SP REGULA - MULTAS E JUROS | 11 - INTEGRAL | 01 - TOTAL | 000 - TOTAL | 96000.00 | .00;2025;8;AGÒNCIA REG. DE SERV. PéBLICOS DE SÇO PAULO;1 - RECEITAS CORRENTES;9 - OUTRAS RECEITAS CORRENTES;1 - MULTAS ADMINISTRATIVAS CONTRATUAIS E JUDICIAIS;1 - MULTAS ADMINISTRATIVAS CONTRATUAIS E JUDICIAIS;01 - MULTAS PREVISTAS EM LEGISLAÇO ESPECÖFICA;0 - MULTAS PREVISTAS EM LEGISLAÇO ESPECÖFICA;2 - Multa;02 - DEMAIS MULTAS PREVISTAS EM LEGISLAÇO ESPECÖFICA - MULTAS E JUROS;16 - MULTAS DE POSTURAS MUNICIPAIS - SP REGULA - MULTAS E JUROS;000 - MULTAS DE POSTURAS MUNICIPAIS - SP REGULA - MULTAS E JUROS;000 - MULTAS DE POSTURAS MUNICIPAIS - SP REGULA - MULTAS E JUROS;11 - Integral;01 - Total;000 - Total;96000.00;.00
2025;2025 | 8 | FUNDO MUNICIPAL DE HABITAO - COHAB | 1 - RECEITAS CORRENTES | 3 - RECEITA PATRIMONIAL | 2 - VALORES MOBILIRIOS | 1 - JUROS E CORREAES MONETRIAS | 05 - JUROS DE TOTULOS DE RENDA | 0 - JUROS DE TOTULOS DE RENDA | 1 - PRINCIPAL | 01 - FUNDOS DE INVESTIMENTOS E APLICAAES EM COTAS - RENDA FIXA | 09 - TESOURO MUNICIPAL - RECURSOS VINCULADOS | 023 - FUNDO MUNICIPAL DE HABITACO - COHAB | 001 - OUTORGA ONEROSA LEI 13.558/2003 ALTERADA PELA LEI 13.876/2004 | 11 - INTEGRAL | 01 - TOTAL | 000 - TOTAL | 360000.00 | .00;2025;8;Fundo Municipal de HabitaÆo - COHAB;1 - RECEITAS CORRENTES;3 - RECEITA PATRIMONIAL;2 - VALORES MOBILIµRIOS;1 - JUROS E CORREåES MONETµRIAS;05 - JUROS DE TÖTULOS DE RENDA;0 - JUROS DE TÖTULOS DE RENDA;1 - Principal;01 - FUNDOS DE INVESTIMENTOS E APLICAåES EM COTAS - RENDA FIXA;09 - TESOURO MUNICIPAL - RECURSOS VINCULADOS;023 - FUNDO MUNICIPAL DE HABITAÇO - COHAB;001 - OUTORGA ONEROSA LEI 13.558/2003 ALTERADA PELA LEI 13.876/2004;11 - Integral;01 - Total;000 - Total;360000.00;.00
2025;2025 | 8 | FUNDO MUNICIPAL DE HABITAO - COHAB | 2 - RECEITAS DE CAPITAL | 9 - OUTRAS RECEITAS DE CAPITAL | 9 - DEMAIS RECEITAS DE CAPITAL | 9 - DEMAIS RECEITAS DE CAPITAL | 99 - OUTRAS RECEITAS DE CAPITAL | 0 - OUTRAS RECEITAS DE CAPITAL | 1 - PRINCIPAL | 01 - DEMAIS RECEITAS DE CAPITAL - PRINCIPAL | 12 - OUTORGA ONEROSA - LEI DE ANISTIA | 000 - OUTORGA ONEROSA - LEI DE ANISTIA | 000 - OUTORGA ONEROSA - LEI DE ANISTIA | 11 - INTEGRAL | 01 - TOTAL | 000 - TOTAL | 200000.00 | 58777.00;2025;8;Fundo Municipal de HabitaÆo - COHAB;2 - RECEITAS DE CAPITAL;9 - OUTRAS RECEITAS DE CAPITAL;9 - DEMAIS RECEITAS DE CAPITAL;9 - DEMAIS RECEITAS DE CAPITAL;99 - OUTRAS RECEITAS DE CAPITAL;0 - OUTRAS RECEITAS DE CAPITAL;1 - Principal;01 - DEMAIS RECEITAS DE CAPITAL - PRINCIPAL;12 - OUTORGA ONEROSA - LEI DE ANISTIA;000 - OUTORGA ONEROSA - LEI DE ANISTIA;000 - OUTORGA ONEROSA - LEI DE ANISTIA;11 - Integral;01 - Total;000 - Total;200000.00;58777.00
2025;2025 | 8 | PREFEITURA DO MUNICOPIO DE SCO PAULO | 1 - RECEITAS CORRENTES | 3 - RECEITA PATRIMONIAL | 2 - VALORES MOBILIRIOS | 1 - JUROS E CORREAES MONETRIAS | 05 - JUROS DE TOTULOS DE RENDA | 0 - JUROS DE TOTULOS DE RENDA | 1 - PRINCIPAL | 01 - FUNDOS DE INVESTIMENTOS E APLICAAES EM COTAS - RENDA FIXA | 09 - TESOURO MUNICIPAL - RECURSOS VINCULADOS | 032 - SECRETARIA MUNICIPAL DE URBANISMO E LICENCIAMENTO | 009 - OPERACO URBANA FARIA LIMA - OUTORGA HIS | 11 - INTEGRAL | 01 - TOTAL | 000 - TOTAL | 3960000.00 | 567843.89;2025;8;PREFEITURA DO MUNICÖPIO DE SÇO PAULO;1 - RECEITAS CORRENTES;3 - RECEITA PATRIMONIAL;2 - VALORES MOBILIµRIOS;1 - JUROS E CORREåES MONETµRIAS;05 - JUROS DE TÖTULOS DE RENDA;0 - JUROS DE TÖTULOS DE RENDA;1 - Principal;01 - FUNDOS DE INVESTIMENTOS E APLICAåES EM COTAS - RENDA FIXA;09 - TESOURO MUNICIPAL - RECURSOS VINCULADOS;032 - SECRETARIA MUNICIPAL DE URBANISMO E LICENCIAMENTO;009 - OPERAÇO URBANA FARIA LIMA - OUTORGA HIS;11 - Integral;01 - Total;000 - Total;3960000.00;567843.89
2025;2025 | 8 | PREFEITURA DO MUNICOPIO DE SCO PAULO | 1 - RECEITAS CORRENTES | 3 - RECEITA PATRIMONIAL | 2 - VALORES MOBILIRIOS | 1 - JUROS E CORREAES MONETRIAS | 05 - JUROS DE TOTULOS DE RENDA | 0 - JUROS DE TOTULOS DE RENDA | 1 - PRINCIPAL | 01 - FUNDOS DE INVESTIMENTOS E APLICAAES EM COTAS - RENDA FIXA | 09 - TESOURO MUNICIPAL - RECURSOS VINCULADOS | 032 - SECRETARIA MUNICIPAL DE URBANISMO E LICENCIAMENTO | 011 - OPERACO URBANA FARIA LIMA - OUTORGA | 11 - INTEGRAL | 01 - TOTAL | 000 - TOTAL | 10800000.00 | 1104645.39;2025;8;PREFEITURA DO MUNICÖPIO DE SÇO PAULO;1 - RECEITAS CORRENTES;3 - RECEITA PATRIMONIAL;2 - VALORES MOBILIµRIOS;1 - JUROS E CORREåES MONETµRIAS;05 - JUROS DE TÖTULOS DE RENDA;0 - JUROS DE TÖTULOS DE RENDA;1 - Principal;01 - FUNDOS DE INVESTIMENTOS E APLICAåES EM COTAS - RENDA FIXA;09 - TESOURO MUNICIPAL - RECURSOS VINCULADOS;032 - SECRETARIA MUNICIPAL DE URBANISMO E LICENCIAMENTO;011 - OPERAÇO URBANA FARIA LIMA - OUTORGA;11 - Integral;01 - Total;000 - Total;10800000.00;1104645.39
2025;2025 | 8 | PREFEITURA DO MUNICOPIO DE SCO PAULO | 1 - RECEITAS CORRENTES | 3 - RECEITA PATRIMONIAL | 2 - VALORES MOBILIRIOS | 1 - JUROS E CORREAES MONETRIAS | 05 - JUROS DE TOTULOS DE RENDA | 0 - JUROS DE TOTULOS DE RENDA | 1 - PRINCIPAL | 01 - FUNDOS DE INVESTIMENTOS E APLICAAES EM COTAS - RENDA FIXA | 09 - TESOURO MUNICIPAL - RECURSOS VINCULADOS | 032 - SECRETARIA MUNICIPAL DE URBANISMO E LICENCIAMENTO | 013 - FUNDO ESPECIAL OPERACO URBANA GUA BRANCA - FEAB - OUTORGA | 11 - INTEGRAL | 01 - TOTAL | 000 - TOTAL | 84000000.00 | 12228102.76;2025;8;PREFEITURA DO MUNICÖPIO DE SÇO PAULO;1 - RECEITAS CORRENTES;3 - RECEITA PATRIMONIAL;2 - VALORES MOBILIµRIOS;1 - JUROS E CORREåES MONETµRIAS;05 - JUROS DE TÖTULOS DE RENDA;0 - JUROS DE TÖTULOS DE RENDA;1 - Principal;01 - FUNDOS DE INVESTIMENTOS E APLICAåES EM COTAS - RENDA FIXA;09 - TESOURO MUNICIPAL - RECURSOS VINCULADOS;032 - SECRETARIA MUNICIPAL DE URBANISMO E LICENCIAMENTO;013 - FUNDO ESPECIAL OPERAÇO URBANA µGUA BRANCA - FEAB - OUTORGA;11 - Integral;01 - Total;000 - Total;84000000.00;12228102.76
2025;2025 | 8 | PREFEITURA DO MUNICOPIO DE SCO PAULO | 1 - RECEITAS CORRENTES | 3 - RECEITA PATRIMONIAL | 2 - VALORES MOBILIRIOS | 1 - JUROS E CORREAES MONETRIAS | 05 - JUROS DE TOTULOS DE RENDA | 0 - JUROS DE TOTULOS DE RENDA | 1 - PRINCIPAL | 01 - FUNDOS DE INVESTIMENTOS E APLICAAES EM COTAS - RENDA FIXA | 09 - TESOURO MUNICIPAL - RECURSOS VINCULADOS | 032 - SECRETARIA MUNICIPAL DE URBANISMO E LICENCIAMENTO | 014 - FUNDO ESPECIAL OPERACO URBANA GUA BRANCA - FEAB - OUTORGA - HIS | 11 - INTEGRAL | 01 - TOTAL | 000 - TOTAL | 30000.00 | 4385.94;2025;8;PREFEITURA DO MUNICÖPIO DE SÇO PAULO;1 - RECEITAS CORRENTES;3 - RECEITA PATRIMONIAL;2 - VALORES MOBILIµRIOS;1 - JUROS E CORREåES MONETµRIAS;05 - JUROS DE TÖTULOS DE RENDA;0 - JUROS DE TÖTULOS DE RENDA;1 - Principal;01 - FUNDOS DE INVESTIMENTOS E APLICAåES EM COTAS - RENDA FIXA;09 - TESOURO MUNICIPAL - RECURSOS VINCULADOS;032 - SECRETARIA MUNICIPAL DE URBANISMO E LICENCIAMENTO;014 - FUNDO ESPECIAL OPERAÇO URBANA µGUA BRANCA - FEAB - OUTORGA - HIS;11 - Integral;01 - Total;000 - Total;30000.00;4385.94
2025;2025 | 8 | PREFEITURA DO MUNICOPIO DE SCO PAULO | 1 - RECEITAS CORRENTES | 3 - RECEITA PATRIMONIAL | 3 - DELEGACO DE SERVIOS PEBLICOS MEDIANTE CONCESSCO PERMISSCO AUTORIZACO OU LICENA | 9 - DEMAIS DELEGAAES DE SERVIOS PEBLICOS | 99 - OUTRAS DELEGAAES DE SERVIOS PEBLICOS | 0 - OUTRAS DELEGAAES DE SERVIOS PEBLICOS | 1 - PRINCIPAL | 01 - OUTORGAS PROVENIENTES DE CONCESSAES - FMD | 00 - OUTORGAS PROVENIENTES DE CONCESSAES - FMD | 000 - OUTORGAS PROVENIENTES DE CONCESSAES - FMD | 000 - OUTORGAS PROVENIENTES DE CONCESSAES - FMD | 11 - INTEGRAL | 01 - TOTAL | 000 - TOTAL | 106060339.00 | 11031044.11;2025;8;PREFEITURA DO MUNICÖPIO DE SÇO PAULO;1 - RECEITAS CORRENTES;3 - RECEITA PATRIMONIAL;3 - DELEGAÇO DE SERVIOS PéBLICOS MEDIANTE CONCESSÇO PERMISSÇO AUTORIZAÇO OU LICENA;9 - DEMAIS DELEGAåES DE SERVIOS PéBLICOS;99 - OUTRAS DELEGAåES DE SERVIOS PéBLICOS;0 - OUTRAS DELEGAåES DE SERVIOS PéBLICOS;1 - Principal;01 - OUTORGAS PROVENIENTES DE CONCESSåES - FMD;00 - OUTORGAS PROVENIENTES DE CONCESSåES - FMD;000 - OUTORGAS PROVENIENTES DE CONCESSåES - FMD;000 - OUTORGAS PROVENIENTES DE CONCESSåES - FMD;11 - Integral;01 - Total;000 - Total;106060339.00;11031044.11
2025;2025 | 8 | PREFEITURA DO MUNICOPIO DE SCO PAULO | 1 - RECEITAS CORRENTES | 9 - OUTRAS RECEITAS CORRENTES | 2 - INDENIZAAES RESTITUIAES E RESSARCIMENTOS | 3 - RESSARCIMENTOS | 99 - OUTROS RESSARCIMENTOS | 0 - OUTROS RESSARCIMENTOS | 1 - PRINCIPAL | 12 - OUTROS RESSARCIMENTOSY- OUCFL - OUTORGA | 00 - OUTROS RESSARCIMENTOSY- OUCFL - OUTORGA | 000 - OUTROS RESSARCIMENTOSY- OUCFL - OUTORGA | 000 - OUTROS RESSARCIMENTOSY- OUCFL - OUTORGA | 11 - INTEGRAL | 01 - TOTAL | 000 - TOTAL | 50874.00 | .00;2025;8;PREFEITURA DO MUNICÖPIO DE SÇO PAULO;1 - RECEITAS CORRENTES;9 - OUTRAS RECEITAS CORRENTES;2 - INDENIZAåES RESTITUIåES E RESSARCIMENTOS;3 - RESSARCIMENTOS;99 - OUTROS RESSARCIMENTOS;0 - OUTROS RESSARCIMENTOS;1 - Principal;12 - OUTROS RESSARCIMENTOSÿ- OUCFL - Outorga;00 - OUTROS RESSARCIMENTOSÿ- OUCFL - Outorga;000 - OUTROS RESSARCIMENTOSÿ- OUCFL - Outorga;000 - OUTROS RESSARCIMENTOSÿ- OUCFL - Outorga;11 - Integral;01 - Total;000 - Total;50874.00;.00
2025;2025 | 8 | PREFEITURA DO MUNICOPIO DE SCO PAULO | 1 - RECEITAS CORRENTES | 9 - OUTRAS RECEITAS CORRENTES | 4 - MULTAS E JUROS DE MORA DAS RECEITAS DE CAPITAL | 9 - MULTAS E JUROS DE MORA DE OUTRAS RECEITAS DE CAPITAL | 99 - MULTAS E JUROS DE OUTRAS RECEITAS DE CAPITAL | 0 - MULTAS E JUROS DE OUTRAS RECEITAS DE CAPITAL | 2 - MULTA | 76 - OUTORGA ONEROSA - PLANO DIRETOR - DIREITO DE CONSTRUIR - FUNDURB - MULTAS E JUROS | 00 - OUTORGA ONEROSA - PLANO DIRETOR - DIREITO DE CONSTRUIR - FUNDURB - MULTAS E JUROS | 000 - OUTORGA ONEROSA - PLANO DIRETOR - DIREITO DE CONSTRUIR - FUNDURB - MULTAS E JUROS | 000 - OUTORGA ONEROSA - PLANO DIRETOR - DIREITO DE CONSTRUIR - FUNDURB - MULTAS E JUROS | 11 - INTEGRAL | 01 - TOTAL | 000 - TOTAL | 84881.00 | 2123.80;2025;8;PREFEITURA DO MUNICÖPIO DE SÇO PAULO;1 - RECEITAS CORRENTES;9 - OUTRAS RECEITAS CORRENTES;4 - MULTAS E JUROS DE MORA DAS RECEITAS DE CAPITAL;9 - MULTAS E JUROS DE MORA DE OUTRAS RECEITAS DE CAPITAL;99 - MULTAS E JUROS DE OUTRAS RECEITAS DE CAPITAL;0 - MULTAS E JUROS DE OUTRAS RECEITAS DE CAPITAL;2 - Multa;76 - OUTORGA ONEROSA - PLANO DIRETOR - DIREITO DE CONSTRUIR - FUNDURB - MULTAS E JUROS;00 - OUTORGA ONEROSA - PLANO DIRETOR - DIREITO DE CONSTRUIR - FUNDURB - MULTAS E JUROS;000 - OUTORGA ONEROSA - PLANO DIRETOR - DIREITO DE CONSTRUIR - FUNDURB - MULTAS E JUROS;000 - OUTORGA ONEROSA - PLANO DIRETOR - DIREITO DE CONSTRUIR - FUNDURB - MULTAS E JUROS;11 - Integral;01 - Total;000 - Total;84881.00;2123.80
2025;2025 | 8 | PREFEITURA DO MUNICOPIO DE SCO PAULO | 2 - RECEITAS DE CAPITAL | 9 - OUTRAS RECEITAS DE CAPITAL | 9 - DEMAIS RECEITAS DE CAPITAL | 9 - DEMAIS RECEITAS DE CAPITAL | 99 - OUTRAS RECEITAS DE CAPITAL | 0 - OUTRAS RECEITAS DE CAPITAL | 1 - PRINCIPAL | 01 - DEMAIS RECEITAS DE CAPITAL - PRINCIPAL | 09 - OUTORGA ONEROSA COTA SOLIDARIEDADE - FUNDURB | 000 - OUTORGA ONEROSA COTA SOLIDARIEDADE - FUNDURB | 000 - OUTORGA ONEROSA COTA SOLIDARIEDADE - FUNDURB | 11 - INTEGRAL | 01 - TOTAL | 000 - TOTAL | 50491073.00 | 20318562.10;2025;8;PREFEITURA DO MUNICÖPIO DE SÇO PAULO;2 - RECEITAS DE CAPITAL;9 - OUTRAS RECEITAS DE CAPITAL;9 - DEMAIS RECEITAS DE CAPITAL;9 - DEMAIS RECEITAS DE CAPITAL;99 - OUTRAS RECEITAS DE CAPITAL;0 - OUTRAS RECEITAS DE CAPITAL;1 - Principal;01 - DEMAIS RECEITAS DE CAPITAL - PRINCIPAL;09 - OUTORGA ONEROSA COTA SOLIDARIEDADE - FUNDURB;000 - OUTORGA ONEROSA COTA SOLIDARIEDADE - FUNDURB;000 - OUTORGA ONEROSA COTA SOLIDARIEDADE - FUNDURB;11 - Integral;01 - Total;000 - Total;50491073.00;20318562.10
2025;2025 | 8 | PREFEITURA DO MUNICOPIO DE SCO PAULO | 2 - RECEITAS DE CAPITAL | 9 - OUTRAS RECEITAS DE CAPITAL | 9 - DEMAIS RECEITAS DE CAPITAL | 9 - DEMAIS RECEITAS DE CAPITAL | 99 - OUTRAS RECEITAS DE CAPITAL | 0 - OUTRAS RECEITAS DE CAPITAL | 1 - PRINCIPAL | 01 - DEMAIS RECEITAS DE CAPITAL - PRINCIPAL | 11 - OUTORGA ONEROSA - PLANO DIRETOR - DIREITO DE CONSTRUIR - FUNDURB | 000 - OUTORGA ONEROSA - PLANO DIRETOR - DIREITO DE CONSTRUIR - FUNDURB | 000 - OUTORGA ONEROSA - PLANO DIRETOR - DIREITO DE CONSTRUIR - FUNDURB | 11 - INTEGRAL | 01 - TOTAL | 000 - TOTAL | 931382643.00 | 159130246.95;2025;8;PREFEITURA DO MUNICÖPIO DE SÇO PAULO;2 - RECEITAS DE CAPITAL;9 - OUTRAS RECEITAS DE CAPITAL;9 - DEMAIS RECEITAS DE CAPITAL;9 - DEMAIS RECEITAS DE CAPITAL;99 - OUTRAS RECEITAS DE CAPITAL;0 - OUTRAS RECEITAS DE CAPITAL;1 - Principal;01 - DEMAIS RECEITAS DE CAPITAL - PRINCIPAL;11 - OUTORGA ONEROSA - PLANO DIRETOR - DIREITO DE CONSTRUIR - FUNDURB;000 - OUTORGA ONEROSA - PLANO DIRETOR - DIREITO DE CONSTRUIR - FUNDURB;000 - OUTORGA ONEROSA - PLANO DIRETOR - DIREITO DE CONSTRUIR - FUNDURB;11 - Integral;01 - Total;000 - Total;931382643.00;159130246.95
2025;2025 | 8 | PREFEITURA DO MUNICOPIO DE SCO PAULO | 2 - RECEITAS DE CAPITAL | 9 - OUTRAS RECEITAS DE CAPITAL | 9 - DEMAIS RECEITAS DE CAPITAL | 9 - DEMAIS RECEITAS DE CAPITAL | 99 - OUTRAS RECEITAS DE CAPITAL | 0 - OUTRAS RECEITAS DE CAPITAL | 1 - PRINCIPAL | 01 - DEMAIS RECEITAS DE CAPITAL - PRINCIPAL | 11 - OUTORGA ONEROSA - PLANO DIRETOR - DIREITO DE CONSTRUIR - FUNDURB | 000 - OUTORGA ONEROSA - PLANO DIRETOR - DIREITO DE CONSTRUIR - FUNDURB | 000 - OUTORGA ONEROSA - PLANO DIRETOR - DIREITO DE CONSTRUIR - FUNDURB | 11 - INTEGRAL | 09 - DEDUTORA | 001 - DEDUAES OUTORGA ONEROSA - PLANO DIRETOR - DIREITO DE CONSTRUIR - FUNDURB | .00 | -371102.65;2025;8;PREFEITURA DO MUNICÖPIO DE SÇO PAULO;2 - RECEITAS DE CAPITAL;9 - OUTRAS RECEITAS DE CAPITAL;9 - DEMAIS RECEITAS DE CAPITAL;9 - DEMAIS RECEITAS DE CAPITAL;99 - OUTRAS RECEITAS DE CAPITAL;0 - OUTRAS RECEITAS DE CAPITAL;1 - Principal;01 - DEMAIS RECEITAS DE CAPITAL - PRINCIPAL;11 - OUTORGA ONEROSA - PLANO DIRETOR - DIREITO DE CONSTRUIR - FUNDURB;000 - OUTORGA ONEROSA - PLANO DIRETOR - DIREITO DE CONSTRUIR - FUNDURB;000 - OUTORGA ONEROSA - PLANO DIRETOR - DIREITO DE CONSTRUIR - FUNDURB;11 - Integral;09 - Dedutora;001 - Deduäes Outorga Onerosa - Plano Diretor - Direito de Construir - FUNDURB;.00;-371102.65
2025;2025 | 9 | AGONCIA REG. DE SERV. PEBLICOS DE SCO PAULO | 1 - RECEITAS CORRENTES | 1 - IMPOSTOS TAXAS E CONTRIBUIAES DE MELHORIA | 2 - TAXAS | 1 - TAXAS PELO EXERCOCIO DO PODER DE POLOCIA | 01 - TAXAS DE INSPECO CONTROLE E FISCALIZACO | 0 - TAXAS DE INSPECO CONTROLE E FISCALIZACO | 1 - PRINCIPAL | 13 - TAXAS - EMISSCO DE ALVARS - SERVIOS FUNERRIOS E CEMITERIAIS | 00 - TAXAS - EMISSCO DE ALVARS - SERVIOS FUNERRIOS E CEMITERIAIS | 000 - TAXAS - EMISSCO DE ALVARS - SERVIOS FUNERRIOS E CEMITERIAIS | 000 - TAXAS - EMISSCO DE ALVARS - SERVIOS FUNERRIOS E CEMITERIAIS | 11 - INTEGRAL | 01 - TOTAL | 000 - TOTAL | .00 | 8050.24;2025;9;AGÒNCIA REG. DE SERV. PéBLICOS DE SÇO PAULO;1 - RECEITAS CORRENTES;1 - IMPOSTOS TAXAS E CONTRIBUIåES DE MELHORIA;2 - TAXAS;1 - TAXAS PELO EXERCÖCIO DO PODER DE POLÖCIA;01 - TAXAS DE INSPEÇO CONTROLE E FISCALIZAÇO;0 - TAXAS DE INSPEÇO CONTROLE E FISCALIZAÇO;1 - Principal;13 - TAXAS - EMISSÇO DE ALVARµS - SERVIOS FUNERµRIOS E CEMITERIAIS;00 - TAXAS - EMISSÇO DE ALVARµS - SERVIOS FUNERµRIOS E CEMITERIAIS;000 - TAXAS - EMISSÇO DE ALVARµS - SERVIOS FUNERµRIOS E CEMITERIAIS;000 - TAXAS - EMISSÇO DE ALVARµS - SERVIOS FUNERµRIOS E CEMITERIAIS;11 - Integral;01 - Total;000 - Total;.00;8050.24
2025;2025 | 9 | AGONCIA REG. DE SERV. PEBLICOS DE SCO PAULO | 1 - RECEITAS CORRENTES | 9 - OUTRAS RECEITAS CORRENTES | 1 - MULTAS ADMINISTRATIVAS CONTRATUAIS E JUDICIAIS | 1 - MULTAS ADMINISTRATIVAS CONTRATUAIS E JUDICIAIS | 01 - MULTAS PREVISTAS EM LEGISLACO ESPECOFICA | 0 - MULTAS PREVISTAS EM LEGISLACO ESPECOFICA | 1 - PRINCIPAL | 02 - DEMAIS MULTAS PREVISTAS EM LEGISLACO ESPECOFICA | 16 - MULTAS DE POSTURAS MUNICIPAIS - SP REGULA | 000 - MULTAS DE POSTURAS MUNICIPAIS - SP REGULA | 000 - MULTAS DE POSTURAS MUNICIPAIS - SP REGULA | 11 - INTEGRAL | 01 - TOTAL | 000 - TOTAL | 966300.00 | 128607.23;2025;9;AGÒNCIA REG. DE SERV. PéBLICOS DE SÇO PAULO;1 - RECEITAS CORRENTES;9 - OUTRAS RECEITAS CORRENTES;1 - MULTAS ADMINISTRATIVAS CONTRATUAIS E JUDICIAIS;1 - MULTAS ADMINISTRATIVAS CONTRATUAIS E JUDICIAIS;01 - MULTAS PREVISTAS EM LEGISLAÇO ESPECÖFICA;0 - MULTAS PREVISTAS EM LEGISLAÇO ESPECÖFICA;1 - Principal;02 - DEMAIS MULTAS PREVISTAS EM LEGISLAÇO ESPECÖFICA;16 - MULTAS DE POSTURAS MUNICIPAIS - SP REGULA;000 - MULTAS DE POSTURAS MUNICIPAIS - SP REGULA;000 - MULTAS DE POSTURAS MUNICIPAIS - SP REGULA;11 - Integral;01 - Total;000 - Total;966300.00;128607.23
2025;2025 | 9 | AGONCIA REG. DE SERV. PEBLICOS DE SCO PAULO | 1 - RECEITAS CORRENTES | 9 - OUTRAS RECEITAS CORRENTES | 1 - MULTAS ADMINISTRATIVAS CONTRATUAIS E JUDICIAIS | 1 - MULTAS ADMINISTRATIVAS CONTRATUAIS E JUDICIAIS | 01 - MULTAS PREVISTAS EM LEGISLACO ESPECOFICA | 0 - MULTAS PREVISTAS EM LEGISLACO ESPECOFICA | 2 - MULTA | 02 - DEMAIS MULTAS PREVISTAS EM LEGISLACO ESPECOFICA - MULTAS E JUROS | 16 - MULTAS DE POSTURAS MUNICIPAIS - SP REGULA - MULTAS E JUROS | 000 - MULTAS DE POSTURAS MUNICIPAIS - SP REGULA - MULTAS E JUROS | 000 - MULTAS DE POSTURAS MUNICIPAIS - SP REGULA - MULTAS E JUROS | 11 - INTEGRAL | 01 - TOTAL | 000 - TOTAL | 96000.00 | 1542.46;2025;9;AGÒNCIA REG. DE SERV. PéBLICOS DE SÇO PAULO;1 - RECEITAS CORRENTES;9 - OUTRAS RECEITAS CORRENTES;1 - MULTAS ADMINISTRATIVAS CONTRATUAIS E JUDICIAIS;1 - MULTAS ADMINISTRATIVAS CONTRATUAIS E JUDICIAIS;01 - MULTAS PREVISTAS EM LEGISLAÇO ESPECÖFICA;0 - MULTAS PREVISTAS EM LEGISLAÇO ESPECÖFICA;2 - Multa;02 - DEMAIS MULTAS PREVISTAS EM LEGISLAÇO ESPECÖFICA - MULTAS E JUROS;16 - MULTAS DE POSTURAS MUNICIPAIS - SP REGULA - MULTAS E JUROS;000 - MULTAS DE POSTURAS MUNICIPAIS - SP REGULA - MULTAS E JUROS;000 - MULTAS DE POSTURAS MUNICIPAIS - SP REGULA - MULTAS E JUROS;11 - Integral;01 - Total;000 - Total;96000.00;1542.46
2025;2025 | 9 | FUNDO MUNICIPAL DE HABITAO - COHAB | 1 - RECEITAS CORRENTES | 3 - RECEITA PATRIMONIAL | 2 - VALORES MOBILIRIOS | 1 - JUROS E CORREAES MONETRIAS | 05 - JUROS DE TOTULOS DE RENDA | 0 - JUROS DE TOTULOS DE RENDA | 1 - PRINCIPAL | 01 - FUNDOS DE INVESTIMENTOS E APLICAAES EM COTAS - RENDA FIXA | 09 - TESOURO MUNICIPAL - RECURSOS VINCULADOS | 023 - FUNDO MUNICIPAL DE HABITACO - COHAB | 001 - OUTORGA ONEROSA LEI 13.558/2003 ALTERADA PELA LEI 13.876/2004 | 11 - INTEGRAL | 01 - TOTAL | 000 - TOTAL | 360000.00 | .00;2025;9;Fundo Municipal de HabitaÆo - COHAB;1 - RECEITAS CORRENTES;3 - RECEITA PATRIMONIAL;2 - VALORES MOBILIµRIOS;1 - JUROS E CORREåES MONETµRIAS;05 - JUROS DE TÖTULOS DE RENDA;0 - JUROS DE TÖTULOS DE RENDA;1 - Principal;01 - FUNDOS DE INVESTIMENTOS E APLICAåES EM COTAS - RENDA FIXA;09 - TESOURO MUNICIPAL - RECURSOS VINCULADOS;023 - FUNDO MUNICIPAL DE HABITAÇO - COHAB;001 - OUTORGA ONEROSA LEI 13.558/2003 ALTERADA PELA LEI 13.876/2004;11 - Integral;01 - Total;000 - Total;360000.00;.00
2025;2025 | 9 | FUNDO MUNICIPAL DE HABITAO - COHAB | 2 - RECEITAS DE CAPITAL | 9 - OUTRAS RECEITAS DE CAPITAL | 9 - DEMAIS RECEITAS DE CAPITAL | 9 - DEMAIS RECEITAS DE CAPITAL | 99 - OUTRAS RECEITAS DE CAPITAL | 0 - OUTRAS RECEITAS DE CAPITAL | 1 - PRINCIPAL | 01 - DEMAIS RECEITAS DE CAPITAL - PRINCIPAL | 12 - OUTORGA ONEROSA - LEI DE ANISTIA | 000 - OUTORGA ONEROSA - LEI DE ANISTIA | 000 - OUTORGA ONEROSA - LEI DE ANISTIA | 11 - INTEGRAL | 01 - TOTAL | 000 - TOTAL | 200000.00 | .00;2025;9;Fundo Municipal de HabitaÆo - COHAB;2 - RECEITAS DE CAPITAL;9 - OUTRAS RECEITAS DE CAPITAL;9 - DEMAIS RECEITAS DE CAPITAL;9 - DEMAIS RECEITAS DE CAPITAL;99 - OUTRAS RECEITAS DE CAPITAL;0 - OUTRAS RECEITAS DE CAPITAL;1 - Principal;01 - DEMAIS RECEITAS DE CAPITAL - PRINCIPAL;12 - OUTORGA ONEROSA - LEI DE ANISTIA;000 - OUTORGA ONEROSA - LEI DE ANISTIA;000 - OUTORGA ONEROSA - LEI DE ANISTIA;11 - Integral;01 - Total;000 - Total;200000.00;.00
2025;2025 | 9 | PREFEITURA DO MUNICOPIO DE SCO PAULO | 1 - RECEITAS CORRENTES | 3 - RECEITA PATRIMONIAL | 2 - VALORES MOBILIRIOS | 1 - JUROS E CORREAES MONETRIAS | 05 - JUROS DE TOTULOS DE RENDA | 0 - JUROS DE TOTULOS DE RENDA | 1 - PRINCIPAL | 01 - FUNDOS DE INVESTIMENTOS E APLICAAES EM COTAS - RENDA FIXA | 09 - TESOURO MUNICIPAL - RECURSOS VINCULADOS | 032 - SECRETARIA MUNICIPAL DE URBANISMO E LICENCIAMENTO | 009 - OPERACO URBANA FARIA LIMA - OUTORGA HIS | 11 - INTEGRAL | 01 - TOTAL | 000 - TOTAL | 3960000.00 | 602112.97;2025;9;PREFEITURA DO MUNICÖPIO DE SÇO PAULO;1 - RECEITAS CORRENTES;3 - RECEITA PATRIMONIAL;2 - VALORES MOBILIµRIOS;1 - JUROS E CORREåES MONETµRIAS;05 - JUROS DE TÖTULOS DE RENDA;0 - JUROS DE TÖTULOS DE RENDA;1 - Principal;01 - FUNDOS DE INVESTIMENTOS E APLICAåES EM COTAS - RENDA FIXA;09 - TESOURO MUNICIPAL - RECURSOS VINCULADOS;032 - SECRETARIA MUNICIPAL DE URBANISMO E LICENCIAMENTO;009 - OPERAÇO URBANA FARIA LIMA - OUTORGA HIS;11 - Integral;01 - Total;000 - Total;3960000.00;602112.97
2025;2025 | 9 | PREFEITURA DO MUNICOPIO DE SCO PAULO | 1 - RECEITAS CORRENTES | 3 - RECEITA PATRIMONIAL | 2 - VALORES MOBILIRIOS | 1 - JUROS E CORREAES MONETRIAS | 05 - JUROS DE TOTULOS DE RENDA | 0 - JUROS DE TOTULOS DE RENDA | 1 - PRINCIPAL | 01 - FUNDOS DE INVESTIMENTOS E APLICAAES EM COTAS - RENDA FIXA | 09 - TESOURO MUNICIPAL - RECURSOS VINCULADOS | 032 - SECRETARIA MUNICIPAL DE URBANISMO E LICENCIAMENTO | 011 - OPERACO URBANA FARIA LIMA - OUTORGA | 11 - INTEGRAL | 01 - TOTAL | 000 - TOTAL | 10800000.00 | 1175390.21;2025;9;PREFEITURA DO MUNICÖPIO DE SÇO PAULO;1 - RECEITAS CORRENTES;3 - RECEITA PATRIMONIAL;2 - VALORES MOBILIµRIOS;1 - JUROS E CORREåES MONETµRIAS;05 - JUROS DE TÖTULOS DE RENDA;0 - JUROS DE TÖTULOS DE RENDA;1 - Principal;01 - FUNDOS DE INVESTIMENTOS E APLICAåES EM COTAS - RENDA FIXA;09 - TESOURO MUNICIPAL - RECURSOS VINCULADOS;032 - SECRETARIA MUNICIPAL DE URBANISMO E LICENCIAMENTO;011 - OPERAÇO URBANA FARIA LIMA - OUTORGA;11 - Integral;01 - Total;000 - Total;10800000.00;1175390.21
2025;2025 | 9 | PREFEITURA DO MUNICOPIO DE SCO PAULO | 1 - RECEITAS CORRENTES | 3 - RECEITA PATRIMONIAL | 2 - VALORES MOBILIRIOS | 1 - JUROS E CORREAES MONETRIAS | 05 - JUROS DE TOTULOS DE RENDA | 0 - JUROS DE TOTULOS DE RENDA | 1 - PRINCIPAL | 01 - FUNDOS DE INVESTIMENTOS E APLICAAES EM COTAS - RENDA FIXA | 09 - TESOURO MUNICIPAL - RECURSOS VINCULADOS | 032 - SECRETARIA MUNICIPAL DE URBANISMO E LICENCIAMENTO | 013 - FUNDO ESPECIAL OPERACO URBANA GUA BRANCA - FEAB - OUTORGA | 11 - INTEGRAL | 01 - TOTAL | 000 - TOTAL | 84000000.00 | 12960765.92;2025;9;PREFEITURA DO MUNICÖPIO DE SÇO PAULO;1 - RECEITAS CORRENTES;3 - RECEITA PATRIMONIAL;2 - VALORES MOBILIµRIOS;1 - JUROS E CORREåES MONETµRIAS;05 - JUROS DE TÖTULOS DE RENDA;0 - JUROS DE TÖTULOS DE RENDA;1 - Principal;01 - FUNDOS DE INVESTIMENTOS E APLICAåES EM COTAS - RENDA FIXA;09 - TESOURO MUNICIPAL - RECURSOS VINCULADOS;032 - SECRETARIA MUNICIPAL DE URBANISMO E LICENCIAMENTO;013 - FUNDO ESPECIAL OPERAÇO URBANA µGUA BRANCA - FEAB - OUTORGA;11 - Integral;01 - Total;000 - Total;84000000.00;12960765.92
2025;2025 | 9 | PREFEITURA DO MUNICOPIO DE SCO PAULO | 1 - RECEITAS CORRENTES | 3 - RECEITA PATRIMONIAL | 2 - VALORES MOBILIRIOS | 1 - JUROS E CORREAES MONETRIAS | 05 - JUROS DE TOTULOS DE RENDA | 0 - JUROS DE TOTULOS DE RENDA | 1 - PRINCIPAL | 01 - FUNDOS DE INVESTIMENTOS E APLICAAES EM COTAS - RENDA FIXA | 09 - TESOURO MUNICIPAL - RECURSOS VINCULADOS | 032 - SECRETARIA MUNICIPAL DE URBANISMO E LICENCIAMENTO | 014 - FUNDO ESPECIAL OPERACO URBANA GUA BRANCA - FEAB - OUTORGA - HIS | 11 - INTEGRAL | 01 - TOTAL | 000 - TOTAL | 30000.00 | 4650.64;2025;9;PREFEITURA DO MUNICÖPIO DE SÇO PAULO;1 - RECEITAS CORRENTES;3 - RECEITA PATRIMONIAL;2 - VALORES MOBILIµRIOS;1 - JUROS E CORREåES MONETµRIAS;05 - JUROS DE TÖTULOS DE RENDA;0 - JUROS DE TÖTULOS DE RENDA;1 - Principal;01 - FUNDOS DE INVESTIMENTOS E APLICAåES EM COTAS - RENDA FIXA;09 - TESOURO MUNICIPAL - RECURSOS VINCULADOS;032 - SECRETARIA MUNICIPAL DE URBANISMO E LICENCIAMENTO;014 - FUNDO ESPECIAL OPERAÇO URBANA µGUA BRANCA - FEAB - OUTORGA - HIS;11 - Integral;01 - Total;000 - Total;30000.00;4650.64
2025;2025 | 9 | PREFEITURA DO MUNICOPIO DE SCO PAULO | 1 - RECEITAS CORRENTES | 3 - RECEITA PATRIMONIAL | 3 - DELEGACO DE SERVIOS PEBLICOS MEDIANTE CONCESSCO PERMISSCO AUTORIZACO OU LICENA | 9 - DEMAIS DELEGAAES DE SERVIOS PEBLICOS | 99 - OUTRAS DELEGAAES DE SERVIOS PEBLICOS | 0 - OUTRAS DELEGAAES DE SERVIOS PEBLICOS | 1 - PRINCIPAL | 01 - OUTORGAS PROVENIENTES DE CONCESSAES - FMD | 00 - OUTORGAS PROVENIENTES DE CONCESSAES - FMD | 000 - OUTORGAS PROVENIENTES DE CONCESSAES - FMD | 000 - OUTORGAS PROVENIENTES DE CONCESSAES - FMD | 11 - INTEGRAL | 01 - TOTAL | 000 - TOTAL | 106060339.00 | 7983875.67;2025;9;PREFEITURA DO MUNICÖPIO DE SÇO PAULO;1 - RECEITAS CORRENTES;3 - RECEITA PATRIMONIAL;3 - DELEGAÇO DE SERVIOS PéBLICOS MEDIANTE CONCESSÇO PERMISSÇO AUTORIZAÇO OU LICENA;9 - DEMAIS DELEGAåES DE SERVIOS PéBLICOS;99 - OUTRAS DELEGAåES DE SERVIOS PéBLICOS;0 - OUTRAS DELEGAåES DE SERVIOS PéBLICOS;1 - Principal;01 - OUTORGAS PROVENIENTES DE CONCESSåES - FMD;00 - OUTORGAS PROVENIENTES DE CONCESSåES - FMD;000 - OUTORGAS PROVENIENTES DE CONCESSåES - FMD;000 - OUTORGAS PROVENIENTES DE CONCESSåES - FMD;11 - Integral;01 - Total;000 - Total;106060339.00;7983875.67
2025;2025 | 9 | PREFEITURA DO MUNICOPIO DE SCO PAULO | 1 - RECEITAS CORRENTES | 9 - OUTRAS RECEITAS CORRENTES | 2 - INDENIZAAES RESTITUIAES E RESSARCIMENTOS | 3 - RESSARCIMENTOS | 99 - OUTROS RESSARCIMENTOS | 0 - OUTROS RESSARCIMENTOS | 1 - PRINCIPAL | 12 - OUTROS RESSARCIMENTOSY- OUCFL - OUTORGA | 00 - OUTROS RESSARCIMENTOSY- OUCFL - OUTORGA | 000 - OUTROS RESSARCIMENTOSY- OUCFL - OUTORGA | 000 - OUTROS RESSARCIMENTOSY- OUCFL - OUTORGA | 11 - INTEGRAL | 01 - TOTAL | 000 - TOTAL | 50874.00 | .00;2025;9;PREFEITURA DO MUNICÖPIO DE SÇO PAULO;1 - RECEITAS CORRENTES;9 - OUTRAS RECEITAS CORRENTES;2 - INDENIZAåES RESTITUIåES E RESSARCIMENTOS;3 - RESSARCIMENTOS;99 - OUTROS RESSARCIMENTOS;0 - OUTROS RESSARCIMENTOS;1 - Principal;12 - OUTROS RESSARCIMENTOSÿ- OUCFL - Outorga;00 - OUTROS RESSARCIMENTOSÿ- OUCFL - Outorga;000 - OUTROS RESSARCIMENTOSÿ- OUCFL - Outorga;000 - OUTROS RESSARCIMENTOSÿ- OUCFL - Outorga;11 - Integral;01 - Total;000 - Total;50874.00;.00
2025;2025 | 9 | PREFEITURA DO MUNICOPIO DE SCO PAULO | 1 - RECEITAS CORRENTES | 9 - OUTRAS RECEITAS CORRENTES | 4 - MULTAS E JUROS DE MORA DAS RECEITAS DE CAPITAL | 9 - MULTAS E JUROS DE MORA DE OUTRAS RECEITAS DE CAPITAL | 99 - MULTAS E JUROS DE OUTRAS RECEITAS DE CAPITAL | 0 - MULTAS E JUROS DE OUTRAS RECEITAS DE CAPITAL | 2 - MULTA | 76 - OUTORGA ONEROSA - PLANO DIRETOR - DIREITO DE CONSTRUIR - FUNDURB - MULTAS E JUROS | 00 - OUTORGA ONEROSA - PLANO DIRETOR - DIREITO DE CONSTRUIR - FUNDURB - MULTAS E JUROS | 000 - OUTORGA ONEROSA - PLANO DIRETOR - DIREITO DE CONSTRUIR - FUNDURB - MULTAS E JUROS | 000 - OUTORGA ONEROSA - PLANO DIRETOR - DIREITO DE CONSTRUIR - FUNDURB - MULTAS E JUROS | 11 - INTEGRAL | 01 - TOTAL | 000 - TOTAL | 84881.00 | .00;2025;9;PREFEITURA DO MUNICÖPIO DE SÇO PAULO;1 - RECEITAS CORRENTES;9 - OUTRAS RECEITAS CORRENTES;4 - MULTAS E JUROS DE MORA DAS RECEITAS DE CAPITAL;9 - MULTAS E JUROS DE MORA DE OUTRAS RECEITAS DE CAPITAL;99 - MULTAS E JUROS DE OUTRAS RECEITAS DE CAPITAL;0 - MULTAS E JUROS DE OUTRAS RECEITAS DE CAPITAL;2 - Multa;76 - OUTORGA ONEROSA - PLANO DIRETOR - DIREITO DE CONSTRUIR - FUNDURB - MULTAS E JUROS;00 - OUTORGA ONEROSA - PLANO DIRETOR - DIREITO DE CONSTRUIR - FUNDURB - MULTAS E JUROS;000 - OUTORGA ONEROSA - PLANO DIRETOR - DIREITO DE CONSTRUIR - FUNDURB - MULTAS E JUROS;000 - OUTORGA ONEROSA - PLANO DIRETOR - DIREITO DE CONSTRUIR - FUNDURB - MULTAS E JUROS;11 - Integral;01 - Total;000 - Total;84881.00;.00
2025;2025 | 9 | PREFEITURA DO MUNICOPIO DE SCO PAULO | 2 - RECEITAS DE CAPITAL | 9 - OUTRAS RECEITAS DE CAPITAL | 9 - DEMAIS RECEITAS DE CAPITAL | 9 - DEMAIS RECEITAS DE CAPITAL | 99 - OUTRAS RECEITAS DE CAPITAL | 0 - OUTRAS RECEITAS DE CAPITAL | 1 - PRINCIPAL | 01 - DEMAIS RECEITAS DE CAPITAL - PRINCIPAL | 09 - OUTORGA ONEROSA COTA SOLIDARIEDADE - FUNDURB | 000 - OUTORGA ONEROSA COTA SOLIDARIEDADE - FUNDURB | 000 - OUTORGA ONEROSA COTA SOLIDARIEDADE - FUNDURB | 11 - INTEGRAL | 01 - TOTAL | 000 - TOTAL | 50491073.00 | 24792728.77;2025;9;PREFEITURA DO MUNICÖPIO DE SÇO PAULO;2 - RECEITAS DE CAPITAL;9 - OUTRAS RECEITAS DE CAPITAL;9 - DEMAIS RECEITAS DE CAPITAL;9 - DEMAIS RECEITAS DE CAPITAL;99 - OUTRAS RECEITAS DE CAPITAL;0 - OUTRAS RECEITAS DE CAPITAL;1 - Principal;01 - DEMAIS RECEITAS DE CAPITAL - PRINCIPAL;09 - OUTORGA ONEROSA COTA SOLIDARIEDADE - FUNDURB;000 - OUTORGA ONEROSA COTA SOLIDARIEDADE - FUNDURB;000 - OUTORGA ONEROSA COTA SOLIDARIEDADE - FUNDURB;11 - Integral;01 - Total;000 - Total;50491073.00;24792728.77
2025;2025 | 9 | PREFEITURA DO MUNICOPIO DE SCO PAULO | 2 - RECEITAS DE CAPITAL | 9 - OUTRAS RECEITAS DE CAPITAL | 9 - DEMAIS RECEITAS DE CAPITAL | 9 - DEMAIS RECEITAS DE CAPITAL | 99 - OUTRAS RECEITAS DE CAPITAL | 0 - OUTRAS RECEITAS DE CAPITAL | 1 - PRINCIPAL | 01 - DEMAIS RECEITAS DE CAPITAL - PRINCIPAL | 11 - OUTORGA ONEROSA - PLANO DIRETOR - DIREITO DE CONSTRUIR - FUNDURB | 000 - OUTORGA ONEROSA - PLANO DIRETOR - DIREITO DE CONSTRUIR - FUNDURB | 000 - OUTORGA ONEROSA - PLANO DIRETOR - DIREITO DE CONSTRUIR - FUNDURB | 11 - INTEGRAL | 01 - TOTAL | 000 - TOTAL | 931382643.00 | 150743582.37;2025;9;PREFEITURA DO MUNICÖPIO DE SÇO PAULO;2 - RECEITAS DE CAPITAL;9 - OUTRAS RECEITAS DE CAPITAL;9 - DEMAIS RECEITAS DE CAPITAL;9 - DEMAIS RECEITAS DE CAPITAL;99 - OUTRAS RECEITAS DE CAPITAL;0 - OUTRAS RECEITAS DE CAPITAL;1 - Principal;01 - DEMAIS RECEITAS DE CAPITAL - PRINCIPAL;11 - OUTORGA ONEROSA - PLANO DIRETOR - DIREITO DE CONSTRUIR - FUNDURB;000 - OUTORGA ONEROSA - PLANO DIRETOR - DIREITO DE CONSTRUIR - FUNDURB;000 - OUTORGA ONEROSA - PLANO DIRETOR - DIREITO DE CONSTRUIR - FUNDURB;11 - Integral;01 - Total;000 - Total;931382643.00;150743582.37
2025;2025 | 9 | PREFEITURA DO MUNICOPIO DE SCO PAULO | 2 - RECEITAS DE CAPITAL | 9 - OUTRAS RECEITAS DE CAPITAL | 9 - DEMAIS RECEITAS DE CAPITAL | 9 - DEMAIS RECEITAS DE CAPITAL | 99 - OUTRAS RECEITAS DE CAPITAL | 0 - OUTRAS RECEITAS DE CAPITAL | 1 - PRINCIPAL | 01 - DEMAIS RECEITAS DE CAPITAL - PRINCIPAL | 11 - OUTORGA ONEROSA - PLANO DIRETOR - DIREITO DE CONSTRUIR - FUNDURB | 000 - OUTORGA ONEROSA - PLANO DIRETOR - DIREITO DE CONSTRUIR - FUNDURB | 000 - OUTORGA ONEROSA - PLANO DIRETOR - DIREITO DE CONSTRUIR - FUNDURB | 11 - INTEGRAL | 09 - DEDUTORA | 001 - DEDUAES OUTORGA ONEROSA - PLANO DIRETOR - DIREITO DE CONSTRUIR - FUNDURB | .00 | -464043.28;2025;9;PREFEITURA DO MUNICÖPIO DE SÇO PAULO;2 - RECEITAS DE CAPITAL;9 - OUTRAS RECEITAS DE CAPITAL;9 - DEMAIS RECEITAS DE CAPITAL;9 - DEMAIS RECEITAS DE CAPITAL;99 - OUTRAS RECEITAS DE CAPITAL;0 - OUTRAS RECEITAS DE CAPITAL;1 - Principal;01 - DEMAIS RECEITAS DE CAPITAL - PRINCIPAL;11 - OUTORGA ONEROSA - PLANO DIRETOR - DIREITO DE CONSTRUIR - FUNDURB;000 - OUTORGA ONEROSA - PLANO DIRETOR - DIREITO DE CONSTRUIR - FUNDURB;000 - OUTORGA ONEROSA - PLANO DIRETOR - DIREITO DE CONSTRUIR - FUNDURB;11 - Integral;09 - Dedutora;001 - Deduäes Outorga Onerosa - Plano Diretor - Direito de Construir - FUNDURB;.00;-464043.28
2025;2025 | 9 | PREFEITURA DO MUNICOPIO DE SCO PAULO | 2 - RECEITAS DE CAPITAL | 9 - OUTRAS RECEITAS DE CAPITAL | 9 - DEMAIS RECEITAS DE CAPITAL | 9 - DEMAIS RECEITAS DE CAPITAL | 99 - OUTRAS RECEITAS DE CAPITAL | 0 - OUTRAS RECEITAS DE CAPITAL | 1 - PRINCIPAL | 01 - DEMAIS RECEITAS DE CAPITAL - PRINCIPAL | 64 - OUTORGA ONEROSA AIU SETOR CENTRAL - FUNDURB | 000 - OUTORGA ONEROSA AIU SETOR CENTRAL - FUNDURB | 000 - OUTORGA ONEROSA AIU SETOR CENTRAL - FUNDURB | 11 - INTEGRAL | 01 - TOTAL | 000 - TOTAL | .00 | 529243.56;2025;9;PREFEITURA DO MUNICÖPIO DE SÇO PAULO;2 - RECEITAS DE CAPITAL;9 - OUTRAS RECEITAS DE CAPITAL;9 - DEMAIS RECEITAS DE CAPITAL;9 - DEMAIS RECEITAS DE CAPITAL;99 - OUTRAS RECEITAS DE CAPITAL;0 - OUTRAS RECEITAS DE CAPITAL;1 - Principal;01 - DEMAIS RECEITAS DE CAPITAL - PRINCIPAL;64 - OUTORGA ONEROSA AIU SETOR CENTRAL - FUNDURB;000 - OUTORGA ONEROSA AIU SETOR CENTRAL - FUNDURB;000 - OUTORGA ONEROSA AIU SETOR CENTRAL - FUNDURB;11 - Integral;01 - Total;000 - Total;.00;529243.56
2025;2025 | 10 | AGONCIA REG. DE SERV. PEBLICOS DE SCO PAULO | 1 - RECEITAS CORRENTES | 1 - IMPOSTOS TAXAS E CONTRIBUIAES DE MELHORIA | 2 - TAXAS | 1 - TAXAS PELO EXERCOCIO DO PODER DE POLOCIA | 01 - TAXAS DE INSPECO CONTROLE E FISCALIZACO | 0 - TAXAS DE INSPECO CONTROLE E FISCALIZACO | 1 - PRINCIPAL | 13 - TAXAS - EMISSCO DE ALVARS - SERVIOS FUNERRIOS E CEMITERIAIS | 00 - TAXAS - EMISSCO DE ALVARS - SERVIOS FUNERRIOS E CEMITERIAIS | 000 - TAXAS - EMISSCO DE ALVARS - SERVIOS FUNERRIOS E CEMITERIAIS | 000 - TAXAS - EMISSCO DE ALVARS - SERVIOS FUNERRIOS E CEMITERIAIS | 11 - INTEGRAL | 01 - TOTAL | 000 - TOTAL | .00 | 7188.18;2025;10;AGÒNCIA REG. DE SERV. PéBLICOS DE SÇO PAULO;1 - RECEITAS CORRENTES;1 - IMPOSTOS TAXAS E CONTRIBUIåES DE MELHORIA;2 - TAXAS;1 - TAXAS PELO EXERCÖCIO DO PODER DE POLÖCIA;01 - TAXAS DE INSPEÇO CONTROLE E FISCALIZAÇO;0 - TAXAS DE INSPEÇO CONTROLE E FISCALIZAÇO;1 - Principal;13 - TAXAS - EMISSÇO DE ALVARµS - SERVIOS FUNERµRIOS E CEMITERIAIS;00 - TAXAS - EMISSÇO DE ALVARµS - SERVIOS FUNERµRIOS E CEMITERIAIS;000 - TAXAS - EMISSÇO DE ALVARµS - SERVIOS FUNERµRIOS E CEMITERIAIS;000 - TAXAS - EMISSÇO DE ALVARµS - SERVIOS FUNERµRIOS E CEMITERIAIS;11 - Integral;01 - Total;000 - Total;.00;7188.18
2025;2025 | 10 | AGONCIA REG. DE SERV. PEBLICOS DE SCO PAULO | 1 - RECEITAS CORRENTES | 9 - OUTRAS RECEITAS CORRENTES | 1 - MULTAS ADMINISTRATIVAS CONTRATUAIS E JUDICIAIS | 1 - MULTAS ADMINISTRATIVAS CONTRATUAIS E JUDICIAIS | 01 - MULTAS PREVISTAS EM LEGISLACO ESPECOFICA | 0 - MULTAS PREVISTAS EM LEGISLACO ESPECOFICA | 1 - PRINCIPAL | 02 - DEMAIS MULTAS PREVISTAS EM LEGISLACO ESPECOFICA | 16 - MULTAS DE POSTURAS MUNICIPAIS - SP REGULA | 000 - MULTAS DE POSTURAS MUNICIPAIS - SP REGULA | 000 - MULTAS DE POSTURAS MUNICIPAIS - SP REGULA | 11 - INTEGRAL | 01 - TOTAL | 000 - TOTAL | 966300.00 | 274821.82;2025;10;AGÒNCIA REG. DE SERV. PéBLICOS DE SÇO PAULO;1 - RECEITAS CORRENTES;9 - OUTRAS RECEITAS CORRENTES;1 - MULTAS ADMINISTRATIVAS CONTRATUAIS E JUDICIAIS;1 - MULTAS ADMINISTRATIVAS CONTRATUAIS E JUDICIAIS;01 - MULTAS PREVISTAS EM LEGISLAÇO ESPECÖFICA;0 - MULTAS PREVISTAS EM LEGISLAÇO ESPECÖFICA;1 - Principal;02 - DEMAIS MULTAS PREVISTAS EM LEGISLAÇO ESPECÖFICA;16 - MULTAS DE POSTURAS MUNICIPAIS - SP REGULA;000 - MULTAS DE POSTURAS MUNICIPAIS - SP REGULA;000 - MULTAS DE POSTURAS MUNICIPAIS - SP REGULA;11 - Integral;01 - Total;000 - Total;966300.00;274821.82
2025;2025 | 10 | AGONCIA REG. DE SERV. PEBLICOS DE SCO PAULO | 1 - RECEITAS CORRENTES | 9 - OUTRAS RECEITAS CORRENTES | 1 - MULTAS ADMINISTRATIVAS CONTRATUAIS E JUDICIAIS | 1 - MULTAS ADMINISTRATIVAS CONTRATUAIS E JUDICIAIS | 01 - MULTAS PREVISTAS EM LEGISLACO ESPECOFICA | 0 - MULTAS PREVISTAS EM LEGISLACO ESPECOFICA | 2 - MULTA | 02 - DEMAIS MULTAS PREVISTAS EM LEGISLACO ESPECOFICA - MULTAS E JUROS | 16 - MULTAS DE POSTURAS MUNICIPAIS - SP REGULA - MULTAS E JUROS | 000 - MULTAS DE POSTURAS MUNICIPAIS - SP REGULA - MULTAS E JUROS | 000 - MULTAS DE POSTURAS MUNICIPAIS - SP REGULA - MULTAS E JUROS | 11 - INTEGRAL | 01 - TOTAL | 000 - TOTAL | 96000.00 | 2703.76;2025;10;AGÒNCIA REG. DE SERV. PéBLICOS DE SÇO PAULO;1 - RECEITAS CORRENTES;9 - OUTRAS RECEITAS CORRENTES;1 - MULTAS ADMINISTRATIVAS CONTRATUAIS E JUDICIAIS;1 - MULTAS ADMINISTRATIVAS CONTRATUAIS E JUDICIAIS;01 - MULTAS PREVISTAS EM LEGISLAÇO ESPECÖFICA;0 - MULTAS PREVISTAS EM LEGISLAÇO ESPECÖFICA;2 - Multa;02 - DEMAIS MULTAS PREVISTAS EM LEGISLAÇO ESPECÖFICA - MULTAS E JUROS;16 - MULTAS DE POSTURAS MUNICIPAIS - SP REGULA - MULTAS E JUROS;000 - MULTAS DE POSTURAS MUNICIPAIS - SP REGULA - MULTAS E JUROS;000 - MULTAS DE POSTURAS MUNICIPAIS - SP REGULA - MULTAS E JUROS;11 - Integral;01 - Total;000 - Total;96000.00;2703.76
2025;2025 | 10 | AGONCIA REG. DE SERV. PEBLICOS DE SCO PAULO | 1 - RECEITAS CORRENTES | 9 - OUTRAS RECEITAS CORRENTES | 1 - MULTAS ADMINISTRATIVAS CONTRATUAIS E JUDICIAIS | 1 - MULTAS ADMINISTRATIVAS CONTRATUAIS E JUDICIAIS | 09 - MULTAS E JUROS PREVISTOS EM CONTRATOS | 0 - MULTAS E JUROS PREVISTOS EM CONTRATOS | 1 - PRINCIPAL | 11 - MULTAS - CONTRATOS DA ADMINISTRACO INDIRETA - SP-REGULA - SERVIOS FUNERRIOS E CEMITERIAIS | 00 - MULTAS - CONTRATOS DA ADMINISTRACO INDIRETA - SP-REGULA - SERVIOS FUNERRIOS E CEMITERIAIS | 000 - MULTAS - CONTRATOS DA ADMINISTRACO INDIRETA - SP-REGULA - SERVIOS FUNERRIOS E CEMITERIAIS | 000 - MULTAS - CONTRATOS DA ADMINISTRACO INDIRETA - SP-REGULA - SERVIOS FUNERRIOS E CEMITERIAIS | 11 - INTEGRAL | 01 - TOTAL | 000 - TOTAL | 99996.00 | 12318.94;2025;10;AGÒNCIA REG. DE SERV. PéBLICOS DE SÇO PAULO;1 - RECEITAS CORRENTES;9 - OUTRAS RECEITAS CORRENTES;1 - MULTAS ADMINISTRATIVAS CONTRATUAIS E JUDICIAIS;1 - MULTAS ADMINISTRATIVAS CONTRATUAIS E JUDICIAIS;09 - MULTAS E JUROS PREVISTOS EM CONTRATOS;0 - MULTAS E JUROS PREVISTOS EM CONTRATOS;1 - Principal;11 - MULTAS - CONTRATOS DA ADMINISTRAÇO INDIRETA - SP-REGULA - SERVIOS FUNERµRIOS E CEMITERIAIS;00 - MULTAS - CONTRATOS DA ADMINISTRAÇO INDIRETA - SP-REGULA - SERVIOS FUNERµRIOS E CEMITERIAIS;000 - MULTAS - CONTRATOS DA ADMINISTRAÇO INDIRETA - SP-REGULA - SERVIOS FUNERµRIOS E CEMITERIAIS;000 - MULTAS - CONTRATOS DA ADMINISTRAÇO INDIRETA - SP-REGULA - SERVIOS FUNERµRIOS E CEMITERIAIS;11 - Integral;01 - Total;000 - Total;99996.00;12318.94
2025;2025 | 10 | FUNDO MUNICIPAL DE HABITAO - COHAB | 1 - RECEITAS CORRENTES | 3 - RECEITA PATRIMONIAL | 2 - VALORES MOBILIRIOS | 1 - JUROS E CORREAES MONETRIAS | 05 - JUROS DE TOTULOS DE RENDA | 0 - JUROS DE TOTULOS DE RENDA | 1 - PRINCIPAL | 01 - FUNDOS DE INVESTIMENTOS E APLICAAES EM COTAS - RENDA FIXA | 09 - TESOURO MUNICIPAL - RECURSOS VINCULADOS | 023 - FUNDO MUNICIPAL DE HABITACO - COHAB | 001 - OUTORGA ONEROSA LEI 13.558/2003 ALTERADA PELA LEI 13.876/2004 | 11 - INTEGRAL | 01 - TOTAL | 000 - TOTAL | 360000.00 | .00;2025;10;Fundo Municipal de HabitaÆo - COHAB;1 - RECEITAS CORRENTES;3 - RECEITA PATRIMONIAL;2 - VALORES MOBILIµRIOS;1 - JUROS E CORREåES MONETµRIAS;05 - JUROS DE TÖTULOS DE RENDA;0 - JUROS DE TÖTULOS DE RENDA;1 - Principal;01 - FUNDOS DE INVESTIMENTOS E APLICAåES EM COTAS - RENDA FIXA;09 - TESOURO MUNICIPAL - RECURSOS VINCULADOS;023 - FUNDO MUNICIPAL DE HABITAÇO - COHAB;001 - OUTORGA ONEROSA LEI 13.558/2003 ALTERADA PELA LEI 13.876/2004;11 - Integral;01 - Total;000 - Total;360000.00;.00
2025;2025 | 10 | FUNDO MUNICIPAL DE HABITAO - COHAB | 2 - RECEITAS DE CAPITAL | 9 - OUTRAS RECEITAS DE CAPITAL | 9 - DEMAIS RECEITAS DE CAPITAL | 9 - DEMAIS RECEITAS DE CAPITAL | 99 - OUTRAS RECEITAS DE CAPITAL | 0 - OUTRAS RECEITAS DE CAPITAL | 1 - PRINCIPAL | 01 - DEMAIS RECEITAS DE CAPITAL - PRINCIPAL | 12 - OUTORGA ONEROSA - LEI DE ANISTIA | 000 - OUTORGA ONEROSA - LEI DE ANISTIA | 000 - OUTORGA ONEROSA - LEI DE ANISTIA | 11 - INTEGRAL | 01 - TOTAL | 000 - TOTAL | 200000.00 | .00;2025;10;Fundo Municipal de HabitaÆo - COHAB;2 - RECEITAS DE CAPITAL;9 - OUTRAS RECEITAS DE CAPITAL;9 - DEMAIS RECEITAS DE CAPITAL;9 - DEMAIS RECEITAS DE CAPITAL;99 - OUTRAS RECEITAS DE CAPITAL;0 - OUTRAS RECEITAS DE CAPITAL;1 - Principal;01 - DEMAIS RECEITAS DE CAPITAL - PRINCIPAL;12 - OUTORGA ONEROSA - LEI DE ANISTIA;000 - OUTORGA ONEROSA - LEI DE ANISTIA;000 - OUTORGA ONEROSA - LEI DE ANISTIA;11 - Integral;01 - Total;000 - Total;200000.00;.00
2025;2025 | 10 | PREFEITURA DO MUNICOPIO DE SCO PAULO | 1 - RECEITAS CORRENTES | 3 - RECEITA PATRIMONIAL | 2 - VALORES MOBILIRIOS | 1 - JUROS E CORREAES MONETRIAS | 05 - JUROS DE TOTULOS DE RENDA | 0 - JUROS DE TOTULOS DE RENDA | 1 - PRINCIPAL | 01 - FUNDOS DE INVESTIMENTOS E APLICAAES EM COTAS - RENDA FIXA | 09 - TESOURO MUNICIPAL - RECURSOS VINCULADOS | 032 - SECRETARIA MUNICIPAL DE URBANISMO E LICENCIAMENTO | 009 - OPERACO URBANA FARIA LIMA - OUTORGA HIS | 11 - INTEGRAL | 01 - TOTAL | 000 - TOTAL | 3960000.00 | 635948.46;2025;10;PREFEITURA DO MUNICÖPIO DE SÇO PAULO;1 - RECEITAS CORRENTES;3 - RECEITA PATRIMONIAL;2 - VALORES MOBILIµRIOS;1 - JUROS E CORREåES MONETµRIAS;05 - JUROS DE TÖTULOS DE RENDA;0 - JUROS DE TÖTULOS DE RENDA;1 - Principal;01 - FUNDOS DE INVESTIMENTOS E APLICAåES EM COTAS - RENDA FIXA;09 - TESOURO MUNICIPAL - RECURSOS VINCULADOS;032 - SECRETARIA MUNICIPAL DE URBANISMO E LICENCIAMENTO;009 - OPERAÇO URBANA FARIA LIMA - OUTORGA HIS;11 - Integral;01 - Total;000 - Total;3960000.00;635948.46
2025;2025 | 10 | PREFEITURA DO MUNICOPIO DE SCO PAULO | 1 - RECEITAS CORRENTES | 3 - RECEITA PATRIMONIAL | 2 - VALORES MOBILIRIOS | 1 - JUROS E CORREAES MONETRIAS | 05 - JUROS DE TOTULOS DE RENDA | 0 - JUROS DE TOTULOS DE RENDA | 1 - PRINCIPAL | 01 - FUNDOS DE INVESTIMENTOS E APLICAAES EM COTAS - RENDA FIXA | 09 - TESOURO MUNICIPAL - RECURSOS VINCULADOS | 032 - SECRETARIA MUNICIPAL DE URBANISMO E LICENCIAMENTO | 011 - OPERACO URBANA FARIA LIMA - OUTORGA | 11 - INTEGRAL | 01 - TOTAL | 000 - TOTAL | 10800000.00 | 1248993.94;2025;10;PREFEITURA DO MUNICÖPIO DE SÇO PAULO;1 - RECEITAS CORRENTES;3 - RECEITA PATRIMONIAL;2 - VALORES MOBILIµRIOS;1 - JUROS E CORREåES MONETµRIAS;05 - JUROS DE TÖTULOS DE RENDA;0 - JUROS DE TÖTULOS DE RENDA;1 - Principal;01 - FUNDOS DE INVESTIMENTOS E APLICAåES EM COTAS - RENDA FIXA;09 - TESOURO MUNICIPAL - RECURSOS VINCULADOS;032 - SECRETARIA MUNICIPAL DE URBANISMO E LICENCIAMENTO;011 - OPERAÇO URBANA FARIA LIMA - OUTORGA;11 - Integral;01 - Total;000 - Total;10800000.00;1248993.94
2025;2025 | 10 | PREFEITURA DO MUNICOPIO DE SCO PAULO | 1 - RECEITAS CORRENTES | 3 - RECEITA PATRIMONIAL | 2 - VALORES MOBILIRIOS | 1 - JUROS E CORREAES MONETRIAS | 05 - JUROS DE TOTULOS DE RENDA | 0 - JUROS DE TOTULOS DE RENDA | 1 - PRINCIPAL | 01 - FUNDOS DE INVESTIMENTOS E APLICAAES EM COTAS - RENDA FIXA | 09 - TESOURO MUNICIPAL - RECURSOS VINCULADOS | 032 - SECRETARIA MUNICIPAL DE URBANISMO E LICENCIAMENTO | 013 - FUNDO ESPECIAL OPERACO URBANA GUA BRANCA - FEAB - OUTORGA | 11 - INTEGRAL | 01 - TOTAL | 000 - TOTAL | 84000000.00 | 13682963.64;2025;10;PREFEITURA DO MUNICÖPIO DE SÇO PAULO;1 - RECEITAS CORRENTES;3 - RECEITA PATRIMONIAL;2 - VALORES MOBILIµRIOS;1 - JUROS E CORREåES MONETµRIAS;05 - JUROS DE TÖTULOS DE RENDA;0 - JUROS DE TÖTULOS DE RENDA;1 - Principal;01 - FUNDOS DE INVESTIMENTOS E APLICAåES EM COTAS - RENDA FIXA;09 - TESOURO MUNICIPAL - RECURSOS VINCULADOS;032 - SECRETARIA MUNICIPAL DE URBANISMO E LICENCIAMENTO;013 - FUNDO ESPECIAL OPERAÇO URBANA µGUA BRANCA - FEAB - OUTORGA;11 - Integral;01 - Total;000 - Total;84000000.00;13682963.64
2025;2025 | 10 | PREFEITURA DO MUNICOPIO DE SCO PAULO | 1 - RECEITAS CORRENTES | 3 - RECEITA PATRIMONIAL | 2 - VALORES MOBILIRIOS | 1 - JUROS E CORREAES MONETRIAS | 05 - JUROS DE TOTULOS DE RENDA | 0 - JUROS DE TOTULOS DE RENDA | 1 - PRINCIPAL | 01 - FUNDOS DE INVESTIMENTOS E APLICAAES EM COTAS - RENDA FIXA | 09 - TESOURO MUNICIPAL - RECURSOS VINCULADOS | 032 - SECRETARIA MUNICIPAL DE URBANISMO E LICENCIAMENTO | 014 - FUNDO ESPECIAL OPERACO URBANA GUA BRANCA - FEAB - OUTORGA - HIS | 11 - INTEGRAL | 01 - TOTAL | 000 - TOTAL | 30000.00 | 4911.97;2025;10;PREFEITURA DO MUNICÖPIO DE SÇO PAULO;1 - RECEITAS CORRENTES;3 - RECEITA PATRIMONIAL;2 - VALORES MOBILIµRIOS;1 - JUROS E CORREåES MONETµRIAS;05 - JUROS DE TÖTULOS DE RENDA;0 - JUROS DE TÖTULOS DE RENDA;1 - Principal;01 - FUNDOS DE INVESTIMENTOS E APLICAåES EM COTAS - RENDA FIXA;09 - TESOURO MUNICIPAL - RECURSOS VINCULADOS;032 - SECRETARIA MUNICIPAL DE URBANISMO E LICENCIAMENTO;014 - FUNDO ESPECIAL OPERAÇO URBANA µGUA BRANCA - FEAB - OUTORGA - HIS;11 - Integral;01 - Total;000 - Total;30000.00;4911.97
2025;2025 | 10 | PREFEITURA DO MUNICOPIO DE SCO PAULO | 1 - RECEITAS CORRENTES | 3 - RECEITA PATRIMONIAL | 3 - DELEGACO DE SERVIOS PEBLICOS MEDIANTE CONCESSCO PERMISSCO AUTORIZACO OU LICENA | 9 - DEMAIS DELEGAAES DE SERVIOS PEBLICOS | 99 - OUTRAS DELEGAAES DE SERVIOS PEBLICOS | 0 - OUTRAS DELEGAAES DE SERVIOS PEBLICOS | 1 - PRINCIPAL | 01 - OUTORGAS PROVENIENTES DE CONCESSAES - FMD | 00 - OUTORGAS PROVENIENTES DE CONCESSAES - FMD | 000 - OUTORGAS PROVENIENTES DE CONCESSAES - FMD | 000 - OUTORGAS PROVENIENTES DE CONCESSAES - FMD | 11 - INTEGRAL | 01 - TOTAL | 000 - TOTAL | 106060339.00 | 8181467.27;2025;10;PREFEITURA DO MUNICÖPIO DE SÇO PAULO;1 - RECEITAS CORRENTES;3 - RECEITA PATRIMONIAL;3 - DELEGAÇO DE SERVIOS PéBLICOS MEDIANTE CONCESSÇO PERMISSÇO AUTORIZAÇO OU LICENA;9 - DEMAIS DELEGAåES DE SERVIOS PéBLICOS;99 - OUTRAS DELEGAåES DE SERVIOS PéBLICOS;0 - OUTRAS DELEGAåES DE SERVIOS PéBLICOS;1 - Principal;01 - OUTORGAS PROVENIENTES DE CONCESSåES - FMD;00 - OUTORGAS PROVENIENTES DE CONCESSåES - FMD;000 - OUTORGAS PROVENIENTES DE CONCESSåES - FMD;000 - OUTORGAS PROVENIENTES DE CONCESSåES - FMD;11 - Integral;01 - Total;000 - Total;106060339.00;8181467.27
2025;2025 | 10 | PREFEITURA DO MUNICOPIO DE SCO PAULO | 1 - RECEITAS CORRENTES | 9 - OUTRAS RECEITAS CORRENTES | 2 - INDENIZAAES RESTITUIAES E RESSARCIMENTOS | 3 - RESSARCIMENTOS | 99 - OUTROS RESSARCIMENTOS | 0 - OUTROS RESSARCIMENTOS | 1 - PRINCIPAL | 12 - OUTROS RESSARCIMENTOSY- OUCFL - OUTORGA | 00 - OUTROS RESSARCIMENTOSY- OUCFL - OUTORGA | 000 - OUTROS RESSARCIMENTOSY- OUCFL - OUTORGA | 000 - OUTROS RESSARCIMENTOSY- OUCFL - OUTORGA | 11 - INTEGRAL | 01 - TOTAL | 000 - TOTAL | 50874.00 | .00;2025;10;PREFEITURA DO MUNICÖPIO DE SÇO PAULO;1 - RECEITAS CORRENTES;9 - OUTRAS RECEITAS CORRENTES;2 - INDENIZAåES RESTITUIåES E RESSARCIMENTOS;3 - RESSARCIMENTOS;99 - OUTROS RESSARCIMENTOS;0 - OUTROS RESSARCIMENTOS;1 - Principal;12 - OUTROS RESSARCIMENTOSÿ- OUCFL - Outorga;00 - OUTROS RESSARCIMENTOSÿ- OUCFL - Outorga;000 - OUTROS RESSARCIMENTOSÿ- OUCFL - Outorga;000 - OUTROS RESSARCIMENTOSÿ- OUCFL - Outorga;11 - Integral;01 - Total;000 - Total;50874.00;.00
2025;2025 | 10 | PREFEITURA DO MUNICOPIO DE SCO PAULO | 1 - RECEITAS CORRENTES | 9 - OUTRAS RECEITAS CORRENTES | 4 - MULTAS E JUROS DE MORA DAS RECEITAS DE CAPITAL | 9 - MULTAS E JUROS DE MORA DE OUTRAS RECEITAS DE CAPITAL | 99 - MULTAS E JUROS DE OUTRAS RECEITAS DE CAPITAL | 0 - MULTAS E JUROS DE OUTRAS RECEITAS DE CAPITAL | 2 - MULTA | 76 - OUTORGA ONEROSA - PLANO DIRETOR - DIREITO DE CONSTRUIR - FUNDURB - MULTAS E JUROS | 00 - OUTORGA ONEROSA - PLANO DIRETOR - DIREITO DE CONSTRUIR - FUNDURB - MULTAS E JUROS | 000 - OUTORGA ONEROSA - PLANO DIRETOR - DIREITO DE CONSTRUIR - FUNDURB - MULTAS E JUROS | 000 - OUTORGA ONEROSA - PLANO DIRETOR - DIREITO DE CONSTRUIR - FUNDURB - MULTAS E JUROS | 11 - INTEGRAL | 01 - TOTAL | 000 - TOTAL | 84881.00 | .00;2025;10;PREFEITURA DO MUNICÖPIO DE SÇO PAULO;1 - RECEITAS CORRENTES;9 - OUTRAS RECEITAS CORRENTES;4 - MULTAS E JUROS DE MORA DAS RECEITAS DE CAPITAL;9 - MULTAS E JUROS DE MORA DE OUTRAS RECEITAS DE CAPITAL;99 - MULTAS E JUROS DE OUTRAS RECEITAS DE CAPITAL;0 - MULTAS E JUROS DE OUTRAS RECEITAS DE CAPITAL;2 - Multa;76 - OUTORGA ONEROSA - PLANO DIRETOR - DIREITO DE CONSTRUIR - FUNDURB - MULTAS E JUROS;00 - OUTORGA ONEROSA - PLANO DIRETOR - DIREITO DE CONSTRUIR - FUNDURB - MULTAS E JUROS;000 - OUTORGA ONEROSA - PLANO DIRETOR - DIREITO DE CONSTRUIR - FUNDURB - MULTAS E JUROS;000 - OUTORGA ONEROSA - PLANO DIRETOR - DIREITO DE CONSTRUIR - FUNDURB - MULTAS E JUROS;11 - Integral;01 - Total;000 - Total;84881.00;.00
2025;2025 | 10 | PREFEITURA DO MUNICOPIO DE SCO PAULO | 2 - RECEITAS DE CAPITAL | 9 - OUTRAS RECEITAS DE CAPITAL | 9 - DEMAIS RECEITAS DE CAPITAL | 9 - DEMAIS RECEITAS DE CAPITAL | 99 - OUTRAS RECEITAS DE CAPITAL | 0 - OUTRAS RECEITAS DE CAPITAL | 1 - PRINCIPAL | 01 - DEMAIS RECEITAS DE CAPITAL - PRINCIPAL | 09 - OUTORGA ONEROSA COTA SOLIDARIEDADE - FUNDURB | 000 - OUTORGA ONEROSA COTA SOLIDARIEDADE - FUNDURB | 000 - OUTORGA ONEROSA COTA SOLIDARIEDADE - FUNDURB | 11 - INTEGRAL | 01 - TOTAL | 000 - TOTAL | 50491073.00 | 21483127.91;2025;10;PREFEITURA DO MUNICÖPIO DE SÇO PAULO;2 - RECEITAS DE CAPITAL;9 - OUTRAS RECEITAS DE CAPITAL;9 - DEMAIS RECEITAS DE CAPITAL;9 - DEMAIS RECEITAS DE CAPITAL;99 - OUTRAS RECEITAS DE CAPITAL;0 - OUTRAS RECEITAS DE CAPITAL;1 - Principal;01 - DEMAIS RECEITAS DE CAPITAL - PRINCIPAL;09 - OUTORGA ONEROSA COTA SOLIDARIEDADE - FUNDURB;000 - OUTORGA ONEROSA COTA SOLIDARIEDADE - FUNDURB;000 - OUTORGA ONEROSA COTA SOLIDARIEDADE - FUNDURB;11 - Integral;01 - Total;000 - Total;50491073.00;21483127.91
2025;2025 | 10 | PREFEITURA DO MUNICOPIO DE SCO PAULO | 2 - RECEITAS DE CAPITAL | 9 - OUTRAS RECEITAS DE CAPITAL | 9 - DEMAIS RECEITAS DE CAPITAL | 9 - DEMAIS RECEITAS DE CAPITAL | 99 - OUTRAS RECEITAS DE CAPITAL | 0 - OUTRAS RECEITAS DE CAPITAL | 1 - PRINCIPAL | 01 - DEMAIS RECEITAS DE CAPITAL - PRINCIPAL | 11 - OUTORGA ONEROSA - PLANO DIRETOR - DIREITO DE CONSTRUIR - FUNDURB | 000 - OUTORGA ONEROSA - PLANO DIRETOR - DIREITO DE CONSTRUIR - FUNDURB | 000 - OUTORGA ONEROSA - PLANO DIRETOR - DIREITO DE CONSTRUIR - FUNDURB | 11 - INTEGRAL | 01 - TOTAL | 000 - TOTAL | 931382643.00 | 112499918.91;2025;10;PREFEITURA DO MUNICÖPIO DE SÇO PAULO;2 - RECEITAS DE CAPITAL;9 - OUTRAS RECEITAS DE CAPITAL;9 - DEMAIS RECEITAS DE CAPITAL;9 - DEMAIS RECEITAS DE CAPITAL;99 - OUTRAS RECEITAS DE CAPITAL;0 - OUTRAS RECEITAS DE CAPITAL;1 - Principal;01 - DEMAIS RECEITAS DE CAPITAL - PRINCIPAL;11 - OUTORGA ONEROSA - PLANO DIRETOR - DIREITO DE CONSTRUIR - FUNDURB;000 - OUTORGA ONEROSA - PLANO DIRETOR - DIREITO DE CONSTRUIR - FUNDURB;000 - OUTORGA ONEROSA - PLANO DIRETOR - DIREITO DE CONSTRUIR - FUNDURB;11 - Integral;01 - Total;000 - Total;931382643.00;112499918.91
2025;2025 | 10 | PREFEITURA DO MUNICOPIO DE SCO PAULO | 2 - RECEITAS DE CAPITAL | 9 - OUTRAS RECEITAS DE CAPITAL | 9 - DEMAIS RECEITAS DE CAPITAL | 9 - DEMAIS RECEITAS DE CAPITAL | 99 - OUTRAS RECEITAS DE CAPITAL | 0 - OUTRAS RECEITAS DE CAPITAL | 1 - PRINCIPAL | 01 - DEMAIS RECEITAS DE CAPITAL - PRINCIPAL | 11 - OUTORGA ONEROSA - PLANO DIRETOR - DIREITO DE CONSTRUIR - FUNDURB | 000 - OUTORGA ONEROSA - PLANO DIRETOR - DIREITO DE CONSTRUIR - FUNDURB | 000 - OUTORGA ONEROSA - PLANO DIRETOR - DIREITO DE CONSTRUIR - FUNDURB | 11 - INTEGRAL | 09 - DEDUTORA | 001 - DEDUAES OUTORGA ONEROSA - PLANO DIRETOR - DIREITO DE CONSTRUIR - FUNDURB | .00 | -49195.43;2025;10;PREFEITURA DO MUNICÖPIO DE SÇO PAULO;2 - RECEITAS DE CAPITAL;9 - OUTRAS RECEITAS DE CAPITAL;9 - DEMAIS RECEITAS DE CAPITAL;9 - DEMAIS RECEITAS DE CAPITAL;99 - OUTRAS RECEITAS DE CAPITAL;0 - OUTRAS RECEITAS DE CAPITAL;1 - Principal;01 - DEMAIS RECEITAS DE CAPITAL - PRINCIPAL;11 - OUTORGA ONEROSA - PLANO DIRETOR - DIREITO DE CONSTRUIR - FUNDURB;000 - OUTORGA ONEROSA - PLANO DIRETOR - DIREITO DE CONSTRUIR - FUNDURB;000 - OUTORGA ONEROSA - PLANO DIRETOR - DIREITO DE CONSTRUIR - FUNDURB;11 - Integral;09 - Dedutora;001 - Deduäes Outorga Onerosa - Plano Diretor - Direito de Construir - FUNDURB;.00;-49195.43
2025;2025 | 11 | AGONCIA REG. DE SERV. PEBLICOS DE SCO PAULO | 1 - RECEITAS CORRENTES | 1 - IMPOSTOS TAXAS E CONTRIBUIAES DE MELHORIA | 2 - TAXAS | 1 - TAXAS PELO EXERCOCIO DO PODER DE POLOCIA | 01 - TAXAS DE INSPECO CONTROLE E FISCALIZACO | 0 - TAXAS DE INSPECO CONTROLE E FISCALIZACO | 1 - PRINCIPAL | 13 - TAXAS - EMISSCO DE ALVARS - SERVIOS FUNERRIOS E CEMITERIAIS | 00 - TAXAS - EMISSCO DE ALVARS - SERVIOS FUNERRIOS E CEMITERIAIS | 000 - TAXAS - EMISSCO DE ALVARS - SERVIOS FUNERRIOS E CEMITERIAIS | 000 - TAXAS - EMISSCO DE ALVARS - SERVIOS FUNERRIOS E CEMITERIAIS | 11 - INTEGRAL | 01 - TOTAL | 000 - TOTAL | .00 | .00;2025;11;AGÒNCIA REG. DE SERV. PéBLICOS DE SÇO PAULO;1 - RECEITAS CORRENTES;1 - IMPOSTOS TAXAS E CONTRIBUIåES DE MELHORIA;2 - TAXAS;1 - TAXAS PELO EXERCÖCIO DO PODER DE POLÖCIA;01 - TAXAS DE INSPEÇO CONTROLE E FISCALIZAÇO;0 - TAXAS DE INSPEÇO CONTROLE E FISCALIZAÇO;1 - Principal;13 - TAXAS - EMISSÇO DE ALVARµS - SERVIOS FUNERµRIOS E CEMITERIAIS;00 - TAXAS - EMISSÇO DE ALVARµS - SERVIOS FUNERµRIOS E CEMITERIAIS;000 - TAXAS - EMISSÇO DE ALVARµS - SERVIOS FUNERµRIOS E CEMITERIAIS;000 - TAXAS - EMISSÇO DE ALVARµS - SERVIOS FUNERµRIOS E CEMITERIAIS;11 - Integral;01 - Total;000 - Total;.00;.00
2025;2025 | 11 | AGONCIA REG. DE SERV. PEBLICOS DE SCO PAULO | 1 - RECEITAS CORRENTES | 9 - OUTRAS RECEITAS CORRENTES | 1 - MULTAS ADMINISTRATIVAS CONTRATUAIS E JUDICIAIS | 1 - MULTAS ADMINISTRATIVAS CONTRATUAIS E JUDICIAIS | 01 - MULTAS PREVISTAS EM LEGISLACO ESPECOFICA | 0 - MULTAS PREVISTAS EM LEGISLACO ESPECOFICA | 1 - PRINCIPAL | 02 - DEMAIS MULTAS PREVISTAS EM LEGISLACO ESPECOFICA | 16 - MULTAS DE POSTURAS MUNICIPAIS - SP REGULA | 000 - MULTAS DE POSTURAS MUNICIPAIS - SP REGULA | 000 - MULTAS DE POSTURAS MUNICIPAIS - SP REGULA | 11 - INTEGRAL | 01 - TOTAL | 000 - TOTAL | 966300.00 | .00;2025;11;AGÒNCIA REG. DE SERV. PéBLICOS DE SÇO PAULO;1 - RECEITAS CORRENTES;9 - OUTRAS RECEITAS CORRENTES;1 - MULTAS ADMINISTRATIVAS CONTRATUAIS E JUDICIAIS;1 - MULTAS ADMINISTRATIVAS CONTRATUAIS E JUDICIAIS;01 - MULTAS PREVISTAS EM LEGISLAÇO ESPECÖFICA;0 - MULTAS PREVISTAS EM LEGISLAÇO ESPECÖFICA;1 - Principal;02 - DEMAIS MULTAS PREVISTAS EM LEGISLAÇO ESPECÖFICA;16 - MULTAS DE POSTURAS MUNICIPAIS - SP REGULA;000 - MULTAS DE POSTURAS MUNICIPAIS - SP REGULA;000 - MULTAS DE POSTURAS MUNICIPAIS - SP REGULA;11 - Integral;01 - Total;000 - Total;966300.00;.00
2025;2025 | 11 | AGONCIA REG. DE SERV. PEBLICOS DE SCO PAULO | 1 - RECEITAS CORRENTES | 9 - OUTRAS RECEITAS CORRENTES | 1 - MULTAS ADMINISTRATIVAS CONTRATUAIS E JUDICIAIS | 1 - MULTAS ADMINISTRATIVAS CONTRATUAIS E JUDICIAIS | 01 - MULTAS PREVISTAS EM LEGISLACO ESPECOFICA | 0 - MULTAS PREVISTAS EM LEGISLACO ESPECOFICA | 2 - MULTA | 02 - DEMAIS MULTAS PREVISTAS EM LEGISLACO ESPECOFICA - MULTAS E JUROS | 16 - MULTAS DE POSTURAS MUNICIPAIS - SP REGULA - MULTAS E JUROS | 000 - MULTAS DE POSTURAS MUNICIPAIS - SP REGULA - MULTAS E JUROS | 000 - MULTAS DE POSTURAS MUNICIPAIS - SP REGULA - MULTAS E JUROS | 11 - INTEGRAL | 01 - TOTAL | 000 - TOTAL | 96000.00 | .00;2025;11;AGÒNCIA REG. DE SERV. PéBLICOS DE SÇO PAULO;1 - RECEITAS CORRENTES;9 - OUTRAS RECEITAS CORRENTES;1 - MULTAS ADMINISTRATIVAS CONTRATUAIS E JUDICIAIS;1 - MULTAS ADMINISTRATIVAS CONTRATUAIS E JUDICIAIS;01 - MULTAS PREVISTAS EM LEGISLAÇO ESPECÖFICA;0 - MULTAS PREVISTAS EM LEGISLAÇO ESPECÖFICA;2 - Multa;02 - DEMAIS MULTAS PREVISTAS EM LEGISLAÇO ESPECÖFICA - MULTAS E JUROS;16 - MULTAS DE POSTURAS MUNICIPAIS - SP REGULA - MULTAS E JUROS;000 - MULTAS DE POSTURAS MUNICIPAIS - SP REGULA - MULTAS E JUROS;000 - MULTAS DE POSTURAS MUNICIPAIS - SP REGULA - MULTAS E JUROS;11 - Integral;01 - Total;000 - Total;96000.00;.00
2025;2025 | 11 | AGONCIA REG. DE SERV. PEBLICOS DE SCO PAULO | 1 - RECEITAS CORRENTES | 9 - OUTRAS RECEITAS CORRENTES | 1 - MULTAS ADMINISTRATIVAS CONTRATUAIS E JUDICIAIS | 1 - MULTAS ADMINISTRATIVAS CONTRATUAIS E JUDICIAIS | 09 - MULTAS E JUROS PREVISTOS EM CONTRATOS | 0 - MULTAS E JUROS PREVISTOS EM CONTRATOS | 1 - PRINCIPAL | 11 - MULTAS - CONTRATOS DA ADMINISTRACO INDIRETA - SP-REGULA - SERVIOS FUNERRIOS E CEMITERIAIS | 00 - MULTAS - CONTRATOS DA ADMINISTRACO INDIRETA - SP-REGULA - SERVIOS FUNERRIOS E CEMITERIAIS | 000 - MULTAS - CONTRATOS DA ADMINISTRACO INDIRETA - SP-REGULA - SERVIOS FUNERRIOS E CEMITERIAIS | 000 - MULTAS - CONTRATOS DA ADMINISTRACO INDIRETA - SP-REGULA - SERVIOS FUNERRIOS E CEMITERIAIS | 11 - INTEGRAL | 01 - TOTAL | 000 - TOTAL | 99996.00 | .00;2025;11;AGÒNCIA REG. DE SERV. PéBLICOS DE SÇO PAULO;1 - RECEITAS CORRENTES;9 - OUTRAS RECEITAS CORRENTES;1 - MULTAS ADMINISTRATIVAS CONTRATUAIS E JUDICIAIS;1 - MULTAS ADMINISTRATIVAS CONTRATUAIS E JUDICIAIS;09 - MULTAS E JUROS PREVISTOS EM CONTRATOS;0 - MULTAS E JUROS PREVISTOS EM CONTRATOS;1 - Principal;11 - MULTAS - CONTRATOS DA ADMINISTRAÇO INDIRETA - SP-REGULA - SERVIOS FUNERµRIOS E CEMITERIAIS;00 - MULTAS - CONTRATOS DA ADMINISTRAÇO INDIRETA - SP-REGULA - SERVIOS FUNERµRIOS E CEMITERIAIS;000 - MULTAS - CONTRATOS DA ADMINISTRAÇO INDIRETA - SP-REGULA - SERVIOS FUNERµRIOS E CEMITERIAIS;000 - MULTAS - CONTRATOS DA ADMINISTRAÇO INDIRETA - SP-REGULA - SERVIOS FUNERµRIOS E CEMITERIAIS;11 - Integral;01 - Total;000 - Total;99996.00;.00
2025;2025 | 11 | FUNDO MUNICIPAL DE HABITAO - COHAB | 1 - RECEITAS CORRENTES | 3 - RECEITA PATRIMONIAL | 2 - VALORES MOBILIRIOS | 1 - JUROS E CORREAES MONETRIAS | 05 - JUROS DE TOTULOS DE RENDA | 0 - JUROS DE TOTULOS DE RENDA | 1 - PRINCIPAL | 01 - FUNDOS DE INVESTIMENTOS E APLICAAES EM COTAS - RENDA FIXA | 09 - TESOURO MUNICIPAL - RECURSOS VINCULADOS | 023 - FUNDO MUNICIPAL DE HABITACO - COHAB | 001 - OUTORGA ONEROSA LEI 13.558/2003 ALTERADA PELA LEI 13.876/2004 | 11 - INTEGRAL | 01 - TOTAL | 000 - TOTAL | 360000.00 | .00;2025;11;Fundo Municipal de HabitaÆo - COHAB;1 - RECEITAS CORRENTES;3 - RECEITA PATRIMONIAL;2 - VALORES MOBILIµRIOS;1 - JUROS E CORREåES MONETµRIAS;05 - JUROS DE TÖTULOS DE RENDA;0 - JUROS DE TÖTULOS DE RENDA;1 - Principal;01 - FUNDOS DE INVESTIMENTOS E APLICAåES EM COTAS - RENDA FIXA;09 - TESOURO MUNICIPAL - RECURSOS VINCULADOS;023 - FUNDO MUNICIPAL DE HABITAÇO - COHAB;001 - OUTORGA ONEROSA LEI 13.558/2003 ALTERADA PELA LEI 13.876/2004;11 - Integral;01 - Total;000 - Total;360000.00;.00
2025;2025 | 11 | FUNDO MUNICIPAL DE HABITAO - COHAB | 2 - RECEITAS DE CAPITAL | 9 - OUTRAS RECEITAS DE CAPITAL | 9 - DEMAIS RECEITAS DE CAPITAL | 9 - DEMAIS RECEITAS DE CAPITAL | 99 - OUTRAS RECEITAS DE CAPITAL | 0 - OUTRAS RECEITAS DE CAPITAL | 1 - PRINCIPAL | 01 - DEMAIS RECEITAS DE CAPITAL - PRINCIPAL | 12 - OUTORGA ONEROSA - LEI DE ANISTIA | 000 - OUTORGA ONEROSA - LEI DE ANISTIA | 000 - OUTORGA ONEROSA - LEI DE ANISTIA | 11 - INTEGRAL | 01 - TOTAL | 000 - TOTAL | 200000.00 | .00;2025;11;Fundo Municipal de HabitaÆo - COHAB;2 - RECEITAS DE CAPITAL;9 - OUTRAS RECEITAS DE CAPITAL;9 - DEMAIS RECEITAS DE CAPITAL;9 - DEMAIS RECEITAS DE CAPITAL;99 - OUTRAS RECEITAS DE CAPITAL;0 - OUTRAS RECEITAS DE CAPITAL;1 - Principal;01 - DEMAIS RECEITAS DE CAPITAL - PRINCIPAL;12 - OUTORGA ONEROSA - LEI DE ANISTIA;000 - OUTORGA ONEROSA - LEI DE ANISTIA;000 - OUTORGA ONEROSA - LEI DE ANISTIA;11 - Integral;01 - Total;000 - Total;200000.00;.00
2025;2025 | 11 | PREFEITURA DO MUNICOPIO DE SCO PAULO | 1 - RECEITAS CORRENTES | 3 - RECEITA PATRIMONIAL | 2 - VALORES MOBILIRIOS | 1 - JUROS E CORREAES MONETRIAS | 05 - JUROS DE TOTULOS DE RENDA | 0 - JUROS DE TOTULOS DE RENDA | 1 - PRINCIPAL | 01 - FUNDOS DE INVESTIMENTOS E APLICAAES EM COTAS - RENDA FIXA | 09 - TESOURO MUNICIPAL - RECURSOS VINCULADOS | 032 - SECRETARIA MUNICIPAL DE URBANISMO E LICENCIAMENTO | 009 - OPERACO URBANA FARIA LIMA - OUTORGA HIS | 11 - INTEGRAL | 01 - TOTAL | 000 - TOTAL | 3960000.00 | 531335.87;2025;11;PREFEITURA DO MUNICÖPIO DE SÇO PAULO;1 - RECEITAS CORRENTES;3 - RECEITA PATRIMONIAL;2 - VALORES MOBILIµRIOS;1 - JUROS E CORREåES MONETµRIAS;05 - JUROS DE TÖTULOS DE RENDA;0 - JUROS DE TÖTULOS DE RENDA;1 - Principal;01 - FUNDOS DE INVESTIMENTOS E APLICAåES EM COTAS - RENDA FIXA;09 - TESOURO MUNICIPAL - RECURSOS VINCULADOS;032 - SECRETARIA MUNICIPAL DE URBANISMO E LICENCIAMENTO;009 - OPERAÇO URBANA FARIA LIMA - OUTORGA HIS;11 - Integral;01 - Total;000 - Total;3960000.00;531335.87
2025;2025 | 11 | PREFEITURA DO MUNICOPIO DE SCO PAULO | 1 - RECEITAS CORRENTES | 3 - RECEITA PATRIMONIAL | 2 - VALORES MOBILIRIOS | 1 - JUROS E CORREAES MONETRIAS | 05 - JUROS DE TOTULOS DE RENDA | 0 - JUROS DE TOTULOS DE RENDA | 1 - PRINCIPAL | 01 - FUNDOS DE INVESTIMENTOS E APLICAAES EM COTAS - RENDA FIXA | 09 - TESOURO MUNICIPAL - RECURSOS VINCULADOS | 032 - SECRETARIA MUNICIPAL DE URBANISMO E LICENCIAMENTO | 011 - OPERACO URBANA FARIA LIMA - OUTORGA | 11 - INTEGRAL | 01 - TOTAL | 000 - TOTAL | 10800000.00 | 1043536.28;2025;11;PREFEITURA DO MUNICÖPIO DE SÇO PAULO;1 - RECEITAS CORRENTES;3 - RECEITA PATRIMONIAL;2 - VALORES MOBILIµRIOS;1 - JUROS E CORREåES MONETµRIAS;05 - JUROS DE TÖTULOS DE RENDA;0 - JUROS DE TÖTULOS DE RENDA;1 - Principal;01 - FUNDOS DE INVESTIMENTOS E APLICAåES EM COTAS - RENDA FIXA;09 - TESOURO MUNICIPAL - RECURSOS VINCULADOS;032 - SECRETARIA MUNICIPAL DE URBANISMO E LICENCIAMENTO;011 - OPERAÇO URBANA FARIA LIMA - OUTORGA;11 - Integral;01 - Total;000 - Total;10800000.00;1043536.28
2025;2025 | 11 | PREFEITURA DO MUNICOPIO DE SCO PAULO | 1 - RECEITAS CORRENTES | 3 - RECEITA PATRIMONIAL | 2 - VALORES MOBILIRIOS | 1 - JUROS E CORREAES MONETRIAS | 05 - JUROS DE TOTULOS DE RENDA | 0 - JUROS DE TOTULOS DE RENDA | 1 - PRINCIPAL | 01 - FUNDOS DE INVESTIMENTOS E APLICAAES EM COTAS - RENDA FIXA | 09 - TESOURO MUNICIPAL - RECURSOS VINCULADOS | 032 - SECRETARIA MUNICIPAL DE URBANISMO E LICENCIAMENTO | 013 - FUNDO ESPECIAL OPERACO URBANA GUA BRANCA - FEAB - OUTORGA | 11 - INTEGRAL | 01 - TOTAL | 000 - TOTAL | 84000000.00 | 11429911.21;2025;11;PREFEITURA DO MUNICÖPIO DE SÇO PAULO;1 - RECEITAS CORRENTES;3 - RECEITA PATRIMONIAL;2 - VALORES MOBILIµRIOS;1 - JUROS E CORREåES MONETµRIAS;05 - JUROS DE TÖTULOS DE RENDA;0 - JUROS DE TÖTULOS DE RENDA;1 - Principal;01 - FUNDOS DE INVESTIMENTOS E APLICAåES EM COTAS - RENDA FIXA;09 - TESOURO MUNICIPAL - RECURSOS VINCULADOS;032 - SECRETARIA MUNICIPAL DE URBANISMO E LICENCIAMENTO;013 - FUNDO ESPECIAL OPERAÇO URBANA µGUA BRANCA - FEAB - OUTORGA;11 - Integral;01 - Total;000 - Total;84000000.00;11429911.21
2025;2025 | 11 | PREFEITURA DO MUNICOPIO DE SCO PAULO | 1 - RECEITAS CORRENTES | 3 - RECEITA PATRIMONIAL | 2 - VALORES MOBILIRIOS | 1 - JUROS E CORREAES MONETRIAS | 05 - JUROS DE TOTULOS DE RENDA | 0 - JUROS DE TOTULOS DE RENDA | 1 - PRINCIPAL | 01 - FUNDOS DE INVESTIMENTOS E APLICAAES EM COTAS - RENDA FIXA | 09 - TESOURO MUNICIPAL - RECURSOS VINCULADOS | 032 - SECRETARIA MUNICIPAL DE URBANISMO E LICENCIAMENTO | 014 - FUNDO ESPECIAL OPERACO URBANA GUA BRANCA - FEAB - OUTORGA - HIS | 11 - INTEGRAL | 01 - TOTAL | 000 - TOTAL | 30000.00 | 4103.96;2025;11;PREFEITURA DO MUNICÖPIO DE SÇO PAULO;1 - RECEITAS CORRENTES;3 - RECEITA PATRIMONIAL;2 - VALORES MOBILIµRIOS;1 - JUROS E CORREåES MONETµRIAS;05 - JUROS DE TÖTULOS DE RENDA;0 - JUROS DE TÖTULOS DE RENDA;1 - Principal;01 - FUNDOS DE INVESTIMENTOS E APLICAåES EM COTAS - RENDA FIXA;09 - TESOURO MUNICIPAL - RECURSOS VINCULADOS;032 - SECRETARIA MUNICIPAL DE URBANISMO E LICENCIAMENTO;014 - FUNDO ESPECIAL OPERAÇO URBANA µGUA BRANCA - FEAB - OUTORGA - HIS;11 - Integral;01 - Total;000 - Total;30000.00;4103.96
2025;2025 | 11 | PREFEITURA DO MUNICOPIO DE SCO PAULO | 1 - RECEITAS CORRENTES | 3 - RECEITA PATRIMONIAL | 3 - DELEGACO DE SERVIOS PEBLICOS MEDIANTE CONCESSCO PERMISSCO AUTORIZACO OU LICENA | 9 - DEMAIS DELEGAAES DE SERVIOS PEBLICOS | 99 - OUTRAS DELEGAAES DE SERVIOS PEBLICOS | 0 - OUTRAS DELEGAAES DE SERVIOS PEBLICOS | 1 - PRINCIPAL | 01 - OUTORGAS PROVENIENTES DE CONCESSAES - FMD | 00 - OUTORGAS PROVENIENTES DE CONCESSAES - FMD | 000 - OUTORGAS PROVENIENTES DE CONCESSAES - FMD | 000 - OUTORGAS PROVENIENTES DE CONCESSAES - FMD | 11 - INTEGRAL | 01 - TOTAL | 000 - TOTAL | 106060339.00 | 17102137.65;2025;11;PREFEITURA DO MUNICÖPIO DE SÇO PAULO;1 - RECEITAS CORRENTES;3 - RECEITA PATRIMONIAL;3 - DELEGAÇO DE SERVIOS PéBLICOS MEDIANTE CONCESSÇO PERMISSÇO AUTORIZAÇO OU LICENA;9 - DEMAIS DELEGAåES DE SERVIOS PéBLICOS;99 - OUTRAS DELEGAåES DE SERVIOS PéBLICOS;0 - OUTRAS DELEGAåES DE SERVIOS PéBLICOS;1 - Principal;01 - OUTORGAS PROVENIENTES DE CONCESSåES - FMD;00 - OUTORGAS PROVENIENTES DE CONCESSåES - FMD;000 - OUTORGAS PROVENIENTES DE CONCESSåES - FMD;000 - OUTORGAS PROVENIENTES DE CONCESSåES - FMD;11 - Integral;01 - Total;000 - Total;106060339.00;17102137.65
2025;2025 | 11 | PREFEITURA DO MUNICOPIO DE SCO PAULO | 1 - RECEITAS CORRENTES | 9 - OUTRAS RECEITAS CORRENTES | 2 - INDENIZAAES RESTITUIAES E RESSARCIMENTOS | 3 - RESSARCIMENTOS | 99 - OUTROS RESSARCIMENTOS | 0 - OUTROS RESSARCIMENTOS | 1 - PRINCIPAL | 12 - OUTROS RESSARCIMENTOSY- OUCFL - OUTORGA | 00 - OUTROS RESSARCIMENTOSY- OUCFL - OUTORGA | 000 - OUTROS RESSARCIMENTOSY- OUCFL - OUTORGA | 000 - OUTROS RESSARCIMENTOSY- OUCFL - OUTORGA | 11 - INTEGRAL | 01 - TOTAL | 000 - TOTAL | 50874.00 | .00;2025;11;PREFEITURA DO MUNICÖPIO DE SÇO PAULO;1 - RECEITAS CORRENTES;9 - OUTRAS RECEITAS CORRENTES;2 - INDENIZAåES RESTITUIåES E RESSARCIMENTOS;3 - RESSARCIMENTOS;99 - OUTROS RESSARCIMENTOS;0 - OUTROS RESSARCIMENTOS;1 - Principal;12 - OUTROS RESSARCIMENTOSÿ- OUCFL - Outorga;00 - OUTROS RESSARCIMENTOSÿ- OUCFL - Outorga;000 - OUTROS RESSARCIMENTOSÿ- OUCFL - Outorga;000 - OUTROS RESSARCIMENTOSÿ- OUCFL - Outorga;11 - Integral;01 - Total;000 - Total;50874.00;.00
2025;2025 | 11 | PREFEITURA DO MUNICOPIO DE SCO PAULO | 1 - RECEITAS CORRENTES | 9 - OUTRAS RECEITAS CORRENTES | 4 - MULTAS E JUROS DE MORA DAS RECEITAS DE CAPITAL | 9 - MULTAS E JUROS DE MORA DE OUTRAS RECEITAS DE CAPITAL | 99 - MULTAS E JUROS DE OUTRAS RECEITAS DE CAPITAL | 0 - MULTAS E JUROS DE OUTRAS RECEITAS DE CAPITAL | 2 - MULTA | 76 - OUTORGA ONEROSA - PLANO DIRETOR - DIREITO DE CONSTRUIR - FUNDURB - MULTAS E JUROS | 00 - OUTORGA ONEROSA - PLANO DIRETOR - DIREITO DE CONSTRUIR - FUNDURB - MULTAS E JUROS | 000 - OUTORGA ONEROSA - PLANO DIRETOR - DIREITO DE CONSTRUIR - FUNDURB - MULTAS E JUROS | 000 - OUTORGA ONEROSA - PLANO DIRETOR - DIREITO DE CONSTRUIR - FUNDURB - MULTAS E JUROS | 11 - INTEGRAL | 01 - TOTAL | 000 - TOTAL | 84881.00 | .00;2025;11;PREFEITURA DO MUNICÖPIO DE SÇO PAULO;1 - RECEITAS CORRENTES;9 - OUTRAS RECEITAS CORRENTES;4 - MULTAS E JUROS DE MORA DAS RECEITAS DE CAPITAL;9 - MULTAS E JUROS DE MORA DE OUTRAS RECEITAS DE CAPITAL;99 - MULTAS E JUROS DE OUTRAS RECEITAS DE CAPITAL;0 - MULTAS E JUROS DE OUTRAS RECEITAS DE CAPITAL;2 - Multa;76 - OUTORGA ONEROSA - PLANO DIRETOR - DIREITO DE CONSTRUIR - FUNDURB - MULTAS E JUROS;00 - OUTORGA ONEROSA - PLANO DIRETOR - DIREITO DE CONSTRUIR - FUNDURB - MULTAS E JUROS;000 - OUTORGA ONEROSA - PLANO DIRETOR - DIREITO DE CONSTRUIR - FUNDURB - MULTAS E JUROS;000 - OUTORGA ONEROSA - PLANO DIRETOR - DIREITO DE CONSTRUIR - FUNDURB - MULTAS E JUROS;11 - Integral;01 - Total;000 - Total;84881.00;.00
2025;2025 | 11 | PREFEITURA DO MUNICOPIO DE SCO PAULO | 2 - RECEITAS DE CAPITAL | 9 - OUTRAS RECEITAS DE CAPITAL | 9 - DEMAIS RECEITAS DE CAPITAL | 9 - DEMAIS RECEITAS DE CAPITAL | 99 - OUTRAS RECEITAS DE CAPITAL | 0 - OUTRAS RECEITAS DE CAPITAL | 1 - PRINCIPAL | 01 - DEMAIS RECEITAS DE CAPITAL - PRINCIPAL | 09 - OUTORGA ONEROSA COTA SOLIDARIEDADE - FUNDURB | 000 - OUTORGA ONEROSA COTA SOLIDARIEDADE - FUNDURB | 000 - OUTORGA ONEROSA COTA SOLIDARIEDADE - FUNDURB | 11 - INTEGRAL | 01 - TOTAL | 000 - TOTAL | 50491073.00 | 27921764.08;2025;11;PREFEITURA DO MUNICÖPIO DE SÇO PAULO;2 - RECEITAS DE CAPITAL;9 - OUTRAS RECEITAS DE CAPITAL;9 - DEMAIS RECEITAS DE CAPITAL;9 - DEMAIS RECEITAS DE CAPITAL;99 - OUTRAS RECEITAS DE CAPITAL;0 - OUTRAS RECEITAS DE CAPITAL;1 - Principal;01 - DEMAIS RECEITAS DE CAPITAL - PRINCIPAL;09 - OUTORGA ONEROSA COTA SOLIDARIEDADE - FUNDURB;000 - OUTORGA ONEROSA COTA SOLIDARIEDADE - FUNDURB;000 - OUTORGA ONEROSA COTA SOLIDARIEDADE - FUNDURB;11 - Integral;01 - Total;000 - Total;50491073.00;27921764.08
2025;2025 | 11 | PREFEITURA DO MUNICOPIO DE SCO PAULO | 2 - RECEITAS DE CAPITAL | 9 - OUTRAS RECEITAS DE CAPITAL | 9 - DEMAIS RECEITAS DE CAPITAL | 9 - DEMAIS RECEITAS DE CAPITAL | 99 - OUTRAS RECEITAS DE CAPITAL | 0 - OUTRAS RECEITAS DE CAPITAL | 1 - PRINCIPAL | 01 - DEMAIS RECEITAS DE CAPITAL - PRINCIPAL | 11 - OUTORGA ONEROSA - PLANO DIRETOR - DIREITO DE CONSTRUIR - FUNDURB | 000 - OUTORGA ONEROSA - PLANO DIRETOR - DIREITO DE CONSTRUIR - FUNDURB | 000 - OUTORGA ONEROSA - PLANO DIRETOR - DIREITO DE CONSTRUIR - FUNDURB | 11 - INTEGRAL | 01 - TOTAL | 000 - TOTAL | 931382643.00 | 88421077.19;2025;11;PREFEITURA DO MUNICÖPIO DE SÇO PAULO;2 - RECEITAS DE CAPITAL;9 - OUTRAS RECEITAS DE CAPITAL;9 - DEMAIS RECEITAS DE CAPITAL;9 - DEMAIS RECEITAS DE CAPITAL;99 - OUTRAS RECEITAS DE CAPITAL;0 - OUTRAS RECEITAS DE CAPITAL;1 - Principal;01 - DEMAIS RECEITAS DE CAPITAL - PRINCIPAL;11 - OUTORGA ONEROSA - PLANO DIRETOR - DIREITO DE CONSTRUIR - FUNDURB;000 - OUTORGA ONEROSA - PLANO DIRETOR - DIREITO DE CONSTRUIR - FUNDURB;000 - OUTORGA ONEROSA - PLANO DIRETOR - DIREITO DE CONSTRUIR - FUNDURB;11 - Integral;01 - Total;000 - Total;931382643.00;88421077.19
2025;2025 | 11 | PREFEITURA DO MUNICOPIO DE SCO PAULO | 2 - RECEITAS DE CAPITAL | 9 - OUTRAS RECEITAS DE CAPITAL | 9 - DEMAIS RECEITAS DE CAPITAL | 9 - DEMAIS RECEITAS DE CAPITAL | 99 - OUTRAS RECEITAS DE CAPITAL | 0 - OUTRAS RECEITAS DE CAPITAL | 1 - PRINCIPAL | 01 - DEMAIS RECEITAS DE CAPITAL - PRINCIPAL | 11 - OUTORGA ONEROSA - PLANO DIRETOR - DIREITO DE CONSTRUIR - FUNDURB | 000 - OUTORGA ONEROSA - PLANO DIRETOR - DIREITO DE CONSTRUIR - FUNDURB | 000 - OUTORGA ONEROSA - PLANO DIRETOR - DIREITO DE CONSTRUIR - FUNDURB | 11 - INTEGRAL | 09 - DEDUTORA | 001 - DEDUAES OUTORGA ONEROSA - PLANO DIRETOR - DIREITO DE CONSTRUIR - FUNDURB | .00 | -167183.19;2025;11;PREFEITURA DO MUNICÖPIO DE SÇO PAULO;2 - RECEITAS DE CAPITAL;9 - OUTRAS RECEITAS DE CAPITAL;9 - DEMAIS RECEITAS DE CAPITAL;9 - DEMAIS RECEITAS DE CAPITAL;99 - OUTRAS RECEITAS DE CAPITAL;0 - OUTRAS RECEITAS DE CAPITAL;1 - Principal;01 - DEMAIS RECEITAS DE CAPITAL - PRINCIPAL;11 - OUTORGA ONEROSA - PLANO DIRETOR - DIREITO DE CONSTRUIR - FUNDURB;000 - OUTORGA ONEROSA - PLANO DIRETOR - DIREITO DE CONSTRUIR - FUNDURB;000 - OUTORGA ONEROSA - PLANO DIRETOR - DIREITO DE CONSTRUIR - FUNDURB;11 - Integral;09 - Dedutora;001 - Deduäes Outorga Onerosa - Plano Diretor - Direito de Construir - FUNDURB;.00;-167183.19
2025;2025 | 12 | AGONCIA REG. DE SERV. PEBLICOS DE SCO PAULO | 1 - RECEITAS CORRENTES | 1 - IMPOSTOS TAXAS E CONTRIBUIAES DE MELHORIA | 2 - TAXAS | 1 - TAXAS PELO EXERCOCIO DO PODER DE POLOCIA | 01 - TAXAS DE INSPECO CONTROLE E FISCALIZACO | 0 - TAXAS DE INSPECO CONTROLE E FISCALIZACO | 1 - PRINCIPAL | 13 - TAXAS - EMISSCO DE ALVARS - SERVIOS FUNERRIOS E CEMITERIAIS | 00 - TAXAS - EMISSCO DE ALVARS - SERVIOS FUNERRIOS E CEMITERIAIS | 000 - TAXAS - EMISSCO DE ALVARS - SERVIOS FUNERRIOS E CEMITERIAIS | 000 - TAXAS - EMISSCO DE ALVARS - SERVIOS FUNERRIOS E CEMITERIAIS | 11 - INTEGRAL | 01 - TOTAL | 000 - TOTAL | .00 | 6617.96;2025;12;AGÒNCIA REG. DE SERV. PéBLICOS DE SÇO PAULO;1 - RECEITAS CORRENTES;1 - IMPOSTOS TAXAS E CONTRIBUIåES DE MELHORIA;2 - TAXAS;1 - TAXAS PELO EXERCÖCIO DO PODER DE POLÖCIA;01 - TAXAS DE INSPEÇO CONTROLE E FISCALIZAÇO;0 - TAXAS DE INSPEÇO CONTROLE E FISCALIZAÇO;1 - Principal;13 - TAXAS - EMISSÇO DE ALVARµS - SERVIOS FUNERµRIOS E CEMITERIAIS;00 - TAXAS - EMISSÇO DE ALVARµS - SERVIOS FUNERµRIOS E CEMITERIAIS;000 - TAXAS - EMISSÇO DE ALVARµS - SERVIOS FUNERµRIOS E CEMITERIAIS;000 - TAXAS - EMISSÇO DE ALVARµS - SERVIOS FUNERµRIOS E CEMITERIAIS;11 - Integral;01 - Total;000 - Total;.00;6617.96
2025;2025 | 12 | AGONCIA REG. DE SERV. PEBLICOS DE SCO PAULO | 1 - RECEITAS CORRENTES | 9 - OUTRAS RECEITAS CORRENTES | 1 - MULTAS ADMINISTRATIVAS CONTRATUAIS E JUDICIAIS | 1 - MULTAS ADMINISTRATIVAS CONTRATUAIS E JUDICIAIS | 01 - MULTAS PREVISTAS EM LEGISLACO ESPECOFICA | 0 - MULTAS PREVISTAS EM LEGISLACO ESPECOFICA | 1 - PRINCIPAL | 02 - DEMAIS MULTAS PREVISTAS EM LEGISLACO ESPECOFICA | 16 - MULTAS DE POSTURAS MUNICIPAIS - SP REGULA | 000 - MULTAS DE POSTURAS MUNICIPAIS - SP REGULA | 000 - MULTAS DE POSTURAS MUNICIPAIS - SP REGULA | 11 - INTEGRAL | 01 - TOTAL | 000 - TOTAL | 966300.00 | 411567.58;2025;12;AGÒNCIA REG. DE SERV. PéBLICOS DE SÇO PAULO;1 - RECEITAS CORRENTES;9 - OUTRAS RECEITAS CORRENTES;1 - MULTAS ADMINISTRATIVAS CONTRATUAIS E JUDICIAIS;1 - MULTAS ADMINISTRATIVAS CONTRATUAIS E JUDICIAIS;01 - MULTAS PREVISTAS EM LEGISLAÇO ESPECÖFICA;0 - MULTAS PREVISTAS EM LEGISLAÇO ESPECÖFICA;1 - Principal;02 - DEMAIS MULTAS PREVISTAS EM LEGISLAÇO ESPECÖFICA;16 - MULTAS DE POSTURAS MUNICIPAIS - SP REGULA;000 - MULTAS DE POSTURAS MUNICIPAIS - SP REGULA;000 - MULTAS DE POSTURAS MUNICIPAIS - SP REGULA;11 - Integral;01 - Total;000 - Total;966300.00;411567.58
2025;2025 | 12 | AGONCIA REG. DE SERV. PEBLICOS DE SCO PAULO | 1 - RECEITAS CORRENTES | 9 - OUTRAS RECEITAS CORRENTES | 1 - MULTAS ADMINISTRATIVAS CONTRATUAIS E JUDICIAIS | 1 - MULTAS ADMINISTRATIVAS CONTRATUAIS E JUDICIAIS | 01 - MULTAS PREVISTAS EM LEGISLACO ESPECOFICA | 0 - MULTAS PREVISTAS EM LEGISLACO ESPECOFICA | 1 - PRINCIPAL | 02 - DEMAIS MULTAS PREVISTAS EM LEGISLACO ESPECOFICA | 16 - MULTAS DE POSTURAS MUNICIPAIS - SP REGULA | 000 - MULTAS DE POSTURAS MUNICIPAIS - SP REGULA | 000 - MULTAS DE POSTURAS MUNICIPAIS - SP REGULA | 11 - INTEGRAL | 09 - DEDUTORA | 001 - DEDUAES MULTAS MULTAS DE POSTURAS MUNICIPAIS - SP REGULA | .00 | -2939.62;2025;12;AGÒNCIA REG. DE SERV. PéBLICOS DE SÇO PAULO;1 - RECEITAS CORRENTES;9 - OUTRAS RECEITAS CORRENTES;1 - MULTAS ADMINISTRATIVAS CONTRATUAIS E JUDICIAIS;1 - MULTAS ADMINISTRATIVAS CONTRATUAIS E JUDICIAIS;01 - MULTAS PREVISTAS EM LEGISLAÇO ESPECÖFICA;0 - MULTAS PREVISTAS EM LEGISLAÇO ESPECÖFICA;1 - Principal;02 - DEMAIS MULTAS PREVISTAS EM LEGISLAÇO ESPECÖFICA;16 - MULTAS DE POSTURAS MUNICIPAIS - SP REGULA;000 - MULTAS DE POSTURAS MUNICIPAIS - SP REGULA;000 - MULTAS DE POSTURAS MUNICIPAIS - SP REGULA;11 - Integral;09 - Dedutora;001 - Deduäes Multas Multas de Posturas Municipais - SP Regula;.00;-2939.62
2025;2025 | 12 | AGONCIA REG. DE SERV. PEBLICOS DE SCO PAULO | 1 - RECEITAS CORRENTES | 9 - OUTRAS RECEITAS CORRENTES | 1 - MULTAS ADMINISTRATIVAS CONTRATUAIS E JUDICIAIS | 1 - MULTAS ADMINISTRATIVAS CONTRATUAIS E JUDICIAIS | 01 - MULTAS PREVISTAS EM LEGISLACO ESPECOFICA | 0 - MULTAS PREVISTAS EM LEGISLACO ESPECOFICA | 2 - MULTA | 02 - DEMAIS MULTAS PREVISTAS EM LEGISLACO ESPECOFICA - MULTAS E JUROS | 16 - MULTAS DE POSTURAS MUNICIPAIS - SP REGULA - MULTAS E JUROS | 000 - MULTAS DE POSTURAS MUNICIPAIS - SP REGULA - MULTAS E JUROS | 000 - MULTAS DE POSTURAS MUNICIPAIS - SP REGULA - MULTAS E JUROS | 11 - INTEGRAL | 01 - TOTAL | 000 - TOTAL | 96000.00 | 16516.17;2025;12;AGÒNCIA REG. DE SERV. PéBLICOS DE SÇO PAULO;1 - RECEITAS CORRENTES;9 - OUTRAS RECEITAS CORRENTES;1 - MULTAS ADMINISTRATIVAS CONTRATUAIS E JUDICIAIS;1 - MULTAS ADMINISTRATIVAS CONTRATUAIS E JUDICIAIS;01 - MULTAS PREVISTAS EM LEGISLAÇO ESPECÖFICA;0 - MULTAS PREVISTAS EM LEGISLAÇO ESPECÖFICA;2 - Multa;02 - DEMAIS MULTAS PREVISTAS EM LEGISLAÇO ESPECÖFICA - MULTAS E JUROS;16 - MULTAS DE POSTURAS MUNICIPAIS - SP REGULA - MULTAS E JUROS;000 - MULTAS DE POSTURAS MUNICIPAIS - SP REGULA - MULTAS E JUROS;000 - MULTAS DE POSTURAS MUNICIPAIS - SP REGULA - MULTAS E JUROS;11 - Integral;01 - Total;000 - Total;96000.00;16516.17
2025;2025 | 12 | AGONCIA REG. DE SERV. PEBLICOS DE SCO PAULO | 1 - RECEITAS CORRENTES | 9 - OUTRAS RECEITAS CORRENTES | 1 - MULTAS ADMINISTRATIVAS CONTRATUAIS E JUDICIAIS | 1 - MULTAS ADMINISTRATIVAS CONTRATUAIS E JUDICIAIS | 09 - MULTAS E JUROS PREVISTOS EM CONTRATOS | 0 - MULTAS E JUROS PREVISTOS EM CONTRATOS | 1 - PRINCIPAL | 11 - MULTAS - CONTRATOS DA ADMINISTRACO INDIRETA - SP-REGULA - SERVIOS FUNERRIOS E CEMITERIAIS | 00 - MULTAS - CONTRATOS DA ADMINISTRACO INDIRETA - SP-REGULA - SERVIOS FUNERRIOS E CEMITERIAIS | 000 - MULTAS - CONTRATOS DA ADMINISTRACO INDIRETA - SP-REGULA - SERVIOS FUNERRIOS E CEMITERIAIS | 000 - MULTAS - CONTRATOS DA ADMINISTRACO INDIRETA - SP-REGULA - SERVIOS FUNERRIOS E CEMITERIAIS | 11 - INTEGRAL | 01 - TOTAL | 000 - TOTAL | 99996.00 | 181079.07;2025;12;AGÒNCIA REG. DE SERV. PéBLICOS DE SÇO PAULO;1 - RECEITAS CORRENTES;9 - OUTRAS RECEITAS CORRENTES;1 - MULTAS ADMINISTRATIVAS CONTRATUAIS E JUDICIAIS;1 - MULTAS ADMINISTRATIVAS CONTRATUAIS E JUDICIAIS;09 - MULTAS E JUROS PREVISTOS EM CONTRATOS;0 - MULTAS E JUROS PREVISTOS EM CONTRATOS;1 - Principal;11 - MULTAS - CONTRATOS DA ADMINISTRAÇO INDIRETA - SP-REGULA - SERVIOS FUNERµRIOS E CEMITERIAIS;00 - MULTAS - CONTRATOS DA ADMINISTRAÇO INDIRETA - SP-REGULA - SERVIOS FUNERµRIOS E CEMITERIAIS;000 - MULTAS - CONTRATOS DA ADMINISTRAÇO INDIRETA - SP-REGULA - SERVIOS FUNERµRIOS E CEMITERIAIS;000 - MULTAS - CONTRATOS DA ADMINISTRAÇO INDIRETA - SP-REGULA - SERVIOS FUNERµRIOS E CEMITERIAIS;11 - Integral;01 - Total;000 - Total;99996.00;181079.07
2025;2025 | 12 | FUNDO MUNICIPAL DE HABITAO - COHAB | 1 - RECEITAS CORRENTES | 3 - RECEITA PATRIMONIAL | 2 - VALORES MOBILIRIOS | 1 - JUROS E CORREAES MONETRIAS | 05 - JUROS DE TOTULOS DE RENDA | 0 - JUROS DE TOTULOS DE RENDA | 1 - PRINCIPAL | 01 - FUNDOS DE INVESTIMENTOS E APLICAAES EM COTAS - RENDA FIXA | 09 - TESOURO MUNICIPAL - RECURSOS VINCULADOS | 023 - FUNDO MUNICIPAL DE HABITACO - COHAB | 001 - OUTORGA ONEROSA LEI 13.558/2003 ALTERADA PELA LEI 13.876/2004 | 11 - INTEGRAL | 01 - TOTAL | 000 - TOTAL | 360000.00 | .00;2025;12;Fundo Municipal de HabitaÆo - COHAB;1 - RECEITAS CORRENTES;3 - RECEITA PATRIMONIAL;2 - VALORES MOBILIµRIOS;1 - JUROS E CORREåES MONETµRIAS;05 - JUROS DE TÖTULOS DE RENDA;0 - JUROS DE TÖTULOS DE RENDA;1 - Principal;01 - FUNDOS DE INVESTIMENTOS E APLICAåES EM COTAS - RENDA FIXA;09 - TESOURO MUNICIPAL - RECURSOS VINCULADOS;023 - FUNDO MUNICIPAL DE HABITAÇO - COHAB;001 - OUTORGA ONEROSA LEI 13.558/2003 ALTERADA PELA LEI 13.876/2004;11 - Integral;01 - Total;000 - Total;360000.00;.00
2025;2025 | 12 | FUNDO MUNICIPAL DE HABITAO - COHAB | 2 - RECEITAS DE CAPITAL | 9 - OUTRAS RECEITAS DE CAPITAL | 9 - DEMAIS RECEITAS DE CAPITAL | 9 - DEMAIS RECEITAS DE CAPITAL | 99 - OUTRAS RECEITAS DE CAPITAL | 0 - OUTRAS RECEITAS DE CAPITAL | 1 - PRINCIPAL | 01 - DEMAIS RECEITAS DE CAPITAL - PRINCIPAL | 12 - OUTORGA ONEROSA - LEI DE ANISTIA | 000 - OUTORGA ONEROSA - LEI DE ANISTIA | 000 - OUTORGA ONEROSA - LEI DE ANISTIA | 11 - INTEGRAL | 01 - TOTAL | 000 - TOTAL | 200000.00 | .00;2025;12;Fundo Municipal de HabitaÆo - COHAB;2 - RECEITAS DE CAPITAL;9 - OUTRAS RECEITAS DE CAPITAL;9 - DEMAIS RECEITAS DE CAPITAL;9 - DEMAIS RECEITAS DE CAPITAL;99 - OUTRAS RECEITAS DE CAPITAL;0 - OUTRAS RECEITAS DE CAPITAL;1 - Principal;01 - DEMAIS RECEITAS DE CAPITAL - PRINCIPAL;12 - OUTORGA ONEROSA - LEI DE ANISTIA;000 - OUTORGA ONEROSA - LEI DE ANISTIA;000 - OUTORGA ONEROSA - LEI DE ANISTIA;11 - Integral;01 - Total;000 - Total;200000.00;.00
2025;2025 | 12 | PREFEITURA DO MUNICOPIO DE SCO PAULO | 1 - RECEITAS CORRENTES | 3 - RECEITA PATRIMONIAL | 2 - VALORES MOBILIRIOS | 1 - JUROS E CORREAES MONETRIAS | 05 - JUROS DE TOTULOS DE RENDA | 0 - JUROS DE TOTULOS DE RENDA | 1 - PRINCIPAL | 01 - FUNDOS DE INVESTIMENTOS E APLICAAES EM COTAS - RENDA FIXA | 09 - TESOURO MUNICIPAL - RECURSOS VINCULADOS | 032 - SECRETARIA MUNICIPAL DE URBANISMO E LICENCIAMENTO | 009 - OPERACO URBANA FARIA LIMA - OUTORGA HIS | 11 - INTEGRAL | 01 - TOTAL | 000 - TOTAL | 3960000.00 | 622986.07;2025;12;PREFEITURA DO MUNICÖPIO DE SÇO PAULO;1 - RECEITAS CORRENTES;3 - RECEITA PATRIMONIAL;2 - VALORES MOBILIµRIOS;1 - JUROS E CORREåES MONETµRIAS;05 - JUROS DE TÖTULOS DE RENDA;0 - JUROS DE TÖTULOS DE RENDA;1 - Principal;01 - FUNDOS DE INVESTIMENTOS E APLICAåES EM COTAS - RENDA FIXA;09 - TESOURO MUNICIPAL - RECURSOS VINCULADOS;032 - SECRETARIA MUNICIPAL DE URBANISMO E LICENCIAMENTO;009 - OPERAÇO URBANA FARIA LIMA - OUTORGA HIS;11 - Integral;01 - Total;000 - Total;3960000.00;622986.07
2025;2025 | 12 | PREFEITURA DO MUNICOPIO DE SCO PAULO | 1 - RECEITAS CORRENTES | 3 - RECEITA PATRIMONIAL | 2 - VALORES MOBILIRIOS | 1 - JUROS E CORREAES MONETRIAS | 05 - JUROS DE TOTULOS DE RENDA | 0 - JUROS DE TOTULOS DE RENDA | 1 - PRINCIPAL | 01 - FUNDOS DE INVESTIMENTOS E APLICAAES EM COTAS - RENDA FIXA | 09 - TESOURO MUNICIPAL - RECURSOS VINCULADOS | 032 - SECRETARIA MUNICIPAL DE URBANISMO E LICENCIAMENTO | 011 - OPERACO URBANA FARIA LIMA - OUTORGA | 11 - INTEGRAL | 01 - TOTAL | 000 - TOTAL | 10800000.00 | 1225607.81;2025;12;PREFEITURA DO MUNICÖPIO DE SÇO PAULO;1 - RECEITAS CORRENTES;3 - RECEITA PATRIMONIAL;2 - VALORES MOBILIµRIOS;1 - JUROS E CORREåES MONETµRIAS;05 - JUROS DE TÖTULOS DE RENDA;0 - JUROS DE TÖTULOS DE RENDA;1 - Principal;01 - FUNDOS DE INVESTIMENTOS E APLICAåES EM COTAS - RENDA FIXA;09 - TESOURO MUNICIPAL - RECURSOS VINCULADOS;032 - SECRETARIA MUNICIPAL DE URBANISMO E LICENCIAMENTO;011 - OPERAÇO URBANA FARIA LIMA - OUTORGA;11 - Integral;01 - Total;000 - Total;10800000.00;1225607.81
2025;2025 | 12 | PREFEITURA DO MUNICOPIO DE SCO PAULO | 1 - RECEITAS CORRENTES | 3 - RECEITA PATRIMONIAL | 2 - VALORES MOBILIRIOS | 1 - JUROS E CORREAES MONETRIAS | 05 - JUROS DE TOTULOS DE RENDA | 0 - JUROS DE TOTULOS DE RENDA | 1 - PRINCIPAL | 01 - FUNDOS DE INVESTIMENTOS E APLICAAES EM COTAS - RENDA FIXA | 09 - TESOURO MUNICIPAL - RECURSOS VINCULADOS | 032 - SECRETARIA MUNICIPAL DE URBANISMO E LICENCIAMENTO | 013 - FUNDO ESPECIAL OPERACO URBANA GUA BRANCA - FEAB - OUTORGA | 11 - INTEGRAL | 01 - TOTAL | 000 - TOTAL | 84000000.00 | 13369024.54;2025;12;PREFEITURA DO MUNICÖPIO DE SÇO PAULO;1 - RECEITAS CORRENTES;3 - RECEITA PATRIMONIAL;2 - VALORES MOBILIµRIOS;1 - JUROS E CORREåES MONETµRIAS;05 - JUROS DE TÖTULOS DE RENDA;0 - JUROS DE TÖTULOS DE RENDA;1 - Principal;01 - FUNDOS DE INVESTIMENTOS E APLICAåES EM COTAS - RENDA FIXA;09 - TESOURO MUNICIPAL - RECURSOS VINCULADOS;032 - SECRETARIA MUNICIPAL DE URBANISMO E LICENCIAMENTO;013 - FUNDO ESPECIAL OPERAÇO URBANA µGUA BRANCA - FEAB - OUTORGA;11 - Integral;01 - Total;000 - Total;84000000.00;13369024.54
2025;2025 | 12 | PREFEITURA DO MUNICOPIO DE SCO PAULO | 1 - RECEITAS CORRENTES | 3 - RECEITA PATRIMONIAL | 2 - VALORES MOBILIRIOS | 1 - JUROS E CORREAES MONETRIAS | 05 - JUROS DE TOTULOS DE RENDA | 0 - JUROS DE TOTULOS DE RENDA | 1 - PRINCIPAL | 01 - FUNDOS DE INVESTIMENTOS E APLICAAES EM COTAS - RENDA FIXA | 09 - TESOURO MUNICIPAL - RECURSOS VINCULADOS | 032 - SECRETARIA MUNICIPAL DE URBANISMO E LICENCIAMENTO | 014 - FUNDO ESPECIAL OPERACO URBANA GUA BRANCA - FEAB - OUTORGA - HIS | 11 - INTEGRAL | 01 - TOTAL | 000 - TOTAL | 30000.00 | 4811.86;2025;12;PREFEITURA DO MUNICÖPIO DE SÇO PAULO;1 - RECEITAS CORRENTES;3 - RECEITA PATRIMONIAL;2 - VALORES MOBILIµRIOS;1 - JUROS E CORREåES MONETµRIAS;05 - JUROS DE TÖTULOS DE RENDA;0 - JUROS DE TÖTULOS DE RENDA;1 - Principal;01 - FUNDOS DE INVESTIMENTOS E APLICAåES EM COTAS - RENDA FIXA;09 - TESOURO MUNICIPAL - RECURSOS VINCULADOS;032 - SECRETARIA MUNICIPAL DE URBANISMO E LICENCIAMENTO;014 - FUNDO ESPECIAL OPERAÇO URBANA µGUA BRANCA - FEAB - OUTORGA - HIS;11 - Integral;01 - Total;000 - Total;30000.00;4811.86
2025;2025 | 12 | PREFEITURA DO MUNICOPIO DE SCO PAULO | 1 - RECEITAS CORRENTES | 3 - RECEITA PATRIMONIAL | 3 - DELEGACO DE SERVIOS PEBLICOS MEDIANTE CONCESSCO PERMISSCO AUTORIZACO OU LICENA | 9 - DEMAIS DELEGAAES DE SERVIOS PEBLICOS | 99 - OUTRAS DELEGAAES DE SERVIOS PEBLICOS | 0 - OUTRAS DELEGAAES DE SERVIOS PEBLICOS | 1 - PRINCIPAL | 01 - OUTORGAS PROVENIENTES DE CONCESSAES - FMD | 00 - OUTORGAS PROVENIENTES DE CONCESSAES - FMD | 000 - OUTORGAS PROVENIENTES DE CONCESSAES - FMD | 000 - OUTORGAS PROVENIENTES DE CONCESSAES - FMD | 11 - INTEGRAL | 01 - TOTAL | 000 - TOTAL | 106060339.00 | 6598963.96;2025;12;PREFEITURA DO MUNICÖPIO DE SÇO PAULO;1 - RECEITAS CORRENTES;3 - RECEITA PATRIMONIAL;3 - DELEGAÇO DE SERVIOS PéBLICOS MEDIANTE CONCESSÇO PERMISSÇO AUTORIZAÇO OU LICENA;9 - DEMAIS DELEGAåES DE SERVIOS PéBLICOS;99 - OUTRAS DELEGAåES DE SERVIOS PéBLICOS;0 - OUTRAS DELEGAåES DE SERVIOS PéBLICOS;1 - Principal;01 - OUTORGAS PROVENIENTES DE CONCESSåES - FMD;00 - OUTORGAS PROVENIENTES DE CONCESSåES - FMD;000 - OUTORGAS PROVENIENTES DE CONCESSåES - FMD;000 - OUTORGAS PROVENIENTES DE CONCESSåES - FMD;11 - Integral;01 - Total;000 - Total;106060339.00;6598963.96
2025;2025 | 12 | PREFEITURA DO MUNICOPIO DE SCO PAULO | 1 - RECEITAS CORRENTES | 9 - OUTRAS RECEITAS CORRENTES | 2 - INDENIZAAES RESTITUIAES E RESSARCIMENTOS | 3 - RESSARCIMENTOS | 99 - OUTROS RESSARCIMENTOS | 0 - OUTROS RESSARCIMENTOS | 1 - PRINCIPAL | 12 - OUTROS RESSARCIMENTOSY- OUCFL - OUTORGA | 00 - OUTROS RESSARCIMENTOSY- OUCFL - OUTORGA | 000 - OUTROS RESSARCIMENTOSY- OUCFL - OUTORGA | 000 - OUTROS RESSARCIMENTOSY- OUCFL - OUTORGA | 11 - INTEGRAL | 01 - TOTAL | 000 - TOTAL | 50874.00 | .00;2025;12;PREFEITURA DO MUNICÖPIO DE SÇO PAULO;1 - RECEITAS CORRENTES;9 - OUTRAS RECEITAS CORRENTES;2 - INDENIZAåES RESTITUIåES E RESSARCIMENTOS;3 - RESSARCIMENTOS;99 - OUTROS RESSARCIMENTOS;0 - OUTROS RESSARCIMENTOS;1 - Principal;12 - OUTROS RESSARCIMENTOSÿ- OUCFL - Outorga;00 - OUTROS RESSARCIMENTOSÿ- OUCFL - Outorga;000 - OUTROS RESSARCIMENTOSÿ- OUCFL - Outorga;000 - OUTROS RESSARCIMENTOSÿ- OUCFL - Outorga;11 - Integral;01 - Total;000 - Total;50874.00;.00
2025;2025 | 12 | PREFEITURA DO MUNICOPIO DE SCO PAULO | 1 - RECEITAS CORRENTES | 9 - OUTRAS RECEITAS CORRENTES | 4 - MULTAS E JUROS DE MORA DAS RECEITAS DE CAPITAL | 9 - MULTAS E JUROS DE MORA DE OUTRAS RECEITAS DE CAPITAL | 99 - MULTAS E JUROS DE OUTRAS RECEITAS DE CAPITAL | 0 - MULTAS E JUROS DE OUTRAS RECEITAS DE CAPITAL | 2 - MULTA | 76 - OUTORGA ONEROSA - PLANO DIRETOR - DIREITO DE CONSTRUIR - FUNDURB - MULTAS E JUROS | 00 - OUTORGA ONEROSA - PLANO DIRETOR - DIREITO DE CONSTRUIR - FUNDURB - MULTAS E JUROS | 000 - OUTORGA ONEROSA - PLANO DIRETOR - DIREITO DE CONSTRUIR - FUNDURB - MULTAS E JUROS | 000 - OUTORGA ONEROSA - PLANO DIRETOR - DIREITO DE CONSTRUIR - FUNDURB - MULTAS E JUROS | 11 - INTEGRAL | 01 - TOTAL | 000 - TOTAL | 84881.00 | 139.25;2025;12;PREFEITURA DO MUNICÖPIO DE SÇO PAULO;1 - RECEITAS CORRENTES;9 - OUTRAS RECEITAS CORRENTES;4 - MULTAS E JUROS DE MORA DAS RECEITAS DE CAPITAL;9 - MULTAS E JUROS DE MORA DE OUTRAS RECEITAS DE CAPITAL;99 - MULTAS E JUROS DE OUTRAS RECEITAS DE CAPITAL;0 - MULTAS E JUROS DE OUTRAS RECEITAS DE CAPITAL;2 - Multa;76 - OUTORGA ONEROSA - PLANO DIRETOR - DIREITO DE CONSTRUIR - FUNDURB - MULTAS E JUROS;00 - OUTORGA ONEROSA - PLANO DIRETOR - DIREITO DE CONSTRUIR - FUNDURB - MULTAS E JUROS;000 - OUTORGA ONEROSA - PLANO DIRETOR - DIREITO DE CONSTRUIR - FUNDURB - MULTAS E JUROS;000 - OUTORGA ONEROSA - PLANO DIRETOR - DIREITO DE CONSTRUIR - FUNDURB - MULTAS E JUROS;11 - Integral;01 - Total;000 - Total;84881.00;139.25
2025;2025 | 12 | PREFEITURA DO MUNICOPIO DE SCO PAULO | 2 - RECEITAS DE CAPITAL | 9 - OUTRAS RECEITAS DE CAPITAL | 9 - DEMAIS RECEITAS DE CAPITAL | 9 - DEMAIS RECEITAS DE CAPITAL | 99 - OUTRAS RECEITAS DE CAPITAL | 0 - OUTRAS RECEITAS DE CAPITAL | 1 - PRINCIPAL | 01 - DEMAIS RECEITAS DE CAPITAL - PRINCIPAL | 09 - OUTORGA ONEROSA COTA SOLIDARIEDADE - FUNDURB | 000 - OUTORGA ONEROSA COTA SOLIDARIEDADE - FUNDURB | 000 - OUTORGA ONEROSA COTA SOLIDARIEDADE - FUNDURB | 11 - INTEGRAL | 01 - TOTAL | 000 - TOTAL | 50491073.00 | 21964037.83;2025;12;PREFEITURA DO MUNICÖPIO DE SÇO PAULO;2 - RECEITAS DE CAPITAL;9 - OUTRAS RECEITAS DE CAPITAL;9 - DEMAIS RECEITAS DE CAPITAL;9 - DEMAIS RECEITAS DE CAPITAL;99 - OUTRAS RECEITAS DE CAPITAL;0 - OUTRAS RECEITAS DE CAPITAL;1 - Principal;01 - DEMAIS RECEITAS DE CAPITAL - PRINCIPAL;09 - OUTORGA ONEROSA COTA SOLIDARIEDADE - FUNDURB;000 - OUTORGA ONEROSA COTA SOLIDARIEDADE - FUNDURB;000 - OUTORGA ONEROSA COTA SOLIDARIEDADE - FUNDURB;11 - Integral;01 - Total;000 - Total;50491073.00;21964037.83
2025;2025 | 12 | PREFEITURA DO MUNICOPIO DE SCO PAULO | 2 - RECEITAS DE CAPITAL | 9 - OUTRAS RECEITAS DE CAPITAL | 9 - DEMAIS RECEITAS DE CAPITAL | 9 - DEMAIS RECEITAS DE CAPITAL | 99 - OUTRAS RECEITAS DE CAPITAL | 0 - OUTRAS RECEITAS DE CAPITAL | 1 - PRINCIPAL | 01 - DEMAIS RECEITAS DE CAPITAL - PRINCIPAL | 11 - OUTORGA ONEROSA - PLANO DIRETOR - DIREITO DE CONSTRUIR - FUNDURB | 000 - OUTORGA ONEROSA - PLANO DIRETOR - DIREITO DE CONSTRUIR - FUNDURB | 000 - OUTORGA ONEROSA - PLANO DIRETOR - DIREITO DE CONSTRUIR - FUNDURB | 11 - INTEGRAL | 01 - TOTAL | 000 - TOTAL | 931382643.00 | 139161689.13;2025;12;PREFEITURA DO MUNICÖPIO DE SÇO PAULO;2 - RECEITAS DE CAPITAL;9 - OUTRAS RECEITAS DE CAPITAL;9 - DEMAIS RECEITAS DE CAPITAL;9 - DEMAIS RECEITAS DE CAPITAL;99 - OUTRAS RECEITAS DE CAPITAL;0 - OUTRAS RECEITAS DE CAPITAL;1 - Principal;01 - DEMAIS RECEITAS DE CAPITAL - PRINCIPAL;11 - OUTORGA ONEROSA - PLANO DIRETOR - DIREITO DE CONSTRUIR - FUNDURB;000 - OUTORGA ONEROSA - PLANO DIRETOR - DIREITO DE CONSTRUIR - FUNDURB;000 - OUTORGA ONEROSA - PLANO DIRETOR - DIREITO DE CONSTRUIR - FUNDURB;11 - Integral;01 - Total;000 - Total;931382643.00;139161689.13
2025;2025 | 12 | PREFEITURA DO MUNICOPIO DE SCO PAULO | 2 - RECEITAS DE CAPITAL | 9 - OUTRAS RECEITAS DE CAPITAL | 9 - DEMAIS RECEITAS DE CAPITAL | 9 - DEMAIS RECEITAS DE CAPITAL | 99 - OUTRAS RECEITAS DE CAPITAL | 0 - OUTRAS RECEITAS DE CAPITAL | 1 - PRINCIPAL | 01 - DEMAIS RECEITAS DE CAPITAL - PRINCIPAL | 11 - OUTORGA ONEROSA - PLANO DIRETOR - DIREITO DE CONSTRUIR - FUNDURB | 000 - OUTORGA ONEROSA - PLANO DIRETOR - DIREITO DE CONSTRUIR - FUNDURB | 000 - OUTORGA ONEROSA - PLANO DIRETOR - DIREITO DE CONSTRUIR - FUNDURB | 11 - INTEGRAL | 09 - DEDUTORA | 001 - DEDUAES OUTORGA ONEROSA - PLANO DIRETOR - DIREITO DE CONSTRUIR - FUNDURB | .00 | -77575.27;2025;12;PREFEITURA DO MUNICÖPIO DE SÇO PAULO;2 - RECEITAS DE CAPITAL;9 - OUTRAS RECEITAS DE CAPITAL;9 - DEMAIS RECEITAS DE CAPITAL;9 - DEMAIS RECEITAS DE CAPITAL;99 - OUTRAS RECEITAS DE CAPITAL;0 - OUTRAS RECEITAS DE CAPITAL;1 - Principal;01 - DEMAIS RECEITAS DE CAPITAL - PRINCIPAL;11 - OUTORGA ONEROSA - PLANO DIRETOR - DIREITO DE CONSTRUIR - FUNDURB;000 - OUTORGA ONEROSA - PLANO DIRETOR - DIREITO DE CONSTRUIR - FUNDURB;000 - OUTORGA ONEROSA - PLANO DIRETOR - DIREITO DE CONSTRUIR - FUNDURB;11 - Integral;09 - Dedutora;001 - Deduäes Outorga Onerosa - Plano Diretor - Direito de Construir - FUNDURB;.00;-77575.27
2025;2025 | 12 | PREFEITURA DO MUNICOPIO DE SCO PAULO | 2 - RECEITAS DE CAPITAL | 9 - OUTRAS RECEITAS DE CAPITAL | 9 - DEMAIS RECEITAS DE CAPITAL | 9 - DEMAIS RECEITAS DE CAPITAL | 99 - OUTRAS RECEITAS DE CAPITAL | 0 - OUTRAS RECEITAS DE CAPITAL | 1 - PRINCIPAL | 01 - DEMAIS RECEITAS DE CAPITAL - PRINCIPAL | 64 - OUTORGA ONEROSA AIU SETOR CENTRAL - FUNDURB | 000 - OUTORGA ONEROSA AIU SETOR CENTRAL - FUNDURB | 000 - OUTORGA ONEROSA AIU SETOR CENTRAL - FUNDURB | 11 - INTEGRAL | 01 - TOTAL | 000 - TOTAL | .00 | 514189.02;2025;12;PREFEITURA DO MUNICÖPIO DE SÇO PAULO;2 - RECEITAS DE CAPITAL;9 - OUTRAS RECEITAS DE CAPITAL;9 - DEMAIS RECEITAS DE CAPITAL;9 - DEMAIS RECEITAS DE CAPITAL;99 - OUTRAS RECEITAS DE CAPITAL;0 - OUTRAS RECEITAS DE CAPITAL;1 - Principal;01 - DEMAIS RECEITAS DE CAPITAL - PRINCIPAL;64 - OUTORGA ONEROSA AIU SETOR CENTRAL - FUNDURB;000 - OUTORGA ONEROSA AIU SETOR CENTRAL - FUNDURB;000 - OUTORGA ONEROSA AIU SETOR CENTRAL - FUNDURB;11 - Integral;01 - Total;000 - Total;.00;514189.02
2026;2026 | 1 | AGONCIA REG. DE SERV. PEBLICOS DE SCO PAULO | 1 - RECEITAS CORRENTES | 9 - OUTRAS RECEITAS CORRENTES | 1 - MULTAS ADMINISTRATIVAS CONTRATUAIS E JUDICIAIS | 1 - MULTAS ADMINISTRATIVAS CONTRATUAIS E JUDICIAIS | 01 - MULTAS PREVISTAS EM LEGISLACO ESPECOFICA | 0 - MULTAS PREVISTAS EM LEGISLACO ESPECOFICA | 1 - PRINCIPAL | 02 - DEMAIS MULTAS PREVISTAS EM LEGISLACO ESPECOFICA | 16 - MULTAS DE POSTURAS MUNICIPAIS - SP REGULA | 000 - MULTAS DE POSTURAS MUNICIPAIS - SP REGULA | 000 - MULTAS DE POSTURAS MUNICIPAIS - SP REGULA | 11 - INTEGRAL | 01 - TOTAL | 000 - TOTAL | 4050779.00 | .00;2026;1;AGÒNCIA REG. DE SERV. PéBLICOS DE SÇO PAULO;1 - RECEITAS CORRENTES;9 - OUTRAS RECEITAS CORRENTES;1 - MULTAS ADMINISTRATIVAS CONTRATUAIS E JUDICIAIS;1 - MULTAS ADMINISTRATIVAS CONTRATUAIS E JUDICIAIS;01 - MULTAS PREVISTAS EM LEGISLAÇO ESPECÖFICA;0 - MULTAS PREVISTAS EM LEGISLAÇO ESPECÖFICA;1 - Principal;02 - DEMAIS MULTAS PREVISTAS EM LEGISLAÇO ESPECÖFICA;16 - MULTAS DE POSTURAS MUNICIPAIS - SP REGULA;000 - MULTAS DE POSTURAS MUNICIPAIS - SP REGULA;000 - MULTAS DE POSTURAS MUNICIPAIS - SP REGULA;11 - Integral;01 - Total;000 - Total;4050779.00;.00
2026;2026 | 1 | FUNDO MUNICIPAL DE HABITAO - COHAB | 1 - RECEITAS CORRENTES | 3 - RECEITA PATRIMONIAL | 2 - VALORES MOBILIRIOS | 1 - JUROS E CORREAES MONETRIAS | 05 - JUROS DE TOTULOS DE RENDA | 0 - JUROS DE TOTULOS DE RENDA | 1 - PRINCIPAL | 01 - FUNDOS DE INVESTIMENTOS E APLICAAES EM COTAS - RENDA FIXA | 09 - TESOURO MUNICIPAL - RECURSOS VINCULADOS | 023 - FUNDO MUNICIPAL DE HABITACO - COHAB | 001 - OUTORGA ONEROSA LEI 13.558/2003 ALTERADA PELA LEI 13.876/2004 | 11 - INTEGRAL | 01 - TOTAL | 000 - TOTAL | 1200.00 | .00;2026;1;Fundo Municipal de HabitaÆo - COHAB;1 - RECEITAS CORRENTES;3 - RECEITA PATRIMONIAL;2 - VALORES MOBILIµRIOS;1 - JUROS E CORREåES MONETµRIAS;05 - JUROS DE TÖTULOS DE RENDA;0 - JUROS DE TÖTULOS DE RENDA;1 - Principal;01 - FUNDOS DE INVESTIMENTOS E APLICAåES EM COTAS - RENDA FIXA;09 - TESOURO MUNICIPAL - RECURSOS VINCULADOS;023 - FUNDO MUNICIPAL DE HABITAÇO - COHAB;001 - OUTORGA ONEROSA LEI 13.558/2003 ALTERADA PELA LEI 13.876/2004;11 - Integral;01 - Total;000 - Total;1200.00;.00
2026;2026 | 1 | FUNDO MUNICIPAL DE HABITAO - COHAB | 2 - RECEITAS DE CAPITAL | 9 - OUTRAS RECEITAS DE CAPITAL | 9 - DEMAIS RECEITAS DE CAPITAL | 9 - DEMAIS RECEITAS DE CAPITAL | 99 - OUTRAS RECEITAS DE CAPITAL | 0 - OUTRAS RECEITAS DE CAPITAL | 1 - PRINCIPAL | 01 - DEMAIS RECEITAS DE CAPITAL - PRINCIPAL | 12 - OUTORGA ONEROSA - LEI DE ANISTIA | 000 - OUTORGA ONEROSA - LEI DE ANISTIA | 000 - OUTORGA ONEROSA - LEI DE ANISTIA | 11 - INTEGRAL | 01 - TOTAL | 000 - TOTAL | 1000.00 | .00;2026;1;Fundo Municipal de HabitaÆo - COHAB;2 - RECEITAS DE CAPITAL;9 - OUTRAS RECEITAS DE CAPITAL;9 - DEMAIS RECEITAS DE CAPITAL;9 - DEMAIS RECEITAS DE CAPITAL;99 - OUTRAS RECEITAS DE CAPITAL;0 - OUTRAS RECEITAS DE CAPITAL;1 - Principal;01 - DEMAIS RECEITAS DE CAPITAL - PRINCIPAL;12 - OUTORGA ONEROSA - LEI DE ANISTIA;000 - OUTORGA ONEROSA - LEI DE ANISTIA;000 - OUTORGA ONEROSA - LEI DE ANISTIA;11 - Integral;01 - Total;000 - Total;1000.00;.00
2026;2026 | 1 | PREFEITURA DO MUNICOPIO DE SCO PAULO | 1 - RECEITAS CORRENTES | 3 - RECEITA PATRIMONIAL | 2 - VALORES MOBILIRIOS | 1 - JUROS E CORREAES MONETRIAS | 05 - JUROS DE TOTULOS DE RENDA | 0 - JUROS DE TOTULOS DE RENDA | 1 - PRINCIPAL | 01 - FUNDOS DE INVESTIMENTOS E APLICAAES EM COTAS - RENDA FIXA | 09 - TESOURO MUNICIPAL - RECURSOS VINCULADOS | 032 - SECRETARIA MUNICIPAL DE URBANISMO E LICENCIAMENTO | 009 - OPERACO URBANA FARIA LIMA - OUTORGA HIS | 11 - INTEGRAL | 01 - TOTAL | 000 - TOTAL | 5520000.00 | 602795.77;2026;1;PREFEITURA DO MUNICÖPIO DE SÇO PAULO;1 - RECEITAS CORRENTES;3 - RECEITA PATRIMONIAL;2 - VALORES MOBILIµRIOS;1 - JUROS E CORREåES MONETµRIAS;05 - JUROS DE TÖTULOS DE RENDA;0 - JUROS DE TÖTULOS DE RENDA;1 - Principal;01 - FUNDOS DE INVESTIMENTOS E APLICAåES EM COTAS - RENDA FIXA;09 - TESOURO MUNICIPAL - RECURSOS VINCULADOS;032 - SECRETARIA MUNICIPAL DE URBANISMO E LICENCIAMENTO;009 - OPERAÇO URBANA FARIA LIMA - OUTORGA HIS;11 - Integral;01 - Total;000 - Total;5520000.00;602795.77
2026;2026 | 1 | PREFEITURA DO MUNICOPIO DE SCO PAULO | 1 - RECEITAS CORRENTES | 3 - RECEITA PATRIMONIAL | 2 - VALORES MOBILIRIOS | 1 - JUROS E CORREAES MONETRIAS | 05 - JUROS DE TOTULOS DE RENDA | 0 - JUROS DE TOTULOS DE RENDA | 1 - PRINCIPAL | 01 - FUNDOS DE INVESTIMENTOS E APLICAAES EM COTAS - RENDA FIXA | 09 - TESOURO MUNICIPAL - RECURSOS VINCULADOS | 032 - SECRETARIA MUNICIPAL DE URBANISMO E LICENCIAMENTO | 011 - OPERACO URBANA FARIA LIMA - OUTORGA | 11 - INTEGRAL | 01 - TOTAL | 000 - TOTAL | 10800000.00 | 1191248.46;2026;1;PREFEITURA DO MUNICÖPIO DE SÇO PAULO;1 - RECEITAS CORRENTES;3 - RECEITA PATRIMONIAL;2 - VALORES MOBILIµRIOS;1 - JUROS E CORREåES MONETµRIAS;05 - JUROS DE TÖTULOS DE RENDA;0 - JUROS DE TÖTULOS DE RENDA;1 - Principal;01 - FUNDOS DE INVESTIMENTOS E APLICAåES EM COTAS - RENDA FIXA;09 - TESOURO MUNICIPAL - RECURSOS VINCULADOS;032 - SECRETARIA MUNICIPAL DE URBANISMO E LICENCIAMENTO;011 - OPERAÇO URBANA FARIA LIMA - OUTORGA;11 - Integral;01 - Total;000 - Total;10800000.00;1191248.46
2026;2026 | 1 | PREFEITURA DO MUNICOPIO DE SCO PAULO | 1 - RECEITAS CORRENTES | 3 - RECEITA PATRIMONIAL | 2 - VALORES MOBILIRIOS | 1 - JUROS E CORREAES MONETRIAS | 05 - JUROS DE TOTULOS DE RENDA | 0 - JUROS DE TOTULOS DE RENDA | 1 - PRINCIPAL | 01 - FUNDOS DE INVESTIMENTOS E APLICAAES EM COTAS - RENDA FIXA | 09 - TESOURO MUNICIPAL - RECURSOS VINCULADOS | 032 - SECRETARIA MUNICIPAL DE URBANISMO E LICENCIAMENTO | 013 - FUNDO ESPECIAL OPERACO URBANA GUA BRANCA - FEAB - OUTORGA | 11 - INTEGRAL | 01 - TOTAL | 000 - TOTAL | 108000000.00 | 12918525.17;2026;1;PREFEITURA DO MUNICÖPIO DE SÇO PAULO;1 - RECEITAS CORRENTES;3 - RECEITA PATRIMONIAL;2 - VALORES MOBILIµRIOS;1 - JUROS E CORREåES MONETµRIAS;05 - JUROS DE TÖTULOS DE RENDA;0 - JUROS DE TÖTULOS DE RENDA;1 - Principal;01 - FUNDOS DE INVESTIMENTOS E APLICAåES EM COTAS - RENDA FIXA;09 - TESOURO MUNICIPAL - RECURSOS VINCULADOS;032 - SECRETARIA MUNICIPAL DE URBANISMO E LICENCIAMENTO;013 - FUNDO ESPECIAL OPERAÇO URBANA µGUA BRANCA - FEAB - OUTORGA;11 - Integral;01 - Total;000 - Total;108000000.00;12918525.17
2026;2026 | 1 | PREFEITURA DO MUNICOPIO DE SCO PAULO | 1 - RECEITAS CORRENTES | 3 - RECEITA PATRIMONIAL | 2 - VALORES MOBILIRIOS | 1 - JUROS E CORREAES MONETRIAS | 05 - JUROS DE TOTULOS DE RENDA | 0 - JUROS DE TOTULOS DE RENDA | 1 - PRINCIPAL | 01 - FUNDOS DE INVESTIMENTOS E APLICAAES EM COTAS - RENDA FIXA | 09 - TESOURO MUNICIPAL - RECURSOS VINCULADOS | 032 - SECRETARIA MUNICIPAL DE URBANISMO E LICENCIAMENTO | 014 - FUNDO ESPECIAL OPERACO URBANA GUA BRANCA - FEAB - OUTORGA - HIS | 11 - INTEGRAL | 01 - TOTAL | 000 - TOTAL | 36000.00 | 4655.91;2026;1;PREFEITURA DO MUNICÖPIO DE SÇO PAULO;1 - RECEITAS CORRENTES;3 - RECEITA PATRIMONIAL;2 - VALORES MOBILIµRIOS;1 - JUROS E CORREåES MONETµRIAS;05 - JUROS DE TÖTULOS DE RENDA;0 - JUROS DE TÖTULOS DE RENDA;1 - Principal;01 - FUNDOS DE INVESTIMENTOS E APLICAåES EM COTAS - RENDA FIXA;09 - TESOURO MUNICIPAL - RECURSOS VINCULADOS;032 - SECRETARIA MUNICIPAL DE URBANISMO E LICENCIAMENTO;014 - FUNDO ESPECIAL OPERAÇO URBANA µGUA BRANCA - FEAB - OUTORGA - HIS;11 - Integral;01 - Total;000 - Total;36000.00;4655.91
2026;2026 | 1 | PREFEITURA DO MUNICOPIO DE SCO PAULO | 1 - RECEITAS CORRENTES | 3 - RECEITA PATRIMONIAL | 3 - DELEGACO DE SERVIOS PEBLICOS MEDIANTE CONCESSCO PERMISSCO AUTORIZACO OU LICENA | 9 - DEMAIS DELEGAAES DE SERVIOS PEBLICOS | 99 - OUTRAS DELEGAAES DE SERVIOS PEBLICOS | 0 - OUTRAS DELEGAAES DE SERVIOS PEBLICOS | 1 - PRINCIPAL | 01 - OUTORGAS PROVENIENTES DE CONCESSAES - FMD | 00 - OUTORGAS PROVENIENTES DE CONCESSAES - FMD | 000 - OUTORGAS PROVENIENTES DE CONCESSAES - FMD | 000 - OUTORGAS PROVENIENTES DE CONCESSAES - FMD | 11 - INTEGRAL | 01 - TOTAL | 000 - TOTAL | 101583060.00 | 6715647.01;2026;1;PREFEITURA DO MUNICÖPIO DE SÇO PAULO;1 - RECEITAS CORRENTES;3 - RECEITA PATRIMONIAL;3 - DELEGAÇO DE SERVIOS PéBLICOS MEDIANTE CONCESSÇO PERMISSÇO AUTORIZAÇO OU LICENA;9 - DEMAIS DELEGAåES DE SERVIOS PéBLICOS;99 - OUTRAS DELEGAåES DE SERVIOS PéBLICOS;0 - OUTRAS DELEGAåES DE SERVIOS PéBLICOS;1 - Principal;01 - OUTORGAS PROVENIENTES DE CONCESSåES - FMD;00 - OUTORGAS PROVENIENTES DE CONCESSåES - FMD;000 - OUTORGAS PROVENIENTES DE CONCESSåES - FMD;000 - OUTORGAS PROVENIENTES DE CONCESSåES - FMD;11 - Integral;01 - Total;000 - Total;101583060.00;6715647.01
2026;2026 | 1 | PREFEITURA DO MUNICOPIO DE SCO PAULO | 2 - RECEITAS DE CAPITAL | 9 - OUTRAS RECEITAS DE CAPITAL | 9 - DEMAIS RECEITAS DE CAPITAL | 9 - DEMAIS RECEITAS DE CAPITAL | 99 - OUTRAS RECEITAS DE CAPITAL | 0 - OUTRAS RECEITAS DE CAPITAL | 1 - PRINCIPAL | 01 - DEMAIS RECEITAS DE CAPITAL - PRINCIPAL | 09 - OUTORGA ONEROSA COTA SOLIDARIEDADE - FUNDURB | 000 - OUTORGA ONEROSA COTA SOLIDARIEDADE - FUNDURB | 000 - OUTORGA ONEROSA COTA SOLIDARIEDADE - FUNDURB | 11 - INTEGRAL | 01 - TOTAL | 000 - TOTAL | 46273812.00 | 18879735.72;2026;1;PREFEITURA DO MUNICÖPIO DE SÇO PAULO;2 - RECEITAS DE CAPITAL;9 - OUTRAS RECEITAS DE CAPITAL;9 - DEMAIS RECEITAS DE CAPITAL;9 - DEMAIS RECEITAS DE CAPITAL;99 - OUTRAS RECEITAS DE CAPITAL;0 - OUTRAS RECEITAS DE CAPITAL;1 - Principal;01 - DEMAIS RECEITAS DE CAPITAL - PRINCIPAL;09 - OUTORGA ONEROSA COTA SOLIDARIEDADE - FUNDURB;000 - OUTORGA ONEROSA COTA SOLIDARIEDADE - FUNDURB;000 - OUTORGA ONEROSA COTA SOLIDARIEDADE - FUNDURB;11 - Integral;01 - Total;000 - Total;46273812.00;18879735.72
2026;2026 | 1 | PREFEITURA DO MUNICOPIO DE SCO PAULO | 2 - RECEITAS DE CAPITAL | 9 - OUTRAS RECEITAS DE CAPITAL | 9 - DEMAIS RECEITAS DE CAPITAL | 9 - DEMAIS RECEITAS DE CAPITAL | 99 - OUTRAS RECEITAS DE CAPITAL | 0 - OUTRAS RECEITAS DE CAPITAL | 1 - PRINCIPAL | 01 - DEMAIS RECEITAS DE CAPITAL - PRINCIPAL | 11 - OUTORGA ONEROSA - PLANO DIRETOR - DIREITO DE CONSTRUIR - FUNDURB | 000 - OUTORGA ONEROSA - PLANO DIRETOR - DIREITO DE CONSTRUIR - FUNDURB | 000 - OUTORGA ONEROSA - PLANO DIRETOR - DIREITO DE CONSTRUIR - FUNDURB | 11 - INTEGRAL | 01 - TOTAL | 000 - TOTAL | 2009605119.00 | 166731275.78;2026;1;PREFEITURA DO MUNICÖPIO DE SÇO PAULO;2 - RECEITAS DE CAPITAL;9 - OUTRAS RECEITAS DE CAPITAL;9 - DEMAIS RECEITAS DE CAPITAL;9 - DEMAIS RECEITAS DE CAPITAL;99 - OUTRAS RECEITAS DE CAPITAL;0 - OUTRAS RECEITAS DE CAPITAL;1 - Principal;01 - DEMAIS RECEITAS DE CAPITAL - PRINCIPAL;11 - OUTORGA ONEROSA - PLANO DIRETOR - DIREITO DE CONSTRUIR - FUNDURB;000 - OUTORGA ONEROSA - PLANO DIRETOR - DIREITO DE CONSTRUIR - FUNDURB;000 - OUTORGA ONEROSA - PLANO DIRETOR - DIREITO DE CONSTRUIR - FUNDURB;11 - Integral;01 - Total;000 - Total;2009605119.00;166731275.78
2026;2026 | 1 | PREFEITURA DO MUNICOPIO DE SCO PAULO | 2 - RECEITAS DE CAPITAL | 9 - OUTRAS RECEITAS DE CAPITAL | 9 - DEMAIS RECEITAS DE CAPITAL | 9 - DEMAIS RECEITAS DE CAPITAL | 99 - OUTRAS RECEITAS DE CAPITAL | 0 - OUTRAS RECEITAS DE CAPITAL | 1 - PRINCIPAL | 01 - DEMAIS RECEITAS DE CAPITAL - PRINCIPAL | 64 - OUTORGA ONEROSA AIU SETOR CENTRAL - FUNDURB | 000 - OUTORGA ONEROSA AIU SETOR CENTRAL - FUNDURB | 000 - OUTORGA ONEROSA AIU SETOR CENTRAL - FUNDURB | 11 - INTEGRAL | 01 - TOTAL | 000 - TOTAL | 5000000.00 | 514189.02;2026;1;PREFEITURA DO MUNICÖPIO DE SÇO PAULO;2 - RECEITAS DE CAPITAL;9 - OUTRAS RECEITAS DE CAPITAL;9 - DEMAIS RECEITAS DE CAPITAL;9 - DEMAIS RECEITAS DE CAPITAL;99 - OUTRAS RECEITAS DE CAPITAL;0 - OUTRAS RECEITAS DE CAPITAL;1 - Principal;01 - DEMAIS RECEITAS DE CAPITAL - PRINCIPAL;64 - OUTORGA ONEROSA AIU SETOR CENTRAL - FUNDURB;000 - OUTORGA ONEROSA AIU SETOR CENTRAL - FUNDURB;000 - OUTORGA ONEROSA AIU SETOR CENTRAL - FUNDURB;11 - Integral;01 - Total;000 - Total;5000000.00;514189.02
2026;2026 | 1 | PREFEITURA DO MUNICOPIO DE SCO PAULO | 7 - RECEITAS CORRENTES INTRAORAMENTRIAS | 3 - RECEITA PATRIMONIAL INTRAORAMENTRIA | 1 - EXPLORACO DO PATRIMANIO IMOBILIRIO DO ESTADO | 1 - EXPLORACO DO PATRIMANIO IMOBILIRIO DO ESTADO | 02 - CONCESSCO PERMISSCO AUTORIZACO OU CESSCO DO DIREITO DE USO DE BENS IMAVEIS PEBLICOS | 1 - CONCESSCO PERMISSCO AUTORIZACO OU CESSCO DO DIREITO DE USO DE BENS IMAVEIS PEBLICOS - GERAL | 1 - PRINCIPAL | 01 - OUTORGA DE POSSE DIRETA - PMSP | 00 - OUTORGA DE POSSE DIRETA - PMSP | 000 - OUTORGA DE POSSE DIRETA - PMSP | 000 - OUTORGA DE POSSE DIRETA - PMSP | 11 - INTEGRAL | 01 - TOTAL | 000 - TOTAL | .00 | 77033.92;2026;1;PREFEITURA DO MUNICÖPIO DE SÇO PAULO;7 - RECEITAS CORRENTES INTRAORAMENTµRIAS;3 - RECEITA PATRIMONIAL INTRAORAMENTµRIA;1 - EXPLORAÇO DO PATRIMâNIO IMOBILIµRIO DO ESTADO;1 - EXPLORAÇO DO PATRIMâNIO IMOBILIµRIO DO ESTADO;02 - CONCESSÇO PERMISSÇO AUTORIZAÇO OU CESSÇO DO DIREITO DE USO DE BENS IMàVEIS PéBLICOS;1 - CONCESSÇO PERMISSÇO AUTORIZAÇO OU CESSÇO DO DIREITO DE USO DE BENS IMàVEIS PéBLICOS - GERAL;1 - Principal;01 - OUTORGA DE POSSE DIRETA - PMSP;00 - OUTORGA DE POSSE DIRETA - PMSP;000 - OUTORGA DE POSSE DIRETA - PMSP;000 - OUTORGA DE POSSE DIRETA - PMSP;11 - Integral;01 - Total;000 - Total;.00;77033.92
2026;2026 | 2 | AGONCIA REG. DE SERV. PEBLICOS DE SCO PAULO | 1 - RECEITAS CORRENTES | 1 - IMPOSTOS TAXAS E CONTRIBUIAES DE MELHORIA | 2 - TAXAS | 1 - TAXAS PELO EXERCOCIO DO PODER DE POLOCIA | 01 - TAXAS DE INSPECO CONTROLE E FISCALIZACO | 0 - TAXAS DE INSPECO CONTROLE E FISCALIZACO | 1 - PRINCIPAL | 13 - TAXAS - EMISSCO DE ALVARS - SERVIOS FUNERRIOS E CEMITERIAIS | 00 - TAXAS - EMISSCO DE ALVARS - SERVIOS FUNERRIOS E CEMITERIAIS | 000 - TAXAS - EMISSCO DE ALVARS - SERVIOS FUNERRIOS E CEMITERIAIS | 000 - TAXAS - EMISSCO DE ALVARS - SERVIOS FUNERRIOS E CEMITERIAIS | 11 - INTEGRAL | 01 - TOTAL | 000 - TOTAL | .00 | 14709.16;2026;2;AGÒNCIA REG. DE SERV. PéBLICOS DE SÇO PAULO;1 - RECEITAS CORRENTES;1 - IMPOSTOS TAXAS E CONTRIBUIåES DE MELHORIA;2 - TAXAS;1 - TAXAS PELO EXERCÖCIO DO PODER DE POLÖCIA;01 - TAXAS DE INSPEÇO CONTROLE E FISCALIZAÇO;0 - TAXAS DE INSPEÇO CONTROLE E FISCALIZAÇO;1 - Principal;13 - TAXAS - EMISSÇO DE ALVARµS - SERVIOS FUNERµRIOS E CEMITERIAIS;00 - TAXAS - EMISSÇO DE ALVARµS - SERVIOS FUNERµRIOS E CEMITERIAIS;000 - TAXAS - EMISSÇO DE ALVARµS - SERVIOS FUNERµRIOS E CEMITERIAIS;000 - TAXAS - EMISSÇO DE ALVARµS - SERVIOS FUNERµRIOS E CEMITERIAIS;11 - Integral;01 - Total;000 - Total;.00;14709.16
2026;2026 | 2 | AGONCIA REG. DE SERV. PEBLICOS DE SCO PAULO | 1 - RECEITAS CORRENTES | 9 - OUTRAS RECEITAS CORRENTES | 1 - MULTAS ADMINISTRATIVAS CONTRATUAIS E JUDICIAIS | 1 - MULTAS ADMINISTRATIVAS CONTRATUAIS E JUDICIAIS | 01 - MULTAS PREVISTAS EM LEGISLACO ESPECOFICA | 0 - MULTAS PREVISTAS EM LEGISLACO ESPECOFICA | 1 - PRINCIPAL | 02 - DEMAIS MULTAS PREVISTAS EM LEGISLACO ESPECOFICA | 16 - MULTAS DE POSTURAS MUNICIPAIS - SP REGULA | 000 - MULTAS DE POSTURAS MUNICIPAIS - SP REGULA | 000 - MULTAS DE POSTURAS MUNICIPAIS - SP REGULA | 11 - INTEGRAL | 01 - TOTAL | 000 - TOTAL | 4050779.00 | 245363.36;2026;2;AGÒNCIA REG. DE SERV. PéBLICOS DE SÇO PAULO;1 - RECEITAS CORRENTES;9 - OUTRAS RECEITAS CORRENTES;1 - MULTAS ADMINISTRATIVAS CONTRATUAIS E JUDICIAIS;1 - MULTAS ADMINISTRATIVAS CONTRATUAIS E JUDICIAIS;01 - MULTAS PREVISTAS EM LEGISLAÇO ESPECÖFICA;0 - MULTAS PREVISTAS EM LEGISLAÇO ESPECÖFICA;1 - Principal;02 - DEMAIS MULTAS PREVISTAS EM LEGISLAÇO ESPECÖFICA;16 - MULTAS DE POSTURAS MUNICIPAIS - SP REGULA;000 - MULTAS DE POSTURAS MUNICIPAIS - SP REGULA;000 - MULTAS DE POSTURAS MUNICIPAIS - SP REGULA;11 - Integral;01 - Total;000 - Total;4050779.00;245363.36
2026;2026 | 2 | AGONCIA REG. DE SERV. PEBLICOS DE SCO PAULO | 1 - RECEITAS CORRENTES | 9 - OUTRAS RECEITAS CORRENTES | 1 - MULTAS ADMINISTRATIVAS CONTRATUAIS E JUDICIAIS | 1 - MULTAS ADMINISTRATIVAS CONTRATUAIS E JUDICIAIS | 01 - MULTAS PREVISTAS EM LEGISLACO ESPECOFICA | 0 - MULTAS PREVISTAS EM LEGISLACO ESPECOFICA | 2 - MULTA | 02 - DEMAIS MULTAS PREVISTAS EM LEGISLACO ESPECOFICA - MULTAS E JUROS | 16 - MULTAS DE POSTURAS MUNICIPAIS - SP REGULA - MULTAS E JUROS | 000 - MULTAS DE POSTURAS MUNICIPAIS - SP REGULA - MULTAS E JUROS | 000 - MULTAS DE POSTURAS MUNICIPAIS - SP REGULA - MULTAS E JUROS | 11 - INTEGRAL | 01 - TOTAL | 000 - TOTAL | .00 | 9172.62;2026;2;AGÒNCIA REG. DE SERV. PéBLICOS DE SÇO PAULO;1 - RECEITAS CORRENTES;9 - OUTRAS RECEITAS CORRENTES;1 - MULTAS ADMINISTRATIVAS CONTRATUAIS E JUDICIAIS;1 - MULTAS ADMINISTRATIVAS CONTRATUAIS E JUDICIAIS;01 - MULTAS PREVISTAS EM LEGISLAÇO ESPECÖFICA;0 - MULTAS PREVISTAS EM LEGISLAÇO ESPECÖFICA;2 - Multa;02 - DEMAIS MULTAS PREVISTAS EM LEGISLAÇO ESPECÖFICA - MULTAS E JUROS;16 - MULTAS DE POSTURAS MUNICIPAIS - SP REGULA - MULTAS E JUROS;000 - MULTAS DE POSTURAS MUNICIPAIS - SP REGULA - MULTAS E JUROS;000 - MULTAS DE POSTURAS MUNICIPAIS - SP REGULA - MULTAS E JUROS;11 - Integral;01 - Total;000 - Total;.00;9172.62
2026;2026 | 2 | AGONCIA REG. DE SERV. PEBLICOS DE SCO PAULO | 1 - RECEITAS CORRENTES | 9 - OUTRAS RECEITAS CORRENTES | 1 - MULTAS ADMINISTRATIVAS CONTRATUAIS E JUDICIAIS | 1 - MULTAS ADMINISTRATIVAS CONTRATUAIS E JUDICIAIS | 09 - MULTAS E JUROS PREVISTOS EM CONTRATOS | 0 - MULTAS E JUROS PREVISTOS EM CONTRATOS | 1 - PRINCIPAL | 11 - MULTAS - CONTRATOS DA ADMINISTRACO INDIRETA - SP-REGULA - SERVIOS FUNERRIOS E CEMITERIAIS | 00 - MULTAS - CONTRATOS DA ADMINISTRACO INDIRETA - SP-REGULA - SERVIOS FUNERRIOS E CEMITERIAIS | 000 - MULTAS - CONTRATOS DA ADMINISTRACO INDIRETA - SP-REGULA - SERVIOS FUNERRIOS E CEMITERIAIS | 000 - MULTAS - CONTRATOS DA ADMINISTRACO INDIRETA - SP-REGULA - SERVIOS FUNERRIOS E CEMITERIAIS | 11 - INTEGRAL | 01 - TOTAL | 000 - TOTAL | .00 | 117432.33;2026;2;AGÒNCIA REG. DE SERV. PéBLICOS DE SÇO PAULO;1 - RECEITAS CORRENTES;9 - OUTRAS RECEITAS CORRENTES;1 - MULTAS ADMINISTRATIVAS CONTRATUAIS E JUDICIAIS;1 - MULTAS ADMINISTRATIVAS CONTRATUAIS E JUDICIAIS;09 - MULTAS E JUROS PREVISTOS EM CONTRATOS;0 - MULTAS E JUROS PREVISTOS EM CONTRATOS;1 - Principal;11 - MULTAS - CONTRATOS DA ADMINISTRAÇO INDIRETA - SP-REGULA - SERVIOS FUNERµRIOS E CEMITERIAIS;00 - MULTAS - CONTRATOS DA ADMINISTRAÇO INDIRETA - SP-REGULA - SERVIOS FUNERµRIOS E CEMITERIAIS;000 - MULTAS - CONTRATOS DA ADMINISTRAÇO INDIRETA - SP-REGULA - SERVIOS FUNERµRIOS E CEMITERIAIS;000 - MULTAS - CONTRATOS DA ADMINISTRAÇO INDIRETA - SP-REGULA - SERVIOS FUNERµRIOS E CEMITERIAIS;11 - Integral;01 - Total;000 - Total;.00;117432.33
2026;2026 | 2 | FUNDO MUNICIPAL DE HABITAO - COHAB | 1 - RECEITAS CORRENTES | 3 - RECEITA PATRIMONIAL | 2 - VALORES MOBILIRIOS | 1 - JUROS E CORREAES MONETRIAS | 05 - JUROS DE TOTULOS DE RENDA | 0 - JUROS DE TOTULOS DE RENDA | 1 - PRINCIPAL | 01 - FUNDOS DE INVESTIMENTOS E APLICAAES EM COTAS - RENDA FIXA | 09 - TESOURO MUNICIPAL - RECURSOS VINCULADOS | 023 - FUNDO MUNICIPAL DE HABITACO - COHAB | 001 - OUTORGA ONEROSA LEI 13.558/2003 ALTERADA PELA LEI 13.876/2004 | 11 - INTEGRAL | 01 - TOTAL | 000 - TOTAL | 1200.00 | .00;2026;2;Fundo Municipal de HabitaÆo - COHAB;1 - RECEITAS CORRENTES;3 - RECEITA PATRIMONIAL;2 - VALORES MOBILIµRIOS;1 - JUROS E CORREåES MONETµRIAS;05 - JUROS DE TÖTULOS DE RENDA;0 - JUROS DE TÖTULOS DE RENDA;1 - Principal;01 - FUNDOS DE INVESTIMENTOS E APLICAåES EM COTAS - RENDA FIXA;09 - TESOURO MUNICIPAL - RECURSOS VINCULADOS;023 - FUNDO MUNICIPAL DE HABITAÇO - COHAB;001 - OUTORGA ONEROSA LEI 13.558/2003 ALTERADA PELA LEI 13.876/2004;11 - Integral;01 - Total;000 - Total;1200.00;.00
2026;2026 | 2 | FUNDO MUNICIPAL DE HABITAO - COHAB | 2 - RECEITAS DE CAPITAL | 9 - OUTRAS RECEITAS DE CAPITAL | 9 - DEMAIS RECEITAS DE CAPITAL | 9 - DEMAIS RECEITAS DE CAPITAL | 99 - OUTRAS RECEITAS DE CAPITAL | 0 - OUTRAS RECEITAS DE CAPITAL | 1 - PRINCIPAL | 01 - DEMAIS RECEITAS DE CAPITAL - PRINCIPAL | 12 - OUTORGA ONEROSA - LEI DE ANISTIA | 000 - OUTORGA ONEROSA - LEI DE ANISTIA | 000 - OUTORGA ONEROSA - LEI DE ANISTIA | 11 - INTEGRAL | 01 - TOTAL | 000 - TOTAL | 1000.00 | .00;2026;2;Fundo Municipal de HabitaÆo - COHAB;2 - RECEITAS DE CAPITAL;9 - OUTRAS RECEITAS DE CAPITAL;9 - DEMAIS RECEITAS DE CAPITAL;9 - DEMAIS RECEITAS DE CAPITAL;99 - OUTRAS RECEITAS DE CAPITAL;0 - OUTRAS RECEITAS DE CAPITAL;1 - Principal;01 - DEMAIS RECEITAS DE CAPITAL - PRINCIPAL;12 - OUTORGA ONEROSA - LEI DE ANISTIA;000 - OUTORGA ONEROSA - LEI DE ANISTIA;000 - OUTORGA ONEROSA - LEI DE ANISTIA;11 - Integral;01 - Total;000 - Total;1000.00;.00
2026;2026 | 2 | PREFEITURA DO MUNICOPIO DE SCO PAULO | 1 - RECEITAS CORRENTES | 3 - RECEITA PATRIMONIAL | 2 - VALORES MOBILIRIOS | 1 - JUROS E CORREAES MONETRIAS | 05 - JUROS DE TOTULOS DE RENDA | 0 - JUROS DE TOTULOS DE RENDA | 1 - PRINCIPAL | 01 - FUNDOS DE INVESTIMENTOS E APLICAAES EM COTAS - RENDA FIXA | 09 - TESOURO MUNICIPAL - RECURSOS VINCULADOS | 032 - SECRETARIA MUNICIPAL DE URBANISMO E LICENCIAMENTO | 009 - OPERACO URBANA FARIA LIMA - OUTORGA HIS | 11 - INTEGRAL | 01 - TOTAL | 000 - TOTAL | 5520000.00 | 500164.14;2026;2;PREFEITURA DO MUNICÖPIO DE SÇO PAULO;1 - RECEITAS CORRENTES;3 - RECEITA PATRIMONIAL;2 - VALORES MOBILIµRIOS;1 - JUROS E CORREåES MONETµRIAS;05 - JUROS DE TÖTULOS DE RENDA;0 - JUROS DE TÖTULOS DE RENDA;1 - Principal;01 - FUNDOS DE INVESTIMENTOS E APLICAåES EM COTAS - RENDA FIXA;09 - TESOURO MUNICIPAL - RECURSOS VINCULADOS;032 - SECRETARIA MUNICIPAL DE URBANISMO E LICENCIAMENTO;009 - OPERAÇO URBANA FARIA LIMA - OUTORGA HIS;11 - Integral;01 - Total;000 - Total;5520000.00;500164.14
2026;2026 | 2 | PREFEITURA DO MUNICOPIO DE SCO PAULO | 1 - RECEITAS CORRENTES | 3 - RECEITA PATRIMONIAL | 2 - VALORES MOBILIRIOS | 1 - JUROS E CORREAES MONETRIAS | 05 - JUROS DE TOTULOS DE RENDA | 0 - JUROS DE TOTULOS DE RENDA | 1 - PRINCIPAL | 01 - FUNDOS DE INVESTIMENTOS E APLICAAES EM COTAS - RENDA FIXA | 09 - TESOURO MUNICIPAL - RECURSOS VINCULADOS | 032 - SECRETARIA MUNICIPAL DE URBANISMO E LICENCIAMENTO | 011 - OPERACO URBANA FARIA LIMA - OUTORGA | 11 - INTEGRAL | 01 - TOTAL | 000 - TOTAL | 10800000.00 | 988359.20;2026;2;PREFEITURA DO MUNICÖPIO DE SÇO PAULO;1 - RECEITAS CORRENTES;3 - RECEITA PATRIMONIAL;2 - VALORES MOBILIµRIOS;1 - JUROS E CORREåES MONETµRIAS;05 - JUROS DE TÖTULOS DE RENDA;0 - JUROS DE TÖTULOS DE RENDA;1 - Principal;01 - FUNDOS DE INVESTIMENTOS E APLICAåES EM COTAS - RENDA FIXA;09 - TESOURO MUNICIPAL - RECURSOS VINCULADOS;032 - SECRETARIA MUNICIPAL DE URBANISMO E LICENCIAMENTO;011 - OPERAÇO URBANA FARIA LIMA - OUTORGA;11 - Integral;01 - Total;000 - Total;10800000.00;988359.20
2026;2026 | 2 | PREFEITURA DO MUNICOPIO DE SCO PAULO | 1 - RECEITAS CORRENTES | 3 - RECEITA PATRIMONIAL | 2 - VALORES MOBILIRIOS | 1 - JUROS E CORREAES MONETRIAS | 05 - JUROS DE TOTULOS DE RENDA | 0 - JUROS DE TOTULOS DE RENDA | 1 - PRINCIPAL | 01 - FUNDOS DE INVESTIMENTOS E APLICAAES EM COTAS - RENDA FIXA | 09 - TESOURO MUNICIPAL - RECURSOS VINCULADOS | 032 - SECRETARIA MUNICIPAL DE URBANISMO E LICENCIAMENTO | 013 - FUNDO ESPECIAL OPERACO URBANA GUA BRANCA - FEAB - OUTORGA | 11 - INTEGRAL | 01 - TOTAL | 000 - TOTAL | 108000000.00 | 11175958.14;2026;2;PREFEITURA DO MUNICÖPIO DE SÇO PAULO;1 - RECEITAS CORRENTES;3 - RECEITA PATRIMONIAL;2 - VALORES MOBILIµRIOS;1 - JUROS E CORREåES MONETµRIAS;05 - JUROS DE TÖTULOS DE RENDA;0 - JUROS DE TÖTULOS DE RENDA;1 - Principal;01 - FUNDOS DE INVESTIMENTOS E APLICAåES EM COTAS - RENDA FIXA;09 - TESOURO MUNICIPAL - RECURSOS VINCULADOS;032 - SECRETARIA MUNICIPAL DE URBANISMO E LICENCIAMENTO;013 - FUNDO ESPECIAL OPERAÇO URBANA µGUA BRANCA - FEAB - OUTORGA;11 - Integral;01 - Total;000 - Total;108000000.00;11175958.14
2026;2026 | 2 | PREFEITURA DO MUNICOPIO DE SCO PAULO | 1 - RECEITAS CORRENTES | 3 - RECEITA PATRIMONIAL | 2 - VALORES MOBILIRIOS | 1 - JUROS E CORREAES MONETRIAS | 05 - JUROS DE TOTULOS DE RENDA | 0 - JUROS DE TOTULOS DE RENDA | 1 - PRINCIPAL | 01 - FUNDOS DE INVESTIMENTOS E APLICAAES EM COTAS - RENDA FIXA | 09 - TESOURO MUNICIPAL - RECURSOS VINCULADOS | 032 - SECRETARIA MUNICIPAL DE URBANISMO E LICENCIAMENTO | 014 - FUNDO ESPECIAL OPERACO URBANA GUA BRANCA - FEAB - OUTORGA - HIS | 11 - INTEGRAL | 01 - TOTAL | 000 - TOTAL | 36000.00 | 4030.75;2026;2;PREFEITURA DO MUNICÖPIO DE SÇO PAULO;1 - RECEITAS CORRENTES;3 - RECEITA PATRIMONIAL;2 - VALORES MOBILIµRIOS;1 - JUROS E CORREåES MONETµRIAS;05 - JUROS DE TÖTULOS DE RENDA;0 - JUROS DE TÖTULOS DE RENDA;1 - Principal;01 - FUNDOS DE INVESTIMENTOS E APLICAåES EM COTAS - RENDA FIXA;09 - TESOURO MUNICIPAL - RECURSOS VINCULADOS;032 - SECRETARIA MUNICIPAL DE URBANISMO E LICENCIAMENTO;014 - FUNDO ESPECIAL OPERAÇO URBANA µGUA BRANCA - FEAB - OUTORGA - HIS;11 - Integral;01 - Total;000 - Total;36000.00;4030.75
2026;2026 | 2 | PREFEITURA DO MUNICOPIO DE SCO PAULO | 1 - RECEITAS CORRENTES | 3 - RECEITA PATRIMONIAL | 3 - DELEGACO DE SERVIOS PEBLICOS MEDIANTE CONCESSCO PERMISSCO AUTORIZACO OU LICENA | 9 - DEMAIS DELEGAAES DE SERVIOS PEBLICOS | 99 - OUTRAS DELEGAAES DE SERVIOS PEBLICOS | 0 - OUTRAS DELEGAAES DE SERVIOS PEBLICOS | 1 - PRINCIPAL | 01 - OUTORGAS PROVENIENTES DE CONCESSAES - FMD | 00 - OUTORGAS PROVENIENTES DE CONCESSAES - FMD | 000 - OUTORGAS PROVENIENTES DE CONCESSAES - FMD | 000 - OUTORGAS PROVENIENTES DE CONCESSAES - FMD | 11 - INTEGRAL | 01 - TOTAL | 000 - TOTAL | 101583060.00 | 11052244.04;2026;2;PREFEITURA DO MUNICÖPIO DE SÇO PAULO;1 - RECEITAS CORRENTES;3 - RECEITA PATRIMONIAL;3 - DELEGAÇO DE SERVIOS PéBLICOS MEDIANTE CONCESSÇO PERMISSÇO AUTORIZAÇO OU LICENA;9 - DEMAIS DELEGAåES DE SERVIOS PéBLICOS;99 - OUTRAS DELEGAåES DE SERVIOS PéBLICOS;0 - OUTRAS DELEGAåES DE SERVIOS PéBLICOS;1 - Principal;01 - OUTORGAS PROVENIENTES DE CONCESSåES - FMD;00 - OUTORGAS PROVENIENTES DE CONCESSåES - FMD;000 - OUTORGAS PROVENIENTES DE CONCESSåES - FMD;000 - OUTORGAS PROVENIENTES DE CONCESSåES - FMD;11 - Integral;01 - Total;000 - Total;101583060.00;11052244.04
2026;2026 | 2 | PREFEITURA DO MUNICOPIO DE SCO PAULO | 1 - RECEITAS CORRENTES | 9 - OUTRAS RECEITAS CORRENTES | 4 - MULTAS E JUROS DE MORA DAS RECEITAS DE CAPITAL | 9 - MULTAS E JUROS DE MORA DE OUTRAS RECEITAS DE CAPITAL | 99 - MULTAS E JUROS DE OUTRAS RECEITAS DE CAPITAL | 0 - MULTAS E JUROS DE OUTRAS RECEITAS DE CAPITAL | 2 - MULTA | 76 - OUTORGA ONEROSA - PLANO DIRETOR - DIREITO DE CONSTRUIR - FUNDURB - MULTAS E JUROS | 00 - OUTORGA ONEROSA - PLANO DIRETOR - DIREITO DE CONSTRUIR - FUNDURB - MULTAS E JUROS | 000 - OUTORGA ONEROSA - PLANO DIRETOR - DIREITO DE CONSTRUIR - FUNDURB - MULTAS E JUROS | 000 - OUTORGA ONEROSA - PLANO DIRETOR - DIREITO DE CONSTRUIR - FUNDURB - MULTAS E JUROS | 11 - INTEGRAL | 01 - TOTAL | 000 - TOTAL | .00 | 20407.86;2026;2;PREFEITURA DO MUNICÖPIO DE SÇO PAULO;1 - RECEITAS CORRENTES;9 - OUTRAS RECEITAS CORRENTES;4 - MULTAS E JUROS DE MORA DAS RECEITAS DE CAPITAL;9 - MULTAS E JUROS DE MORA DE OUTRAS RECEITAS DE CAPITAL;99 - MULTAS E JUROS DE OUTRAS RECEITAS DE CAPITAL;0 - MULTAS E JUROS DE OUTRAS RECEITAS DE CAPITAL;2 - Multa;76 - OUTORGA ONEROSA - PLANO DIRETOR - DIREITO DE CONSTRUIR - FUNDURB - MULTAS E JUROS;00 - OUTORGA ONEROSA - PLANO DIRETOR - DIREITO DE CONSTRUIR - FUNDURB - MULTAS E JUROS;000 - OUTORGA ONEROSA - PLANO DIRETOR - DIREITO DE CONSTRUIR - FUNDURB - MULTAS E JUROS;000 - OUTORGA ONEROSA - PLANO DIRETOR - DIREITO DE CONSTRUIR - FUNDURB - MULTAS E JUROS;11 - Integral;01 - Total;000 - Total;.00;20407.86
2026;2026 | 2 | PREFEITURA DO MUNICOPIO DE SCO PAULO | 2 - RECEITAS DE CAPITAL | 9 - OUTRAS RECEITAS DE CAPITAL | 9 - DEMAIS RECEITAS DE CAPITAL | 9 - DEMAIS RECEITAS DE CAPITAL | 99 - OUTRAS RECEITAS DE CAPITAL | 0 - OUTRAS RECEITAS DE CAPITAL | 1 - PRINCIPAL | 01 - DEMAIS RECEITAS DE CAPITAL - PRINCIPAL | 09 - OUTORGA ONEROSA COTA SOLIDARIEDADE - FUNDURB | 000 - OUTORGA ONEROSA COTA SOLIDARIEDADE - FUNDURB | 000 - OUTORGA ONEROSA COTA SOLIDARIEDADE - FUNDURB | 11 - INTEGRAL | 01 - TOTAL | 000 - TOTAL | 46273812.00 | 13101053.13;2026;2;PREFEITURA DO MUNICÖPIO DE SÇO PAULO;2 - RECEITAS DE CAPITAL;9 - OUTRAS RECEITAS DE CAPITAL;9 - DEMAIS RECEITAS DE CAPITAL;9 - DEMAIS RECEITAS DE CAPITAL;99 - OUTRAS RECEITAS DE CAPITAL;0 - OUTRAS RECEITAS DE CAPITAL;1 - Principal;01 - DEMAIS RECEITAS DE CAPITAL - PRINCIPAL;09 - OUTORGA ONEROSA COTA SOLIDARIEDADE - FUNDURB;000 - OUTORGA ONEROSA COTA SOLIDARIEDADE - FUNDURB;000 - OUTORGA ONEROSA COTA SOLIDARIEDADE - FUNDURB;11 - Integral;01 - Total;000 - Total;46273812.00;13101053.13
2026;2026 | 2 | PREFEITURA DO MUNICOPIO DE SCO PAULO | 2 - RECEITAS DE CAPITAL | 9 - OUTRAS RECEITAS DE CAPITAL | 9 - DEMAIS RECEITAS DE CAPITAL | 9 - DEMAIS RECEITAS DE CAPITAL | 99 - OUTRAS RECEITAS DE CAPITAL | 0 - OUTRAS RECEITAS DE CAPITAL | 1 - PRINCIPAL | 01 - DEMAIS RECEITAS DE CAPITAL - PRINCIPAL | 11 - OUTORGA ONEROSA - PLANO DIRETOR - DIREITO DE CONSTRUIR - FUNDURB | 000 - OUTORGA ONEROSA - PLANO DIRETOR - DIREITO DE CONSTRUIR - FUNDURB | 000 - OUTORGA ONEROSA - PLANO DIRETOR - DIREITO DE CONSTRUIR - FUNDURB | 11 - INTEGRAL | 01 - TOTAL | 000 - TOTAL | 2009605119.00 | 82548632.91;2026;2;PREFEITURA DO MUNICÖPIO DE SÇO PAULO;2 - RECEITAS DE CAPITAL;9 - OUTRAS RECEITAS DE CAPITAL;9 - DEMAIS RECEITAS DE CAPITAL;9 - DEMAIS RECEITAS DE CAPITAL;99 - OUTRAS RECEITAS DE CAPITAL;0 - OUTRAS RECEITAS DE CAPITAL;1 - Principal;01 - DEMAIS RECEITAS DE CAPITAL - PRINCIPAL;11 - OUTORGA ONEROSA - PLANO DIRETOR - DIREITO DE CONSTRUIR - FUNDURB;000 - OUTORGA ONEROSA - PLANO DIRETOR - DIREITO DE CONSTRUIR - FUNDURB;000 - OUTORGA ONEROSA - PLANO DIRETOR - DIREITO DE CONSTRUIR - FUNDURB;11 - Integral;01 - Total;000 - Total;2009605119.00;82548632.91
2026;2026 | 2 | PREFEITURA DO MUNICOPIO DE SCO PAULO | 2 - RECEITAS DE CAPITAL | 9 - OUTRAS RECEITAS DE CAPITAL | 9 - DEMAIS RECEITAS DE CAPITAL | 9 - DEMAIS RECEITAS DE CAPITAL | 99 - OUTRAS RECEITAS DE CAPITAL | 0 - OUTRAS RECEITAS DE CAPITAL | 1 - PRINCIPAL | 01 - DEMAIS RECEITAS DE CAPITAL - PRINCIPAL | 11 - OUTORGA ONEROSA - PLANO DIRETOR - DIREITO DE CONSTRUIR - FUNDURB | 000 - OUTORGA ONEROSA - PLANO DIRETOR - DIREITO DE CONSTRUIR - FUNDURB | 000 - OUTORGA ONEROSA - PLANO DIRETOR - DIREITO DE CONSTRUIR - FUNDURB | 11 - INTEGRAL | 09 - DEDUTORA | 001 - DEDUAES OUTORGA ONEROSA - PLANO DIRETOR - DIREITO DE CONSTRUIR - FUNDURB | .00 | -4293.22;2026;2;PREFEITURA DO MUNICÖPIO DE SÇO PAULO;2 - RECEITAS DE CAPITAL;9 - OUTRAS RECEITAS DE CAPITAL;9 - DEMAIS RECEITAS DE CAPITAL;9 - DEMAIS RECEITAS DE CAPITAL;99 - OUTRAS RECEITAS DE CAPITAL;0 - OUTRAS RECEITAS DE CAPITAL;1 - Principal;01 - DEMAIS RECEITAS DE CAPITAL - PRINCIPAL;11 - OUTORGA ONEROSA - PLANO DIRETOR - DIREITO DE CONSTRUIR - FUNDURB;000 - OUTORGA ONEROSA - PLANO DIRETOR - DIREITO DE CONSTRUIR - FUNDURB;000 - OUTORGA ONEROSA - PLANO DIRETOR - DIREITO DE CONSTRUIR - FUNDURB;11 - Integral;09 - Dedutora;001 - Deduäes Outorga Onerosa - Plano Diretor - Direito de Construir - FUNDURB;.00;-4293.22
2026;2026 | 2 | PREFEITURA DO MUNICOPIO DE SCO PAULO | 2 - RECEITAS DE CAPITAL | 9 - OUTRAS RECEITAS DE CAPITAL | 9 - DEMAIS RECEITAS DE CAPITAL | 9 - DEMAIS RECEITAS DE CAPITAL | 99 - OUTRAS RECEITAS DE CAPITAL | 0 - OUTRAS RECEITAS DE CAPITAL | 1 - PRINCIPAL | 01 - DEMAIS RECEITAS DE CAPITAL - PRINCIPAL | 64 - OUTORGA ONEROSA AIU SETOR CENTRAL - FUNDURB | 000 - OUTORGA ONEROSA AIU SETOR CENTRAL - FUNDURB | 000 - OUTORGA ONEROSA AIU SETOR CENTRAL - FUNDURB | 11 - INTEGRAL | 01 - TOTAL | 000 - TOTAL | 5000000.00 | 3169633.85;2026;2;PREFEITURA DO MUNICÖPIO DE SÇO PAULO;2 - RECEITAS DE CAPITAL;9 - OUTRAS RECEITAS DE CAPITAL;9 - DEMAIS RECEITAS DE CAPITAL;9 - DEMAIS RECEITAS DE CAPITAL;99 - OUTRAS RECEITAS DE CAPITAL;0 - OUTRAS RECEITAS DE CAPITAL;1 - Principal;01 - DEMAIS RECEITAS DE CAPITAL - PRINCIPAL;64 - OUTORGA ONEROSA AIU SETOR CENTRAL - FUNDURB;000 - OUTORGA ONEROSA AIU SETOR CENTRAL - FUNDURB;000 - OUTORGA ONEROSA AIU SETOR CENTRAL - FUNDURB;11 - Integral;01 - Total;000 - Total;5000000.00;3169633.85
2026;2026 | 2 | PREFEITURA DO MUNICOPIO DE SCO PAULO | 7 - RECEITAS CORRENTES INTRAORAMENTRIAS | 3 - RECEITA PATRIMONIAL INTRAORAMENTRIA | 1 - EXPLORACO DO PATRIMANIO IMOBILIRIO DO ESTADO | 1 - EXPLORACO DO PATRIMANIO IMOBILIRIO DO ESTADO | 02 - CONCESSCO PERMISSCO AUTORIZACO OU CESSCO DO DIREITO DE USO DE BENS IMAVEIS PEBLICOS | 1 - CONCESSCO PERMISSCO AUTORIZACO OU CESSCO DO DIREITO DE USO DE BENS IMAVEIS PEBLICOS - GERAL | 1 - PRINCIPAL | 01 - OUTORGA DE POSSE DIRETA - PMSP | 00 - OUTORGA DE POSSE DIRETA - PMSP | 000 - OUTORGA DE POSSE DIRETA - PMSP | 000 - OUTORGA DE POSSE DIRETA - PMSP | 11 - INTEGRAL | 01 - TOTAL | 000 - TOTAL | .00 | .00;2026;2;PREFEITURA DO MUNICÖPIO DE SÇO PAULO;7 - RECEITAS CORRENTES INTRAORAMENTµRIAS;3 - RECEITA PATRIMONIAL INTRAORAMENTµRIA;1 - EXPLORAÇO DO PATRIMâNIO IMOBILIµRIO DO ESTADO;1 - EXPLORAÇO DO PATRIMâNIO IMOBILIµRIO DO ESTADO;02 - CONCESSÇO PERMISSÇO AUTORIZAÇO OU CESSÇO DO DIREITO DE USO DE BENS IMàVEIS PéBLICOS;1 - CONCESSÇO PERMISSÇO AUTORIZAÇO OU CESSÇO DO DIREITO DE USO DE BENS IMàVEIS PéBLICOS - GERAL;1 - Principal;01 - OUTORGA DE POSSE DIRETA - PMSP;00 - OUTORGA DE POSSE DIRETA - PMSP;000 - OUTORGA DE POSSE DIRETA - PMSP;000 - OUTORGA DE POSSE DIRETA - PMSP;11 - Integral;01 - Total;000 - Total;.00;.00
2026;2026 | 3 | AGONCIA REG. DE SERV. PEBLICOS DE SCO PAULO | 1 - RECEITAS CORRENTES | 9 - OUTRAS RECEITAS CORRENTES | 1 - MULTAS ADMINISTRATIVAS CONTRATUAIS E JUDICIAIS | 1 - MULTAS ADMINISTRATIVAS CONTRATUAIS E JUDICIAIS | 01 - MULTAS PREVISTAS EM LEGISLACO ESPECOFICA | 0 - MULTAS PREVISTAS EM LEGISLACO ESPECOFICA | 1 - PRINCIPAL | 02 - DEMAIS MULTAS PREVISTAS EM LEGISLACO ESPECOFICA | 16 - MULTAS DE POSTURAS MUNICIPAIS - SP REGULA | 000 - MULTAS DE POSTURAS MUNICIPAIS - SP REGULA | 000 - MULTAS DE POSTURAS MUNICIPAIS - SP REGULA | 11 - INTEGRAL | 01 - TOTAL | 000 - TOTAL | 4050779.00 | .00;2026;3;AGÒNCIA REG. DE SERV. PéBLICOS DE SÇO PAULO;1 - RECEITAS CORRENTES;9 - OUTRAS RECEITAS CORRENTES;1 - MULTAS ADMINISTRATIVAS CONTRATUAIS E JUDICIAIS;1 - MULTAS ADMINISTRATIVAS CONTRATUAIS E JUDICIAIS;01 - MULTAS PREVISTAS EM LEGISLAÇO ESPECÖFICA;0 - MULTAS PREVISTAS EM LEGISLAÇO ESPECÖFICA;1 - Principal;02 - DEMAIS MULTAS PREVISTAS EM LEGISLAÇO ESPECÖFICA;16 - MULTAS DE POSTURAS MUNICIPAIS - SP REGULA;000 - MULTAS DE POSTURAS MUNICIPAIS - SP REGULA;000 - MULTAS DE POSTURAS MUNICIPAIS - SP REGULA;11 - Integral;01 - Total;000 - Total;4050779.00;.00
2026;2026 | 3 | FUNDO MUNICIPAL DE HABITAO - COHAB | 1 - RECEITAS CORRENTES | 3 - RECEITA PATRIMONIAL | 2 - VALORES MOBILIRIOS | 1 - JUROS E CORREAES MONETRIAS | 05 - JUROS DE TOTULOS DE RENDA | 0 - JUROS DE TOTULOS DE RENDA | 1 - PRINCIPAL | 01 - FUNDOS DE INVESTIMENTOS E APLICAAES EM COTAS - RENDA FIXA | 09 - TESOURO MUNICIPAL - RECURSOS VINCULADOS | 023 - FUNDO MUNICIPAL DE HABITACO - COHAB | 001 - OUTORGA ONEROSA LEI 13.558/2003 ALTERADA PELA LEI 13.876/2004 | 11 - INTEGRAL | 01 - TOTAL | 000 - TOTAL | 1200.00 | .00;2026;3;Fundo Municipal de HabitaÆo - COHAB;1 - RECEITAS CORRENTES;3 - RECEITA PATRIMONIAL;2 - VALORES MOBILIµRIOS;1 - JUROS E CORREåES MONETµRIAS;05 - JUROS DE TÖTULOS DE RENDA;0 - JUROS DE TÖTULOS DE RENDA;1 - Principal;01 - FUNDOS DE INVESTIMENTOS E APLICAåES EM COTAS - RENDA FIXA;09 - TESOURO MUNICIPAL - RECURSOS VINCULADOS;023 - FUNDO MUNICIPAL DE HABITAÇO - COHAB;001 - OUTORGA ONEROSA LEI 13.558/2003 ALTERADA PELA LEI 13.876/2004;11 - Integral;01 - Total;000 - Total;1200.00;.00
2026;2026 | 3 | FUNDO MUNICIPAL DE HABITAO - COHAB | 2 - RECEITAS DE CAPITAL | 9 - OUTRAS RECEITAS DE CAPITAL | 9 - DEMAIS RECEITAS DE CAPITAL | 9 - DEMAIS RECEITAS DE CAPITAL | 99 - OUTRAS RECEITAS DE CAPITAL | 0 - OUTRAS RECEITAS DE CAPITAL | 1 - PRINCIPAL | 01 - DEMAIS RECEITAS DE CAPITAL - PRINCIPAL | 12 - OUTORGA ONEROSA - LEI DE ANISTIA | 000 - OUTORGA ONEROSA - LEI DE ANISTIA | 000 - OUTORGA ONEROSA - LEI DE ANISTIA | 11 - INTEGRAL | 01 - TOTAL | 000 - TOTAL | 1000.00 | .00;2026;3;Fundo Municipal de HabitaÆo - COHAB;2 - RECEITAS DE CAPITAL;9 - OUTRAS RECEITAS DE CAPITAL;9 - DEMAIS RECEITAS DE CAPITAL;9 - DEMAIS RECEITAS DE CAPITAL;99 - OUTRAS RECEITAS DE CAPITAL;0 - OUTRAS RECEITAS DE CAPITAL;1 - Principal;01 - DEMAIS RECEITAS DE CAPITAL - PRINCIPAL;12 - OUTORGA ONEROSA - LEI DE ANISTIA;000 - OUTORGA ONEROSA - LEI DE ANISTIA;000 - OUTORGA ONEROSA - LEI DE ANISTIA;11 - Integral;01 - Total;000 - Total;1000.00;.00
2026;2026 | 3 | PREFEITURA DO MUNICOPIO DE SCO PAULO | 1 - RECEITAS CORRENTES | 3 - RECEITA PATRIMONIAL | 2 - VALORES MOBILIRIOS | 1 - JUROS E CORREAES MONETRIAS | 05 - JUROS DE TOTULOS DE RENDA | 0 - JUROS DE TOTULOS DE RENDA | 1 - PRINCIPAL | 01 - FUNDOS DE INVESTIMENTOS E APLICAAES EM COTAS - RENDA FIXA | 09 - TESOURO MUNICIPAL - RECURSOS VINCULADOS | 032 - SECRETARIA MUNICIPAL DE URBANISMO E LICENCIAMENTO | 009 - OPERACO URBANA FARIA LIMA - OUTORGA HIS | 11 - INTEGRAL | 01 - TOTAL | 000 - TOTAL | 5520000.00 | 613985.94;2026;3;PREFEITURA DO MUNICÖPIO DE SÇO PAULO;1 - RECEITAS CORRENTES;3 - RECEITA PATRIMONIAL;2 - VALORES MOBILIµRIOS;1 - JUROS E CORREåES MONETµRIAS;05 - JUROS DE TÖTULOS DE RENDA;0 - JUROS DE TÖTULOS DE RENDA;1 - Principal;01 - FUNDOS DE INVESTIMENTOS E APLICAåES EM COTAS - RENDA FIXA;09 - TESOURO MUNICIPAL - RECURSOS VINCULADOS;032 - SECRETARIA MUNICIPAL DE URBANISMO E LICENCIAMENTO;009 - OPERAÇO URBANA FARIA LIMA - OUTORGA HIS;11 - Integral;01 - Total;000 - Total;5520000.00;613985.94
2026;2026 | 3 | PREFEITURA DO MUNICOPIO DE SCO PAULO | 1 - RECEITAS CORRENTES | 3 - RECEITA PATRIMONIAL | 2 - VALORES MOBILIRIOS | 1 - JUROS E CORREAES MONETRIAS | 05 - JUROS DE TOTULOS DE RENDA | 0 - JUROS DE TOTULOS DE RENDA | 1 - PRINCIPAL | 01 - FUNDOS DE INVESTIMENTOS E APLICAAES EM COTAS - RENDA FIXA | 09 - TESOURO MUNICIPAL - RECURSOS VINCULADOS | 032 - SECRETARIA MUNICIPAL DE URBANISMO E LICENCIAMENTO | 011 - OPERACO URBANA FARIA LIMA - OUTORGA | 11 - INTEGRAL | 01 - TOTAL | 000 - TOTAL | 10800000.00 | 1213140.08;2026;3;PREFEITURA DO MUNICÖPIO DE SÇO PAULO;1 - RECEITAS CORRENTES;3 - RECEITA PATRIMONIAL;2 - VALORES MOBILIµRIOS;1 - JUROS E CORREåES MONETµRIAS;05 - JUROS DE TÖTULOS DE RENDA;0 - JUROS DE TÖTULOS DE RENDA;1 - Principal;01 - FUNDOS DE INVESTIMENTOS E APLICAåES EM COTAS - RENDA FIXA;09 - TESOURO MUNICIPAL - RECURSOS VINCULADOS;032 - SECRETARIA MUNICIPAL DE URBANISMO E LICENCIAMENTO;011 - OPERAÇO URBANA FARIA LIMA - OUTORGA;11 - Integral;01 - Total;000 - Total;10800000.00;1213140.08
2026;2026 | 3 | PREFEITURA DO MUNICOPIO DE SCO PAULO | 1 - RECEITAS CORRENTES | 3 - RECEITA PATRIMONIAL | 2 - VALORES MOBILIRIOS | 1 - JUROS E CORREAES MONETRIAS | 05 - JUROS DE TOTULOS DE RENDA | 0 - JUROS DE TOTULOS DE RENDA | 1 - PRINCIPAL | 01 - FUNDOS DE INVESTIMENTOS E APLICAAES EM COTAS - RENDA FIXA | 09 - TESOURO MUNICIPAL - RECURSOS VINCULADOS | 032 - SECRETARIA MUNICIPAL DE URBANISMO E LICENCIAMENTO | 013 - FUNDO ESPECIAL OPERACO URBANA GUA BRANCA - FEAB - OUTORGA | 11 - INTEGRAL | 01 - TOTAL | 000 - TOTAL | 108000000.00 | 13753173.85;2026;3;PREFEITURA DO MUNICÖPIO DE SÇO PAULO;1 - RECEITAS CORRENTES;3 - RECEITA PATRIMONIAL;2 - VALORES MOBILIµRIOS;1 - JUROS E CORREåES MONETµRIAS;05 - JUROS DE TÖTULOS DE RENDA;0 - JUROS DE TÖTULOS DE RENDA;1 - Principal;01 - FUNDOS DE INVESTIMENTOS E APLICAåES EM COTAS - RENDA FIXA;09 - TESOURO MUNICIPAL - RECURSOS VINCULADOS;032 - SECRETARIA MUNICIPAL DE URBANISMO E LICENCIAMENTO;013 - FUNDO ESPECIAL OPERAÇO URBANA µGUA BRANCA - FEAB - OUTORGA;11 - Integral;01 - Total;000 - Total;108000000.00;13753173.85
2026;2026 | 3 | PREFEITURA DO MUNICOPIO DE SCO PAULO | 1 - RECEITAS CORRENTES | 3 - RECEITA PATRIMONIAL | 2 - VALORES MOBILIRIOS | 1 - JUROS E CORREAES MONETRIAS | 05 - JUROS DE TOTULOS DE RENDA | 0 - JUROS DE TOTULOS DE RENDA | 1 - PRINCIPAL | 01 - FUNDOS DE INVESTIMENTOS E APLICAAES EM COTAS - RENDA FIXA | 09 - TESOURO MUNICIPAL - RECURSOS VINCULADOS | 032 - SECRETARIA MUNICIPAL DE URBANISMO E LICENCIAMENTO | 014 - FUNDO ESPECIAL OPERACO URBANA GUA BRANCA - FEAB - OUTORGA - HIS | 11 - INTEGRAL | 01 - TOTAL | 000 - TOTAL | 36000.00 | 4960.59;2026;3;PREFEITURA DO MUNICÖPIO DE SÇO PAULO;1 - RECEITAS CORRENTES;3 - RECEITA PATRIMONIAL;2 - VALORES MOBILIµRIOS;1 - JUROS E CORREåES MONETµRIAS;05 - JUROS DE TÖTULOS DE RENDA;0 - JUROS DE TÖTULOS DE RENDA;1 - Principal;01 - FUNDOS DE INVESTIMENTOS E APLICAåES EM COTAS - RENDA FIXA;09 - TESOURO MUNICIPAL - RECURSOS VINCULADOS;032 - SECRETARIA MUNICIPAL DE URBANISMO E LICENCIAMENTO;014 - FUNDO ESPECIAL OPERAÇO URBANA µGUA BRANCA - FEAB - OUTORGA - HIS;11 - Integral;01 - Total;000 - Total;36000.00;4960.59
2026;2026 | 3 | PREFEITURA DO MUNICOPIO DE SCO PAULO | 1 - RECEITAS CORRENTES | 3 - RECEITA PATRIMONIAL | 3 - DELEGACO DE SERVIOS PEBLICOS MEDIANTE CONCESSCO PERMISSCO AUTORIZACO OU LICENA | 9 - DEMAIS DELEGAAES DE SERVIOS PEBLICOS | 99 - OUTRAS DELEGAAES DE SERVIOS PEBLICOS | 0 - OUTRAS DELEGAAES DE SERVIOS PEBLICOS | 1 - PRINCIPAL | 01 - OUTORGAS PROVENIENTES DE CONCESSAES - FMD | 00 - OUTORGAS PROVENIENTES DE CONCESSAES - FMD | 000 - OUTORGAS PROVENIENTES DE CONCESSAES - FMD | 000 - OUTORGAS PROVENIENTES DE CONCESSAES - FMD | 11 - INTEGRAL | 01 - TOTAL | 000 - TOTAL | 101583060.00 | 12987349.21;2026;3;PREFEITURA DO MUNICÖPIO DE SÇO PAULO;1 - RECEITAS CORRENTES;3 - RECEITA PATRIMONIAL;3 - DELEGAÇO DE SERVIOS PéBLICOS MEDIANTE CONCESSÇO PERMISSÇO AUTORIZAÇO OU LICENA;9 - DEMAIS DELEGAåES DE SERVIOS PéBLICOS;99 - OUTRAS DELEGAåES DE SERVIOS PéBLICOS;0 - OUTRAS DELEGAåES DE SERVIOS PéBLICOS;1 - Principal;01 - OUTORGAS PROVENIENTES DE CONCESSåES - FMD;00 - OUTORGAS PROVENIENTES DE CONCESSåES - FMD;000 - OUTORGAS PROVENIENTES DE CONCESSåES - FMD;000 - OUTORGAS PROVENIENTES DE CONCESSåES - FMD;11 - Integral;01 - Total;000 - Total;101583060.00;12987349.21
2026;2026 | 3 | PREFEITURA DO MUNICOPIO DE SCO PAULO | 2 - RECEITAS DE CAPITAL | 9 - OUTRAS RECEITAS DE CAPITAL | 9 - DEMAIS RECEITAS DE CAPITAL | 9 - DEMAIS RECEITAS DE CAPITAL | 99 - OUTRAS RECEITAS DE CAPITAL | 0 - OUTRAS RECEITAS DE CAPITAL | 1 - PRINCIPAL | 01 - DEMAIS RECEITAS DE CAPITAL - PRINCIPAL | 09 - OUTORGA ONEROSA COTA SOLIDARIEDADE - FUNDURB | 000 - OUTORGA ONEROSA COTA SOLIDARIEDADE - FUNDURB | 000 - OUTORGA ONEROSA COTA SOLIDARIEDADE - FUNDURB | 11 - INTEGRAL | 01 - TOTAL | 000 - TOTAL | 46273812.00 | 16290936.95;2026;3;PREFEITURA DO MUNICÖPIO DE SÇO PAULO;2 - RECEITAS DE CAPITAL;9 - OUTRAS RECEITAS DE CAPITAL;9 - DEMAIS RECEITAS DE CAPITAL;9 - DEMAIS RECEITAS DE CAPITAL;99 - OUTRAS RECEITAS DE CAPITAL;0 - OUTRAS RECEITAS DE CAPITAL;1 - Principal;01 - DEMAIS RECEITAS DE CAPITAL - PRINCIPAL;09 - OUTORGA ONEROSA COTA SOLIDARIEDADE - FUNDURB;000 - OUTORGA ONEROSA COTA SOLIDARIEDADE - FUNDURB;000 - OUTORGA ONEROSA COTA SOLIDARIEDADE - FUNDURB;11 - Integral;01 - Total;000 - Total;46273812.00;16290936.95
2026;2026 | 3 | PREFEITURA DO MUNICOPIO DE SCO PAULO | 2 - RECEITAS DE CAPITAL | 9 - OUTRAS RECEITAS DE CAPITAL | 9 - DEMAIS RECEITAS DE CAPITAL | 9 - DEMAIS RECEITAS DE CAPITAL | 99 - OUTRAS RECEITAS DE CAPITAL | 0 - OUTRAS RECEITAS DE CAPITAL | 1 - PRINCIPAL | 01 - DEMAIS RECEITAS DE CAPITAL - PRINCIPAL | 11 - OUTORGA ONEROSA - PLANO DIRETOR - DIREITO DE CONSTRUIR - FUNDURB | 000 - OUTORGA ONEROSA - PLANO DIRETOR - DIREITO DE CONSTRUIR - FUNDURB | 000 - OUTORGA ONEROSA - PLANO DIRETOR - DIREITO DE CONSTRUIR - FUNDURB | 11 - INTEGRAL | 01 - TOTAL | 000 - TOTAL | 2009605119.00 | 104385003.90;2026;3;PREFEITURA DO MUNICÖPIO DE SÇO PAULO;2 - RECEITAS DE CAPITAL;9 - OUTRAS RECEITAS DE CAPITAL;9 - DEMAIS RECEITAS DE CAPITAL;9 - DEMAIS RECEITAS DE CAPITAL;99 - OUTRAS RECEITAS DE CAPITAL;0 - OUTRAS RECEITAS DE CAPITAL;1 - Principal;01 - DEMAIS RECEITAS DE CAPITAL - PRINCIPAL;11 - OUTORGA ONEROSA - PLANO DIRETOR - DIREITO DE CONSTRUIR - FUNDURB;000 - OUTORGA ONEROSA - PLANO DIRETOR - DIREITO DE CONSTRUIR - FUNDURB;000 - OUTORGA ONEROSA - PLANO DIRETOR - DIREITO DE CONSTRUIR - FUNDURB;11 - Integral;01 - Total;000 - Total;2009605119.00;104385003.90
2026;2026 | 3 | PREFEITURA DO MUNICOPIO DE SCO PAULO | 2 - RECEITAS DE CAPITAL | 9 - OUTRAS RECEITAS DE CAPITAL | 9 - DEMAIS RECEITAS DE CAPITAL | 9 - DEMAIS RECEITAS DE CAPITAL | 99 - OUTRAS RECEITAS DE CAPITAL | 0 - OUTRAS RECEITAS DE CAPITAL | 1 - PRINCIPAL | 01 - DEMAIS RECEITAS DE CAPITAL - PRINCIPAL | 64 - OUTORGA ONEROSA AIU SETOR CENTRAL - FUNDURB | 000 - OUTORGA ONEROSA AIU SETOR CENTRAL - FUNDURB | 000 - OUTORGA ONEROSA AIU SETOR CENTRAL - FUNDURB | 11 - INTEGRAL | 01 - TOTAL | 000 - TOTAL | 5000000.00 | 822331.21;2026;3;PREFEITURA DO MUNICÖPIO DE SÇO PAULO;2 - RECEITAS DE CAPITAL;9 - OUTRAS RECEITAS DE CAPITAL;9 - DEMAIS RECEITAS DE CAPITAL;9 - DEMAIS RECEITAS DE CAPITAL;99 - OUTRAS RECEITAS DE CAPITAL;0 - OUTRAS RECEITAS DE CAPITAL;1 - Principal;01 - DEMAIS RECEITAS DE CAPITAL - PRINCIPAL;64 - OUTORGA ONEROSA AIU SETOR CENTRAL - FUNDURB;000 - OUTORGA ONEROSA AIU SETOR CENTRAL - FUNDURB;000 - OUTORGA ONEROSA AIU SETOR CENTRAL - FUNDURB;11 - Integral;01 - Total;000 - Total;5000000.00;822331.21
2026;2026 | 3 | PREFEITURA DO MUNICOPIO DE SCO PAULO | 7 - RECEITAS CORRENTES INTRAORAMENTRIAS | 3 - RECEITA PATRIMONIAL INTRAORAMENTRIA | 1 - EXPLORACO DO PATRIMANIO IMOBILIRIO DO ESTADO | 1 - EXPLORACO DO PATRIMANIO IMOBILIRIO DO ESTADO | 02 - CONCESSCO PERMISSCO AUTORIZACO OU CESSCO DO DIREITO DE USO DE BENS IMAVEIS PEBLICOS | 1 - CONCESSCO PERMISSCO AUTORIZACO OU CESSCO DO DIREITO DE USO DE BENS IMAVEIS PEBLICOS - GERAL | 1 - PRINCIPAL | 01 - OUTORGA DE POSSE DIRETA - PMSP | 00 - OUTORGA DE POSSE DIRETA - PMSP | 000 - OUTORGA DE POSSE DIRETA - PMSP | 000 - OUTORGA DE POSSE DIRETA - PMSP | 11 - INTEGRAL | 01 - TOTAL | 000 - TOTAL | .00 | 39148.61;2026;3;PREFEITURA DO MUNICÖPIO DE SÇO PAULO;7 - RECEITAS CORRENTES INTRAORAMENTµRIAS;3 - RECEITA PATRIMONIAL INTRAORAMENTµRIA;1 - EXPLORAÇO DO PATRIMâNIO IMOBILIµRIO DO ESTADO;1 - EXPLORAÇO DO PATRIMâNIO IMOBILIµRIO DO ESTADO;02 - CONCESSÇO PERMISSÇO AUTORIZAÇO OU CESSÇO DO DIREITO DE USO DE BENS IMàVEIS PéBLICOS;1 - CONCESSÇO PERMISSÇO AUTORIZAÇO OU CESSÇO DO DIREITO DE USO DE BENS IMàVEIS PéBLICOS - GERAL;1 - Principal;01 - OUTORGA DE POSSE DIRETA - PMSP;00 - OUTORGA DE POSSE DIRETA - PMSP;000 - OUTORGA DE POSSE DIRETA - PMSP;000 - OUTORGA DE POSSE DIRETA - PMSP;11 - Integral;01 - Total;000 - Total;.00;39148.61
2026;2026 | 4 | AGONCIA REG. DE SERV. PEBLICOS DE SCO PAULO | 1 - RECEITAS CORRENTES | 1 - IMPOSTOS TAXAS E CONTRIBUIAES DE MELHORIA | 2 - TAXAS | 1 - TAXAS PELO EXERCOCIO DO PODER DE POLOCIA | 01 - TAXAS DE INSPECO CONTROLE E FISCALIZACO | 0 - TAXAS DE INSPECO CONTROLE E FISCALIZACO | 1 - PRINCIPAL | 13 - TAXAS - EMISSCO DE ALVARS - SERVIOS FUNERRIOS E CEMITERIAIS | 00 - TAXAS - EMISSCO DE ALVARS - SERVIOS FUNERRIOS E CEMITERIAIS | 000 - TAXAS - EMISSCO DE ALVARS - SERVIOS FUNERRIOS E CEMITERIAIS | 000 - TAXAS - EMISSCO DE ALVARS - SERVIOS FUNERRIOS E CEMITERIAIS | 11 - INTEGRAL | 01 - TOTAL | 000 - TOTAL | .00 | 2188.61;2026;4;AGÒNCIA REG. DE SERV. PéBLICOS DE SÇO PAULO;1 - RECEITAS CORRENTES;1 - IMPOSTOS TAXAS E CONTRIBUIåES DE MELHORIA;2 - TAXAS;1 - TAXAS PELO EXERCÖCIO DO PODER DE POLÖCIA;01 - TAXAS DE INSPEÇO CONTROLE E FISCALIZAÇO;0 - TAXAS DE INSPEÇO CONTROLE E FISCALIZAÇO;1 - Principal;13 - TAXAS - EMISSÇO DE ALVARµS - SERVIOS FUNERµRIOS E CEMITERIAIS;00 - TAXAS - EMISSÇO DE ALVARµS - SERVIOS FUNERµRIOS E CEMITERIAIS;000 - TAXAS - EMISSÇO DE ALVARµS - SERVIOS FUNERµRIOS E CEMITERIAIS;000 - TAXAS - EMISSÇO DE ALVARµS - SERVIOS FUNERµRIOS E CEMITERIAIS;11 - Integral;01 - Total;000 - Total;.00;2188.61
2026;2026 | 4 | AGONCIA REG. DE SERV. PEBLICOS DE SCO PAULO | 1 - RECEITAS CORRENTES | 9 - OUTRAS RECEITAS CORRENTES | 1 - MULTAS ADMINISTRATIVAS CONTRATUAIS E JUDICIAIS | 1 - MULTAS ADMINISTRATIVAS CONTRATUAIS E JUDICIAIS | 01 - MULTAS PREVISTAS EM LEGISLACO ESPECOFICA | 0 - MULTAS PREVISTAS EM LEGISLACO ESPECOFICA | 1 - PRINCIPAL | 02 - DEMAIS MULTAS PREVISTAS EM LEGISLACO ESPECOFICA | 16 - MULTAS DE POSTURAS MUNICIPAIS - SP REGULA | 000 - MULTAS DE POSTURAS MUNICIPAIS - SP REGULA | 000 - MULTAS DE POSTURAS MUNICIPAIS - SP REGULA | 11 - INTEGRAL | 01 - TOTAL | 000 - TOTAL | 4050779.00 | 88487.79;2026;4;AGÒNCIA REG. DE SERV. PéBLICOS DE SÇO PAULO;1 - RECEITAS CORRENTES;9 - OUTRAS RECEITAS CORRENTES;1 - MULTAS ADMINISTRATIVAS CONTRATUAIS E JUDICIAIS;1 - MULTAS ADMINISTRATIVAS CONTRATUAIS E JUDICIAIS;01 - MULTAS PREVISTAS EM LEGISLAÇO ESPECÖFICA;0 - MULTAS PREVISTAS EM LEGISLAÇO ESPECÖFICA;1 - Principal;02 - DEMAIS MULTAS PREVISTAS EM LEGISLAÇO ESPECÖFICA;16 - MULTAS DE POSTURAS MUNICIPAIS - SP REGULA;000 - MULTAS DE POSTURAS MUNICIPAIS - SP REGULA;000 - MULTAS DE POSTURAS MUNICIPAIS - SP REGULA;11 - Integral;01 - Total;000 - Total;4050779.00;88487.79
2026;2026 | 4 | AGONCIA REG. DE SERV. PEBLICOS DE SCO PAULO | 1 - RECEITAS CORRENTES | 9 - OUTRAS RECEITAS CORRENTES | 1 - MULTAS ADMINISTRATIVAS CONTRATUAIS E JUDICIAIS | 1 - MULTAS ADMINISTRATIVAS CONTRATUAIS E JUDICIAIS | 01 - MULTAS PREVISTAS EM LEGISLACO ESPECOFICA | 0 - MULTAS PREVISTAS EM LEGISLACO ESPECOFICA | 2 - MULTA | 02 - DEMAIS MULTAS PREVISTAS EM LEGISLACO ESPECOFICA - MULTAS E JUROS | 16 - MULTAS DE POSTURAS MUNICIPAIS - SP REGULA - MULTAS E JUROS | 000 - MULTAS DE POSTURAS MUNICIPAIS - SP REGULA - MULTAS E JUROS | 000 - MULTAS DE POSTURAS MUNICIPAIS - SP REGULA - MULTAS E JUROS | 11 - INTEGRAL | 01 - TOTAL | 000 - TOTAL | .00 | 2047.64;2026;4;AGÒNCIA REG. DE SERV. PéBLICOS DE SÇO PAULO;1 - RECEITAS CORRENTES;9 - OUTRAS RECEITAS CORRENTES;1 - MULTAS ADMINISTRATIVAS CONTRATUAIS E JUDICIAIS;1 - MULTAS ADMINISTRATIVAS CONTRATUAIS E JUDICIAIS;01 - MULTAS PREVISTAS EM LEGISLAÇO ESPECÖFICA;0 - MULTAS PREVISTAS EM LEGISLAÇO ESPECÖFICA;2 - Multa;02 - DEMAIS MULTAS PREVISTAS EM LEGISLAÇO ESPECÖFICA - MULTAS E JUROS;16 - MULTAS DE POSTURAS MUNICIPAIS - SP REGULA - MULTAS E JUROS;000 - MULTAS DE POSTURAS MUNICIPAIS - SP REGULA - MULTAS E JUROS;000 - MULTAS DE POSTURAS MUNICIPAIS - SP REGULA - MULTAS E JUROS;11 - Integral;01 - Total;000 - Total;.00;2047.64
2026;2026 | 4 | AGONCIA REG. DE SERV. PEBLICOS DE SCO PAULO | 1 - RECEITAS CORRENTES | 9 - OUTRAS RECEITAS CORRENTES | 1 - MULTAS ADMINISTRATIVAS CONTRATUAIS E JUDICIAIS | 1 - MULTAS ADMINISTRATIVAS CONTRATUAIS E JUDICIAIS | 09 - MULTAS E JUROS PREVISTOS EM CONTRATOS | 0 - MULTAS E JUROS PREVISTOS EM CONTRATOS | 1 - PRINCIPAL | 11 - MULTAS - CONTRATOS DA ADMINISTRACO INDIRETA - SP-REGULA - SERVIOS FUNERRIOS E CEMITERIAIS | 00 - MULTAS - CONTRATOS DA ADMINISTRACO INDIRETA - SP-REGULA - SERVIOS FUNERRIOS E CEMITERIAIS | 000 - MULTAS - CONTRATOS DA ADMINISTRACO INDIRETA - SP-REGULA - SERVIOS FUNERRIOS E CEMITERIAIS | 000 - MULTAS - CONTRATOS DA ADMINISTRACO INDIRETA - SP-REGULA - SERVIOS FUNERRIOS E CEMITERIAIS | 11 - INTEGRAL | 01 - TOTAL | 000 - TOTAL | .00 | 2241.64;2026;4;AGÒNCIA REG. DE SERV. PéBLICOS DE SÇO PAULO;1 - RECEITAS CORRENTES;9 - OUTRAS RECEITAS CORRENTES;1 - MULTAS ADMINISTRATIVAS CONTRATUAIS E JUDICIAIS;1 - MULTAS ADMINISTRATIVAS CONTRATUAIS E JUDICIAIS;09 - MULTAS E JUROS PREVISTOS EM CONTRATOS;0 - MULTAS E JUROS PREVISTOS EM CONTRATOS;1 - Principal;11 - MULTAS - CONTRATOS DA ADMINISTRAÇO INDIRETA - SP-REGULA - SERVIOS FUNERµRIOS E CEMITERIAIS;00 - MULTAS - CONTRATOS DA ADMINISTRAÇO INDIRETA - SP-REGULA - SERVIOS FUNERµRIOS E CEMITERIAIS;000 - MULTAS - CONTRATOS DA ADMINISTRAÇO INDIRETA - SP-REGULA - SERVIOS FUNERµRIOS E CEMITERIAIS;000 - MULTAS - CONTRATOS DA ADMINISTRAÇO INDIRETA - SP-REGULA - SERVIOS FUNERµRIOS E CEMITERIAIS;11 - Integral;01 - Total;000 - Total;.00;2241.64
2026;2026 | 4 | FUNDO MUNICIPAL DE HABITAO - COHAB | 1 - RECEITAS CORRENTES | 3 - RECEITA PATRIMONIAL | 2 - VALORES MOBILIRIOS | 1 - JUROS E CORREAES MONETRIAS | 05 - JUROS DE TOTULOS DE RENDA | 0 - JUROS DE TOTULOS DE RENDA | 1 - PRINCIPAL | 01 - FUNDOS DE INVESTIMENTOS E APLICAAES EM COTAS - RENDA FIXA | 09 - TESOURO MUNICIPAL - RECURSOS VINCULADOS | 023 - FUNDO MUNICIPAL DE HABITACO - COHAB | 001 - OUTORGA ONEROSA LEI 13.558/2003 ALTERADA PELA LEI 13.876/2004 | 11 - INTEGRAL | 01 - TOTAL | 000 - TOTAL | 1200.00 | .00;2026;4;Fundo Municipal de HabitaÆo - COHAB;1 - RECEITAS CORRENTES;3 - RECEITA PATRIMONIAL;2 - VALORES MOBILIµRIOS;1 - JUROS E CORREåES MONETµRIAS;05 - JUROS DE TÖTULOS DE RENDA;0 - JUROS DE TÖTULOS DE RENDA;1 - Principal;01 - FUNDOS DE INVESTIMENTOS E APLICAåES EM COTAS - RENDA FIXA;09 - TESOURO MUNICIPAL - RECURSOS VINCULADOS;023 - FUNDO MUNICIPAL DE HABITAÇO - COHAB;001 - OUTORGA ONEROSA LEI 13.558/2003 ALTERADA PELA LEI 13.876/2004;11 - Integral;01 - Total;000 - Total;1200.00;.00
2026;2026 | 4 | FUNDO MUNICIPAL DE HABITAO - COHAB | 2 - RECEITAS DE CAPITAL | 9 - OUTRAS RECEITAS DE CAPITAL | 9 - DEMAIS RECEITAS DE CAPITAL | 9 - DEMAIS RECEITAS DE CAPITAL | 99 - OUTRAS RECEITAS DE CAPITAL | 0 - OUTRAS RECEITAS DE CAPITAL | 1 - PRINCIPAL | 01 - DEMAIS RECEITAS DE CAPITAL - PRINCIPAL | 12 - OUTORGA ONEROSA - LEI DE ANISTIA | 000 - OUTORGA ONEROSA - LEI DE ANISTIA | 000 - OUTORGA ONEROSA - LEI DE ANISTIA | 11 - INTEGRAL | 01 - TOTAL | 000 - TOTAL | 1000.00 | .00;2026;4;Fundo Municipal de HabitaÆo - COHAB;2 - RECEITAS DE CAPITAL;9 - OUTRAS RECEITAS DE CAPITAL;9 - DEMAIS RECEITAS DE CAPITAL;9 - DEMAIS RECEITAS DE CAPITAL;99 - OUTRAS RECEITAS DE CAPITAL;0 - OUTRAS RECEITAS DE CAPITAL;1 - Principal;01 - DEMAIS RECEITAS DE CAPITAL - PRINCIPAL;12 - OUTORGA ONEROSA - LEI DE ANISTIA;000 - OUTORGA ONEROSA - LEI DE ANISTIA;000 - OUTORGA ONEROSA - LEI DE ANISTIA;11 - Integral;01 - Total;000 - Total;1000.00;.00
2026;2026 | 4 | PREFEITURA DO MUNICOPIO DE SCO PAULO | 1 - RECEITAS CORRENTES | 3 - RECEITA PATRIMONIAL | 2 - VALORES MOBILIRIOS | 1 - JUROS E CORREAES MONETRIAS | 05 - JUROS DE TOTULOS DE RENDA | 0 - JUROS DE TOTULOS DE RENDA | 1 - PRINCIPAL | 01 - FUNDOS DE INVESTIMENTOS E APLICAAES EM COTAS - RENDA FIXA | 09 - TESOURO MUNICIPAL - RECURSOS VINCULADOS | 032 - SECRETARIA MUNICIPAL DE URBANISMO E LICENCIAMENTO | 009 - OPERACO URBANA FARIA LIMA - OUTORGA HIS | 11 - INTEGRAL | 01 - TOTAL | 000 - TOTAL | 5520000.00 | 554435.04;2026;4;PREFEITURA DO MUNICÖPIO DE SÇO PAULO;1 - RECEITAS CORRENTES;3 - RECEITA PATRIMONIAL;2 - VALORES MOBILIµRIOS;1 - JUROS E CORREåES MONETµRIAS;05 - JUROS DE TÖTULOS DE RENDA;0 - JUROS DE TÖTULOS DE RENDA;1 - Principal;01 - FUNDOS DE INVESTIMENTOS E APLICAåES EM COTAS - RENDA FIXA;09 - TESOURO MUNICIPAL - RECURSOS VINCULADOS;032 - SECRETARIA MUNICIPAL DE URBANISMO E LICENCIAMENTO;009 - OPERAÇO URBANA FARIA LIMA - OUTORGA HIS;11 - Integral;01 - Total;000 - Total;5520000.00;554435.04
2026;2026 | 4 | PREFEITURA DO MUNICOPIO DE SCO PAULO | 1 - RECEITAS CORRENTES | 3 - RECEITA PATRIMONIAL | 2 - VALORES MOBILIRIOS | 1 - JUROS E CORREAES MONETRIAS | 05 - JUROS DE TOTULOS DE RENDA | 0 - JUROS DE TOTULOS DE RENDA | 1 - PRINCIPAL | 01 - FUNDOS DE INVESTIMENTOS E APLICAAES EM COTAS - RENDA FIXA | 09 - TESOURO MUNICIPAL - RECURSOS VINCULADOS | 032 - SECRETARIA MUNICIPAL DE URBANISMO E LICENCIAMENTO | 011 - OPERACO URBANA FARIA LIMA - OUTORGA | 11 - INTEGRAL | 01 - TOTAL | 000 - TOTAL | 10800000.00 | 1095476.83;2026;4;PREFEITURA DO MUNICÖPIO DE SÇO PAULO;1 - RECEITAS CORRENTES;3 - RECEITA PATRIMONIAL;2 - VALORES MOBILIµRIOS;1 - JUROS E CORREåES MONETµRIAS;05 - JUROS DE TÖTULOS DE RENDA;0 - JUROS DE TÖTULOS DE RENDA;1 - Principal;01 - FUNDOS DE INVESTIMENTOS E APLICAåES EM COTAS - RENDA FIXA;09 - TESOURO MUNICIPAL - RECURSOS VINCULADOS;032 - SECRETARIA MUNICIPAL DE URBANISMO E LICENCIAMENTO;011 - OPERAÇO URBANA FARIA LIMA - OUTORGA;11 - Integral;01 - Total;000 - Total;10800000.00;1095476.83
2026;2026 | 4 | PREFEITURA DO MUNICOPIO DE SCO PAULO | 1 - RECEITAS CORRENTES | 3 - RECEITA PATRIMONIAL | 2 - VALORES MOBILIRIOS | 1 - JUROS E CORREAES MONETRIAS | 05 - JUROS DE TOTULOS DE RENDA | 0 - JUROS DE TOTULOS DE RENDA | 1 - PRINCIPAL | 01 - FUNDOS DE INVESTIMENTOS E APLICAAES EM COTAS - RENDA FIXA | 09 - TESOURO MUNICIPAL - RECURSOS VINCULADOS | 032 - SECRETARIA MUNICIPAL DE URBANISMO E LICENCIAMENTO | 013 - FUNDO ESPECIAL OPERACO URBANA GUA BRANCA - FEAB - OUTORGA | 11 - INTEGRAL | 01 - TOTAL | 000 - TOTAL | 108000000.00 | 12419243.94;2026;4;PREFEITURA DO MUNICÖPIO DE SÇO PAULO;1 - RECEITAS CORRENTES;3 - RECEITA PATRIMONIAL;2 - VALORES MOBILIµRIOS;1 - JUROS E CORREåES MONETµRIAS;05 - JUROS DE TÖTULOS DE RENDA;0 - JUROS DE TÖTULOS DE RENDA;1 - Principal;01 - FUNDOS DE INVESTIMENTOS E APLICAåES EM COTAS - RENDA FIXA;09 - TESOURO MUNICIPAL - RECURSOS VINCULADOS;032 - SECRETARIA MUNICIPAL DE URBANISMO E LICENCIAMENTO;013 - FUNDO ESPECIAL OPERAÇO URBANA µGUA BRANCA - FEAB - OUTORGA;11 - Integral;01 - Total;000 - Total;108000000.00;12419243.94
2026;2026 | 4 | PREFEITURA DO MUNICOPIO DE SCO PAULO | 1 - RECEITAS CORRENTES | 3 - RECEITA PATRIMONIAL | 2 - VALORES MOBILIRIOS | 1 - JUROS E CORREAES MONETRIAS | 05 - JUROS DE TOTULOS DE RENDA | 0 - JUROS DE TOTULOS DE RENDA | 1 - PRINCIPAL | 01 - FUNDOS DE INVESTIMENTOS E APLICAAES EM COTAS - RENDA FIXA | 09 - TESOURO MUNICIPAL - RECURSOS VINCULADOS | 032 - SECRETARIA MUNICIPAL DE URBANISMO E LICENCIAMENTO | 014 - FUNDO ESPECIAL OPERACO URBANA GUA BRANCA - FEAB - OUTORGA - HIS | 11 - INTEGRAL | 01 - TOTAL | 000 - TOTAL | 36000.00 | 4479.45;2026;4;PREFEITURA DO MUNICÖPIO DE SÇO PAULO;1 - RECEITAS CORRENTES;3 - RECEITA PATRIMONIAL;2 - VALORES MOBILIµRIOS;1 - JUROS E CORREåES MONETµRIAS;05 - JUROS DE TÖTULOS DE RENDA;0 - JUROS DE TÖTULOS DE RENDA;1 - Principal;01 - FUNDOS DE INVESTIMENTOS E APLICAåES EM COTAS - RENDA FIXA;09 - TESOURO MUNICIPAL - RECURSOS VINCULADOS;032 - SECRETARIA MUNICIPAL DE URBANISMO E LICENCIAMENTO;014 - FUNDO ESPECIAL OPERAÇO URBANA µGUA BRANCA - FEAB - OUTORGA - HIS;11 - Integral;01 - Total;000 - Total;36000.00;4479.45
2026;2026 | 4 | PREFEITURA DO MUNICOPIO DE SCO PAULO | 1 - RECEITAS CORRENTES | 3 - RECEITA PATRIMONIAL | 3 - DELEGACO DE SERVIOS PEBLICOS MEDIANTE CONCESSCO PERMISSCO AUTORIZACO OU LICENA | 9 - DEMAIS DELEGAAES DE SERVIOS PEBLICOS | 99 - OUTRAS DELEGAAES DE SERVIOS PEBLICOS | 0 - OUTRAS DELEGAAES DE SERVIOS PEBLICOS | 1 - PRINCIPAL | 01 - OUTORGAS PROVENIENTES DE CONCESSAES - FMD | 00 - OUTORGAS PROVENIENTES DE CONCESSAES - FMD | 000 - OUTORGAS PROVENIENTES DE CONCESSAES - FMD | 000 - OUTORGAS PROVENIENTES DE CONCESSAES - FMD | 11 - INTEGRAL | 01 - TOTAL | 000 - TOTAL | 101583060.00 | 7660756.49;2026;4;PREFEITURA DO MUNICÖPIO DE SÇO PAULO;1 - RECEITAS CORRENTES;3 - RECEITA PATRIMONIAL;3 - DELEGAÇO DE SERVIOS PéBLICOS MEDIANTE CONCESSÇO PERMISSÇO AUTORIZAÇO OU LICENA;9 - DEMAIS DELEGAåES DE SERVIOS PéBLICOS;99 - OUTRAS DELEGAåES DE SERVIOS PéBLICOS;0 - OUTRAS DELEGAåES DE SERVIOS PéBLICOS;1 - Principal;01 - OUTORGAS PROVENIENTES DE CONCESSåES - FMD;00 - OUTORGAS PROVENIENTES DE CONCESSåES - FMD;000 - OUTORGAS PROVENIENTES DE CONCESSåES - FMD;000 - OUTORGAS PROVENIENTES DE CONCESSåES - FMD;11 - Integral;01 - Total;000 - Total;101583060.00;7660756.49
2026;2026 | 4 | PREFEITURA DO MUNICOPIO DE SCO PAULO | 1 - RECEITAS CORRENTES | 9 - OUTRAS RECEITAS CORRENTES | 4 - MULTAS E JUROS DE MORA DAS RECEITAS DE CAPITAL | 9 - MULTAS E JUROS DE MORA DE OUTRAS RECEITAS DE CAPITAL | 99 - MULTAS E JUROS DE OUTRAS RECEITAS DE CAPITAL | 0 - MULTAS E JUROS DE OUTRAS RECEITAS DE CAPITAL | 2 - MULTA | 76 - OUTORGA ONEROSA - PLANO DIRETOR - DIREITO DE CONSTRUIR - FUNDURB - MULTAS E JUROS | 00 - OUTORGA ONEROSA - PLANO DIRETOR - DIREITO DE CONSTRUIR - FUNDURB - MULTAS E JUROS | 000 - OUTORGA ONEROSA - PLANO DIRETOR - DIREITO DE CONSTRUIR - FUNDURB - MULTAS E JUROS | 000 - OUTORGA ONEROSA - PLANO DIRETOR - DIREITO DE CONSTRUIR - FUNDURB - MULTAS E JUROS | 11 - INTEGRAL | 01 - TOTAL | 000 - TOTAL | .00 | 1201.42;2026;4;PREFEITURA DO MUNICÖPIO DE SÇO PAULO;1 - RECEITAS CORRENTES;9 - OUTRAS RECEITAS CORRENTES;4 - MULTAS E JUROS DE MORA DAS RECEITAS DE CAPITAL;9 - MULTAS E JUROS DE MORA DE OUTRAS RECEITAS DE CAPITAL;99 - MULTAS E JUROS DE OUTRAS RECEITAS DE CAPITAL;0 - MULTAS E JUROS DE OUTRAS RECEITAS DE CAPITAL;2 - Multa;76 - OUTORGA ONEROSA - PLANO DIRETOR - DIREITO DE CONSTRUIR - FUNDURB - MULTAS E JUROS;00 - OUTORGA ONEROSA - PLANO DIRETOR - DIREITO DE CONSTRUIR - FUNDURB - MULTAS E JUROS;000 - OUTORGA ONEROSA - PLANO DIRETOR - DIREITO DE CONSTRUIR - FUNDURB - MULTAS E JUROS;000 - OUTORGA ONEROSA - PLANO DIRETOR - DIREITO DE CONSTRUIR - FUNDURB - MULTAS E JUROS;11 - Integral;01 - Total;000 - Total;.00;1201.42
2026;2026 | 4 | PREFEITURA DO MUNICOPIO DE SCO PAULO | 2 - RECEITAS DE CAPITAL | 9 - OUTRAS RECEITAS DE CAPITAL | 9 - DEMAIS RECEITAS DE CAPITAL | 9 - DEMAIS RECEITAS DE CAPITAL | 99 - OUTRAS RECEITAS DE CAPITAL | 0 - OUTRAS RECEITAS DE CAPITAL | 1 - PRINCIPAL | 01 - DEMAIS RECEITAS DE CAPITAL - PRINCIPAL | 09 - OUTORGA ONEROSA COTA SOLIDARIEDADE - FUNDURB | 000 - OUTORGA ONEROSA COTA SOLIDARIEDADE - FUNDURB | 000 - OUTORGA ONEROSA COTA SOLIDARIEDADE - FUNDURB | 11 - INTEGRAL | 01 - TOTAL | 000 - TOTAL | 46273812.00 | 20685253.36;2026;4;PREFEITURA DO MUNICÖPIO DE SÇO PAULO;2 - RECEITAS DE CAPITAL;9 - OUTRAS RECEITAS DE CAPITAL;9 - DEMAIS RECEITAS DE CAPITAL;9 - DEMAIS RECEITAS DE CAPITAL;99 - OUTRAS RECEITAS DE CAPITAL;0 - OUTRAS RECEITAS DE CAPITAL;1 - Principal;01 - DEMAIS RECEITAS DE CAPITAL - PRINCIPAL;09 - OUTORGA ONEROSA COTA SOLIDARIEDADE - FUNDURB;000 - OUTORGA ONEROSA COTA SOLIDARIEDADE - FUNDURB;000 - OUTORGA ONEROSA COTA SOLIDARIEDADE - FUNDURB;11 - Integral;01 - Total;000 - Total;46273812.00;20685253.36
2026;2026 | 4 | PREFEITURA DO MUNICOPIO DE SCO PAULO | 2 - RECEITAS DE CAPITAL | 9 - OUTRAS RECEITAS DE CAPITAL | 9 - DEMAIS RECEITAS DE CAPITAL | 9 - DEMAIS RECEITAS DE CAPITAL | 99 - OUTRAS RECEITAS DE CAPITAL | 0 - OUTRAS RECEITAS DE CAPITAL | 1 - PRINCIPAL | 01 - DEMAIS RECEITAS DE CAPITAL - PRINCIPAL | 11 - OUTORGA ONEROSA - PLANO DIRETOR - DIREITO DE CONSTRUIR - FUNDURB | 000 - OUTORGA ONEROSA - PLANO DIRETOR - DIREITO DE CONSTRUIR - FUNDURB | 000 - OUTORGA ONEROSA - PLANO DIRETOR - DIREITO DE CONSTRUIR - FUNDURB | 11 - INTEGRAL | 01 - TOTAL | 000 - TOTAL | 2009605119.00 | 84763679.59;2026;4;PREFEITURA DO MUNICÖPIO DE SÇO PAULO;2 - RECEITAS DE CAPITAL;9 - OUTRAS RECEITAS DE CAPITAL;9 - DEMAIS RECEITAS DE CAPITAL;9 - DEMAIS RECEITAS DE CAPITAL;99 - OUTRAS RECEITAS DE CAPITAL;0 - OUTRAS RECEITAS DE CAPITAL;1 - Principal;01 - DEMAIS RECEITAS DE CAPITAL - PRINCIPAL;11 - OUTORGA ONEROSA - PLANO DIRETOR - DIREITO DE CONSTRUIR - FUNDURB;000 - OUTORGA ONEROSA - PLANO DIRETOR - DIREITO DE CONSTRUIR - FUNDURB;000 - OUTORGA ONEROSA - PLANO DIRETOR - DIREITO DE CONSTRUIR - FUNDURB;11 - Integral;01 - Total;000 - Total;2009605119.00;84763679.59
2026;2026 | 4 | PREFEITURA DO MUNICOPIO DE SCO PAULO | 2 - RECEITAS DE CAPITAL | 9 - OUTRAS RECEITAS DE CAPITAL | 9 - DEMAIS RECEITAS DE CAPITAL | 9 - DEMAIS RECEITAS DE CAPITAL | 99 - OUTRAS RECEITAS DE CAPITAL | 0 - OUTRAS RECEITAS DE CAPITAL | 1 - PRINCIPAL | 01 - DEMAIS RECEITAS DE CAPITAL - PRINCIPAL | 64 - OUTORGA ONEROSA AIU SETOR CENTRAL - FUNDURB | 000 - OUTORGA ONEROSA AIU SETOR CENTRAL - FUNDURB | 000 - OUTORGA ONEROSA AIU SETOR CENTRAL - FUNDURB | 11 - INTEGRAL | 01 - TOTAL | 000 - TOTAL | 5000000.00 | 514189.02;2026;4;PREFEITURA DO MUNICÖPIO DE SÇO PAULO;2 - RECEITAS DE CAPITAL;9 - OUTRAS RECEITAS DE CAPITAL;9 - DEMAIS RECEITAS DE CAPITAL;9 - DEMAIS RECEITAS DE CAPITAL;99 - OUTRAS RECEITAS DE CAPITAL;0 - OUTRAS RECEITAS DE CAPITAL;1 - Principal;01 - DEMAIS RECEITAS DE CAPITAL - PRINCIPAL;64 - OUTORGA ONEROSA AIU SETOR CENTRAL - FUNDURB;000 - OUTORGA ONEROSA AIU SETOR CENTRAL - FUNDURB;000 - OUTORGA ONEROSA AIU SETOR CENTRAL - FUNDURB;11 - Integral;01 - Total;000 - Total;5000000.00;514189.02
2026;2026 | 4 | PREFEITURA DO MUNICOPIO DE SCO PAULO | 7 - RECEITAS CORRENTES INTRAORAMENTRIAS | 3 - RECEITA PATRIMONIAL INTRAORAMENTRIA | 1 - EXPLORACO DO PATRIMANIO IMOBILIRIO DO ESTADO | 1 - EXPLORACO DO PATRIMANIO IMOBILIRIO DO ESTADO | 02 - CONCESSCO PERMISSCO AUTORIZACO OU CESSCO DO DIREITO DE USO DE BENS IMAVEIS PEBLICOS | 1 - CONCESSCO PERMISSCO AUTORIZACO OU CESSCO DO DIREITO DE USO DE BENS IMAVEIS PEBLICOS - GERAL | 1 - PRINCIPAL | 01 - OUTORGA DE POSSE DIRETA - PMSP | 00 - OUTORGA DE POSSE DIRETA - PMSP | 000 - OUTORGA DE POSSE DIRETA - PMSP | 000 - OUTORGA DE POSSE DIRETA - PMSP | 11 - INTEGRAL | 01 - TOTAL | 000 - TOTAL | .00 | .00;2026;4;PREFEITURA DO MUNICÖPIO DE SÇO PAULO;7 - RECEITAS CORRENTES INTRAORAMENTµRIAS;3 - RECEITA PATRIMONIAL INTRAORAMENTµRIA;1 - EXPLORAÇO DO PATRIMâNIO IMOBILIµRIO DO ESTADO;1 - EXPLORAÇO DO PATRIMâNIO IMOBILIµRIO DO ESTADO;02 - CONCESSÇO PERMISSÇO AUTORIZAÇO OU CESSÇO DO DIREITO DE USO DE BENS IMàVEIS PéBLICOS;1 - CONCESSÇO PERMISSÇO AUTORIZAÇO OU CESSÇO DO DIREITO DE USO DE BENS IMàVEIS PéBLICOS - GERAL;1 - Principal;01 - OUTORGA DE POSSE DIRETA - PMSP;00 - OUTORGA DE POSSE DIRETA - PMSP;000 - OUTORGA DE POSSE DIRETA - PMSP;000 - OUTORGA DE POSSE DIRETA - PMSP;11 - Integral;01 - Total;000 - Total;.00;.00
2026;2026 | 5 | AGONCIA REG. DE SERV. PEBLICOS DE SCO PAULO | 1 - RECEITAS CORRENTES | 1 - IMPOSTOS TAXAS E CONTRIBUIAES DE MELHORIA | 2 - TAXAS | 1 - TAXAS PELO EXERCOCIO DO PODER DE POLOCIA | 01 - TAXAS DE INSPECO CONTROLE E FISCALIZACO | 0 - TAXAS DE INSPECO CONTROLE E FISCALIZACO | 1 - PRINCIPAL | 13 - TAXAS - EMISSCO DE ALVARS - SERVIOS FUNERRIOS E CEMITERIAIS | 00 - TAXAS - EMISSCO DE ALVARS - SERVIOS FUNERRIOS E CEMITERIAIS | 000 - TAXAS - EMISSCO DE ALVARS - SERVIOS FUNERRIOS E CEMITERIAIS | 000 - TAXAS - EMISSCO DE ALVARS - SERVIOS FUNERRIOS E CEMITERIAIS | 11 - INTEGRAL | 01 - TOTAL | 000 - TOTAL | .00 | 2212.08;2026;5;AGÒNCIA REG. DE SERV. PéBLICOS DE SÇO PAULO;1 - RECEITAS CORRENTES;1 - IMPOSTOS TAXAS E CONTRIBUIåES DE MELHORIA;2 - TAXAS;1 - TAXAS PELO EXERCÖCIO DO PODER DE POLÖCIA;01 - TAXAS DE INSPEÇO CONTROLE E FISCALIZAÇO;0 - TAXAS DE INSPEÇO CONTROLE E FISCALIZAÇO;1 - Principal;13 - TAXAS - EMISSÇO DE ALVARµS - SERVIOS FUNERµRIOS E CEMITERIAIS;00 - TAXAS - EMISSÇO DE ALVARµS - SERVIOS FUNERµRIOS E CEMITERIAIS;000 - TAXAS - EMISSÇO DE ALVARµS - SERVIOS FUNERµRIOS E CEMITERIAIS;000 - TAXAS - EMISSÇO DE ALVARµS - SERVIOS FUNERµRIOS E CEMITERIAIS;11 - Integral;01 - Total;000 - Total;.00;2212.08
2026;2026 | 5 | AGONCIA REG. DE SERV. PEBLICOS DE SCO PAULO | 1 - RECEITAS CORRENTES | 9 - OUTRAS RECEITAS CORRENTES | 1 - MULTAS ADMINISTRATIVAS CONTRATUAIS E JUDICIAIS | 1 - MULTAS ADMINISTRATIVAS CONTRATUAIS E JUDICIAIS | 01 - MULTAS PREVISTAS EM LEGISLACO ESPECOFICA | 0 - MULTAS PREVISTAS EM LEGISLACO ESPECOFICA | 1 - PRINCIPAL | 02 - DEMAIS MULTAS PREVISTAS EM LEGISLACO ESPECOFICA | 16 - MULTAS DE POSTURAS MUNICIPAIS - SP REGULA | 000 - MULTAS DE POSTURAS MUNICIPAIS - SP REGULA | 000 - MULTAS DE POSTURAS MUNICIPAIS - SP REGULA | 11 - INTEGRAL | 01 - TOTAL | 000 - TOTAL | 4050779.00 | 328712.23;2026;5;AGÒNCIA REG. DE SERV. PéBLICOS DE SÇO PAULO;1 - RECEITAS CORRENTES;9 - OUTRAS RECEITAS CORRENTES;1 - MULTAS ADMINISTRATIVAS CONTRATUAIS E JUDICIAIS;1 - MULTAS ADMINISTRATIVAS CONTRATUAIS E JUDICIAIS;01 - MULTAS PREVISTAS EM LEGISLAÇO ESPECÖFICA;0 - MULTAS PREVISTAS EM LEGISLAÇO ESPECÖFICA;1 - Principal;02 - DEMAIS MULTAS PREVISTAS EM LEGISLAÇO ESPECÖFICA;16 - MULTAS DE POSTURAS MUNICIPAIS - SP REGULA;000 - MULTAS DE POSTURAS MUNICIPAIS - SP REGULA;000 - MULTAS DE POSTURAS MUNICIPAIS - SP REGULA;11 - Integral;01 - Total;000 - Total;4050779.00;328712.23
2026;2026 | 5 | AGONCIA REG. DE SERV. PEBLICOS DE SCO PAULO | 1 - RECEITAS CORRENTES | 9 - OUTRAS RECEITAS CORRENTES | 1 - MULTAS ADMINISTRATIVAS CONTRATUAIS E JUDICIAIS | 1 - MULTAS ADMINISTRATIVAS CONTRATUAIS E JUDICIAIS | 01 - MULTAS PREVISTAS EM LEGISLACO ESPECOFICA | 0 - MULTAS PREVISTAS EM LEGISLACO ESPECOFICA | 2 - MULTA | 02 - DEMAIS MULTAS PREVISTAS EM LEGISLACO ESPECOFICA - MULTAS E JUROS | 16 - MULTAS DE POSTURAS MUNICIPAIS - SP REGULA - MULTAS E JUROS | 000 - MULTAS DE POSTURAS MUNICIPAIS - SP REGULA - MULTAS E JUROS | 000 - MULTAS DE POSTURAS MUNICIPAIS - SP REGULA - MULTAS E JUROS | 11 - INTEGRAL | 01 - TOTAL | 000 - TOTAL | .00 | 442.49;2026;5;AGÒNCIA REG. DE SERV. PéBLICOS DE SÇO PAULO;1 - RECEITAS CORRENTES;9 - OUTRAS RECEITAS CORRENTES;1 - MULTAS ADMINISTRATIVAS CONTRATUAIS E JUDICIAIS;1 - MULTAS ADMINISTRATIVAS CONTRATUAIS E JUDICIAIS;01 - MULTAS PREVISTAS EM LEGISLAÇO ESPECÖFICA;0 - MULTAS PREVISTAS EM LEGISLAÇO ESPECÖFICA;2 - Multa;02 - DEMAIS MULTAS PREVISTAS EM LEGISLAÇO ESPECÖFICA - MULTAS E JUROS;16 - MULTAS DE POSTURAS MUNICIPAIS - SP REGULA - MULTAS E JUROS;000 - MULTAS DE POSTURAS MUNICIPAIS - SP REGULA - MULTAS E JUROS;000 - MULTAS DE POSTURAS MUNICIPAIS - SP REGULA - MULTAS E JUROS;11 - Integral;01 - Total;000 - Total;.00;442.49
2026;2026 | 5 | AGONCIA REG. DE SERV. PEBLICOS DE SCO PAULO | 7 - RECEITAS CORRENTES INTRAORAMENTRIAS | 9 - OUTRAS RECEITAS CORRENTES INTRAORAMENTRIAS | 1 - MULTAS ADMINISTRATIVAS CONTRATUAIS E JUDICIAIS | 1 - MULTAS ADMINISTRATIVAS CONTRATUAIS E JUDICIAIS | 01 - MULTAS PREVISTAS EM LEGISLACO ESPECOFICA | 0 - MULTAS PREVISTAS EM LEGISLACO ESPECOFICA | 1 - PRINCIPAL | 01 - MULTAS PREVISTAS EM LEGISLACO ESPECOFICA | 02 - MULTAS DE POSTURAS MUNICIPAIS - SP REGULA | 000 - MULTAS DE POSTURAS MUNICIPAIS - SP REGULA | 000 - MULTAS DE POSTURAS MUNICIPAIS - SP REGULA | 11 - INTEGRAL | 01 - TOTAL | 000 - TOTAL | .00 | 53760.81;2026;5;AGÒNCIA REG. DE SERV. PéBLICOS DE SÇO PAULO;7 - RECEITAS CORRENTES INTRAORAMENTµRIAS;9 - OUTRAS RECEITAS CORRENTES INTRAORAMENTµRIAS;1 - MULTAS ADMINISTRATIVAS CONTRATUAIS E JUDICIAIS;1 - MULTAS ADMINISTRATIVAS CONTRATUAIS E JUDICIAIS;01 - MULTAS PREVISTAS EM LEGISLAÇO ESPECÖFICA;0 - MULTAS PREVISTAS EM LEGISLAÇO ESPECÖFICA;1 - Principal;01 - MULTAS PREVISTAS EM LEGISLAÇO ESPECÖFICA;02 - MULTAS DE POSTURAS MUNICIPAIS - SP REGULA;000 - MULTAS DE POSTURAS MUNICIPAIS - SP REGULA;000 - MULTAS DE POSTURAS MUNICIPAIS - SP REGULA;11 - Integral;01 - Total;000 - Total;.00;53760.81
2026;2026 | 5 | FUNDO MUNICIPAL DE HABITAO - COHAB | 1 - RECEITAS CORRENTES | 3 - RECEITA PATRIMONIAL | 2 - VALORES MOBILIRIOS | 1 - JUROS E CORREAES MONETRIAS | 05 - JUROS DE TOTULOS DE RENDA | 0 - JUROS DE TOTULOS DE RENDA | 1 - PRINCIPAL | 01 - FUNDOS DE INVESTIMENTOS E APLICAAES EM COTAS - RENDA FIXA | 09 - TESOURO MUNICIPAL - RECURSOS VINCULADOS | 023 - FUNDO MUNICIPAL DE HABITACO - COHAB | 001 - OUTORGA ONEROSA LEI 13.558/2003 ALTERADA PELA LEI 13.876/2004 | 11 - INTEGRAL | 01 - TOTAL | 000 - TOTAL | 1200.00 | .00;2026;5;Fundo Municipal de HabitaÆo - COHAB;1 - RECEITAS CORRENTES;3 - RECEITA PATRIMONIAL;2 - VALORES MOBILIµRIOS;1 - JUROS E CORREåES MONETµRIAS;05 - JUROS DE TÖTULOS DE RENDA;0 - JUROS DE TÖTULOS DE RENDA;1 - Principal;01 - FUNDOS DE INVESTIMENTOS E APLICAåES EM COTAS - RENDA FIXA;09 - TESOURO MUNICIPAL - RECURSOS VINCULADOS;023 - FUNDO MUNICIPAL DE HABITAÇO - COHAB;001 - OUTORGA ONEROSA LEI 13.558/2003 ALTERADA PELA LEI 13.876/2004;11 - Integral;01 - Total;000 - Total;1200.00;.00
2026;2026 | 5 | FUNDO MUNICIPAL DE HABITAO - COHAB | 2 - RECEITAS DE CAPITAL | 9 - OUTRAS RECEITAS DE CAPITAL | 9 - DEMAIS RECEITAS DE CAPITAL | 9 - DEMAIS RECEITAS DE CAPITAL | 99 - OUTRAS RECEITAS DE CAPITAL | 0 - OUTRAS RECEITAS DE CAPITAL | 1 - PRINCIPAL | 01 - DEMAIS RECEITAS DE CAPITAL - PRINCIPAL | 12 - OUTORGA ONEROSA - LEI DE ANISTIA | 000 - OUTORGA ONEROSA - LEI DE ANISTIA | 000 - OUTORGA ONEROSA - LEI DE ANISTIA | 11 - INTEGRAL | 01 - TOTAL | 000 - TOTAL | 1000.00 | .00;2026;5;Fundo Municipal de HabitaÆo - COHAB;2 - RECEITAS DE CAPITAL;9 - OUTRAS RECEITAS DE CAPITAL;9 - DEMAIS RECEITAS DE CAPITAL;9 - DEMAIS RECEITAS DE CAPITAL;99 - OUTRAS RECEITAS DE CAPITAL;0 - OUTRAS RECEITAS DE CAPITAL;1 - Principal;01 - DEMAIS RECEITAS DE CAPITAL - PRINCIPAL;12 - OUTORGA ONEROSA - LEI DE ANISTIA;000 - OUTORGA ONEROSA - LEI DE ANISTIA;000 - OUTORGA ONEROSA - LEI DE ANISTIA;11 - Integral;01 - Total;000 - Total;1000.00;.00
2026;2026 | 5 | PREFEITURA DO MUNICOPIO DE SCO PAULO | 1 - RECEITAS CORRENTES | 3 - RECEITA PATRIMONIAL | 2 - VALORES MOBILIRIOS | 1 - JUROS E CORREAES MONETRIAS | 05 - JUROS DE TOTULOS DE RENDA | 0 - JUROS DE TOTULOS DE RENDA | 1 - PRINCIPAL | 01 - FUNDOS DE INVESTIMENTOS E APLICAAES EM COTAS - RENDA FIXA | 09 - TESOURO MUNICIPAL - RECURSOS VINCULADOS | 032 - SECRETARIA MUNICIPAL DE URBANISMO E LICENCIAMENTO | 009 - OPERACO URBANA FARIA LIMA - OUTORGA HIS | 11 - INTEGRAL | 01 - TOTAL | 000 - TOTAL | 5520000.00 | .00;2026;5;PREFEITURA DO MUNICÖPIO DE SÇO PAULO;1 - RECEITAS CORRENTES;3 - RECEITA PATRIMONIAL;2 - VALORES MOBILIµRIOS;1 - JUROS E CORREåES MONETµRIAS;05 - JUROS DE TÖTULOS DE RENDA;0 - JUROS DE TÖTULOS DE RENDA;1 - Principal;01 - FUNDOS DE INVESTIMENTOS E APLICAåES EM COTAS - RENDA FIXA;09 - TESOURO MUNICIPAL - RECURSOS VINCULADOS;032 - SECRETARIA MUNICIPAL DE URBANISMO E LICENCIAMENTO;009 - OPERAÇO URBANA FARIA LIMA - OUTORGA HIS;11 - Integral;01 - Total;000 - Total;5520000.00;.00
2026;2026 | 5 | PREFEITURA DO MUNICOPIO DE SCO PAULO | 1 - RECEITAS CORRENTES | 3 - RECEITA PATRIMONIAL | 2 - VALORES MOBILIRIOS | 1 - JUROS E CORREAES MONETRIAS | 05 - JUROS DE TOTULOS DE RENDA | 0 - JUROS DE TOTULOS DE RENDA | 1 - PRINCIPAL | 01 - FUNDOS DE INVESTIMENTOS E APLICAAES EM COTAS - RENDA FIXA | 09 - TESOURO MUNICIPAL - RECURSOS VINCULADOS | 032 - SECRETARIA MUNICIPAL DE URBANISMO E LICENCIAMENTO | 011 - OPERACO URBANA FARIA LIMA - OUTORGA | 11 - INTEGRAL | 01 - TOTAL | 000 - TOTAL | 10800000.00 | .00;2026;5;PREFEITURA DO MUNICÖPIO DE SÇO PAULO;1 - RECEITAS CORRENTES;3 - RECEITA PATRIMONIAL;2 - VALORES MOBILIµRIOS;1 - JUROS E CORREåES MONETµRIAS;05 - JUROS DE TÖTULOS DE RENDA;0 - JUROS DE TÖTULOS DE RENDA;1 - Principal;01 - FUNDOS DE INVESTIMENTOS E APLICAåES EM COTAS - RENDA FIXA;09 - TESOURO MUNICIPAL - RECURSOS VINCULADOS;032 - SECRETARIA MUNICIPAL DE URBANISMO E LICENCIAMENTO;011 - OPERAÇO URBANA FARIA LIMA - OUTORGA;11 - Integral;01 - Total;000 - Total;10800000.00;.00
2026;2026 | 5 | PREFEITURA DO MUNICOPIO DE SCO PAULO | 1 - RECEITAS CORRENTES | 3 - RECEITA PATRIMONIAL | 2 - VALORES MOBILIRIOS | 1 - JUROS E CORREAES MONETRIAS | 05 - JUROS DE TOTULOS DE RENDA | 0 - JUROS DE TOTULOS DE RENDA | 1 - PRINCIPAL | 01 - FUNDOS DE INVESTIMENTOS E APLICAAES EM COTAS - RENDA FIXA | 09 - TESOURO MUNICIPAL - RECURSOS VINCULADOS | 032 - SECRETARIA MUNICIPAL DE URBANISMO E LICENCIAMENTO | 013 - FUNDO ESPECIAL OPERACO URBANA GUA BRANCA - FEAB - OUTORGA | 11 - INTEGRAL | 01 - TOTAL | 000 - TOTAL | 108000000.00 | .00;2026;5;PREFEITURA DO MUNICÖPIO DE SÇO PAULO;1 - RECEITAS CORRENTES;3 - RECEITA PATRIMONIAL;2 - VALORES MOBILIµRIOS;1 - JUROS E CORREåES MONETµRIAS;05 - JUROS DE TÖTULOS DE RENDA;0 - JUROS DE TÖTULOS DE RENDA;1 - Principal;01 - FUNDOS DE INVESTIMENTOS E APLICAåES EM COTAS - RENDA FIXA;09 - TESOURO MUNICIPAL - RECURSOS VINCULADOS;032 - SECRETARIA MUNICIPAL DE URBANISMO E LICENCIAMENTO;013 - FUNDO ESPECIAL OPERAÇO URBANA µGUA BRANCA - FEAB - OUTORGA;11 - Integral;01 - Total;000 - Total;108000000.00;.00
2026;2026 | 5 | PREFEITURA DO MUNICOPIO DE SCO PAULO | 1 - RECEITAS CORRENTES | 3 - RECEITA PATRIMONIAL | 2 - VALORES MOBILIRIOS | 1 - JUROS E CORREAES MONETRIAS | 05 - JUROS DE TOTULOS DE RENDA | 0 - JUROS DE TOTULOS DE RENDA | 1 - PRINCIPAL | 01 - FUNDOS DE INVESTIMENTOS E APLICAAES EM COTAS - RENDA FIXA | 09 - TESOURO MUNICIPAL - RECURSOS VINCULADOS | 032 - SECRETARIA MUNICIPAL DE URBANISMO E LICENCIAMENTO | 014 - FUNDO ESPECIAL OPERACO URBANA GUA BRANCA - FEAB - OUTORGA - HIS | 11 - INTEGRAL | 01 - TOTAL | 000 - TOTAL | 36000.00 | .00;2026;5;PREFEITURA DO MUNICÖPIO DE SÇO PAULO;1 - RECEITAS CORRENTES;3 - RECEITA PATRIMONIAL;2 - VALORES MOBILIµRIOS;1 - JUROS E CORREåES MONETµRIAS;05 - JUROS DE TÖTULOS DE RENDA;0 - JUROS DE TÖTULOS DE RENDA;1 - Principal;01 - FUNDOS DE INVESTIMENTOS E APLICAåES EM COTAS - RENDA FIXA;09 - TESOURO MUNICIPAL - RECURSOS VINCULADOS;032 - SECRETARIA MUNICIPAL DE URBANISMO E LICENCIAMENTO;014 - FUNDO ESPECIAL OPERAÇO URBANA µGUA BRANCA - FEAB - OUTORGA - HIS;11 - Integral;01 - Total;000 - Total;36000.00;.00
2026;2026 | 5 | PREFEITURA DO MUNICOPIO DE SCO PAULO | 1 - RECEITAS CORRENTES | 3 - RECEITA PATRIMONIAL | 3 - DELEGACO DE SERVIOS PEBLICOS MEDIANTE CONCESSCO PERMISSCO AUTORIZACO OU LICENA | 9 - DEMAIS DELEGAAES DE SERVIOS PEBLICOS | 99 - OUTRAS DELEGAAES DE SERVIOS PEBLICOS | 0 - OUTRAS DELEGAAES DE SERVIOS PEBLICOS | 1 - PRINCIPAL | 01 - OUTORGAS PROVENIENTES DE CONCESSAES - FMD | 00 - OUTORGAS PROVENIENTES DE CONCESSAES - FMD | 000 - OUTORGAS PROVENIENTES DE CONCESSAES - FMD | 000 - OUTORGAS PROVENIENTES DE CONCESSAES - FMD | 11 - INTEGRAL | 01 - TOTAL | 000 - TOTAL | 101583060.00 | 9943461.95;2026;5;PREFEITURA DO MUNICÖPIO DE SÇO PAULO;1 - RECEITAS CORRENTES;3 - RECEITA PATRIMONIAL;3 - DELEGAÇO DE SERVIOS PéBLICOS MEDIANTE CONCESSÇO PERMISSÇO AUTORIZAÇO OU LICENA;9 - DEMAIS DELEGAåES DE SERVIOS PéBLICOS;99 - OUTRAS DELEGAåES DE SERVIOS PéBLICOS;0 - OUTRAS DELEGAåES DE SERVIOS PéBLICOS;1 - Principal;01 - OUTORGAS PROVENIENTES DE CONCESSåES - FMD;00 - OUTORGAS PROVENIENTES DE CONCESSåES - FMD;000 - OUTORGAS PROVENIENTES DE CONCESSåES - FMD;000 - OUTORGAS PROVENIENTES DE CONCESSåES - FMD;11 - Integral;01 - Total;000 - Total;101583060.00;9943461.95
2026;2026 | 5 | PREFEITURA DO MUNICOPIO DE SCO PAULO | 1 - RECEITAS CORRENTES | 9 - OUTRAS RECEITAS CORRENTES | 4 - MULTAS E JUROS DE MORA DAS RECEITAS DE CAPITAL | 9 - MULTAS E JUROS DE MORA DE OUTRAS RECEITAS DE CAPITAL | 99 - MULTAS E JUROS DE OUTRAS RECEITAS DE CAPITAL | 0 - MULTAS E JUROS DE OUTRAS RECEITAS DE CAPITAL | 2 - MULTA | 76 - OUTORGA ONEROSA - PLANO DIRETOR - DIREITO DE CONSTRUIR - FUNDURB - MULTAS E JUROS | 00 - OUTORGA ONEROSA - PLANO DIRETOR - DIREITO DE CONSTRUIR - FUNDURB - MULTAS E JUROS | 000 - OUTORGA ONEROSA - PLANO DIRETOR - DIREITO DE CONSTRUIR - FUNDURB - MULTAS E JUROS | 000 - OUTORGA ONEROSA - PLANO DIRETOR - DIREITO DE CONSTRUIR - FUNDURB - MULTAS E JUROS | 11 - INTEGRAL | 01 - TOTAL | 000 - TOTAL | .00 | 110.60;2026;5;PREFEITURA DO MUNICÖPIO DE SÇO PAULO;1 - RECEITAS CORRENTES;9 - OUTRAS RECEITAS CORRENTES;4 - MULTAS E JUROS DE MORA DAS RECEITAS DE CAPITAL;9 - MULTAS E JUROS DE MORA DE OUTRAS RECEITAS DE CAPITAL;99 - MULTAS E JUROS DE OUTRAS RECEITAS DE CAPITAL;0 - MULTAS E JUROS DE OUTRAS RECEITAS DE CAPITAL;2 - Multa;76 - OUTORGA ONEROSA - PLANO DIRETOR - DIREITO DE CONSTRUIR - FUNDURB - MULTAS E JUROS;00 - OUTORGA ONEROSA - PLANO DIRETOR - DIREITO DE CONSTRUIR - FUNDURB - MULTAS E JUROS;000 - OUTORGA ONEROSA - PLANO DIRETOR - DIREITO DE CONSTRUIR - FUNDURB - MULTAS E JUROS;000 - OUTORGA ONEROSA - PLANO DIRETOR - DIREITO DE CONSTRUIR - FUNDURB - MULTAS E JUROS;11 - Integral;01 - Total;000 - Total;.00;110.60
2026;2026 | 5 | PREFEITURA DO MUNICOPIO DE SCO PAULO | 2 - RECEITAS DE CAPITAL | 9 - OUTRAS RECEITAS DE CAPITAL | 9 - DEMAIS RECEITAS DE CAPITAL | 9 - DEMAIS RECEITAS DE CAPITAL | 99 - OUTRAS RECEITAS DE CAPITAL | 0 - OUTRAS RECEITAS DE CAPITAL | 1 - PRINCIPAL | 01 - DEMAIS RECEITAS DE CAPITAL - PRINCIPAL | 09 - OUTORGA ONEROSA COTA SOLIDARIEDADE - FUNDURB | 000 - OUTORGA ONEROSA COTA SOLIDARIEDADE - FUNDURB | 000 - OUTORGA ONEROSA COTA SOLIDARIEDADE - FUNDURB | 11 - INTEGRAL | 01 - TOTAL | 000 - TOTAL | 46273812.00 | 31903175.95;2026;5;PREFEITURA DO MUNICÖPIO DE SÇO PAULO;2 - RECEITAS DE CAPITAL;9 - OUTRAS RECEITAS DE CAPITAL;9 - DEMAIS RECEITAS DE CAPITAL;9 - DEMAIS RECEITAS DE CAPITAL;99 - OUTRAS RECEITAS DE CAPITAL;0 - OUTRAS RECEITAS DE CAPITAL;1 - Principal;01 - DEMAIS RECEITAS DE CAPITAL - PRINCIPAL;09 - OUTORGA ONEROSA COTA SOLIDARIEDADE - FUNDURB;000 - OUTORGA ONEROSA COTA SOLIDARIEDADE - FUNDURB;000 - OUTORGA ONEROSA COTA SOLIDARIEDADE - FUNDURB;11 - Integral;01 - Total;000 - Total;46273812.00;31903175.95
2026;2026 | 5 | PREFEITURA DO MUNICOPIO DE SCO PAULO | 2 - RECEITAS DE CAPITAL | 9 - OUTRAS RECEITAS DE CAPITAL | 9 - DEMAIS RECEITAS DE CAPITAL | 9 - DEMAIS RECEITAS DE CAPITAL | 99 - OUTRAS RECEITAS DE CAPITAL | 0 - OUTRAS RECEITAS DE CAPITAL | 1 - PRINCIPAL | 01 - DEMAIS RECEITAS DE CAPITAL - PRINCIPAL | 11 - OUTORGA ONEROSA - PLANO DIRETOR - DIREITO DE CONSTRUIR - FUNDURB | 000 - OUTORGA ONEROSA - PLANO DIRETOR - DIREITO DE CONSTRUIR - FUNDURB | 000 - OUTORGA ONEROSA - PLANO DIRETOR - DIREITO DE CONSTRUIR - FUNDURB | 11 - INTEGRAL | 01 - TOTAL | 000 - TOTAL | 2009605119.00 | 183276744.56;2026;5;PREFEITURA DO MUNICÖPIO DE SÇO PAULO;2 - RECEITAS DE CAPITAL;9 - OUTRAS RECEITAS DE CAPITAL;9 - DEMAIS RECEITAS DE CAPITAL;9 - DEMAIS RECEITAS DE CAPITAL;99 - OUTRAS RECEITAS DE CAPITAL;0 - OUTRAS RECEITAS DE CAPITAL;1 - Principal;01 - DEMAIS RECEITAS DE CAPITAL - PRINCIPAL;11 - OUTORGA ONEROSA - PLANO DIRETOR - DIREITO DE CONSTRUIR - FUNDURB;000 - OUTORGA ONEROSA - PLANO DIRETOR - DIREITO DE CONSTRUIR - FUNDURB;000 - OUTORGA ONEROSA - PLANO DIRETOR - DIREITO DE CONSTRUIR - FUNDURB;11 - Integral;01 - Total;000 - Total;2009605119.00;183276744.56
2026;2026 | 5 | PREFEITURA DO MUNICOPIO DE SCO PAULO | 2 - RECEITAS DE CAPITAL | 9 - OUTRAS RECEITAS DE CAPITAL | 9 - DEMAIS RECEITAS DE CAPITAL | 9 - DEMAIS RECEITAS DE CAPITAL | 99 - OUTRAS RECEITAS DE CAPITAL | 0 - OUTRAS RECEITAS DE CAPITAL | 1 - PRINCIPAL | 01 - DEMAIS RECEITAS DE CAPITAL - PRINCIPAL | 11 - OUTORGA ONEROSA - PLANO DIRETOR - DIREITO DE CONSTRUIR - FUNDURB | 000 - OUTORGA ONEROSA - PLANO DIRETOR - DIREITO DE CONSTRUIR - FUNDURB | 000 - OUTORGA ONEROSA - PLANO DIRETOR - DIREITO DE CONSTRUIR - FUNDURB | 11 - INTEGRAL | 09 - DEDUTORA | 001 - DEDUAES OUTORGA ONEROSA - PLANO DIRETOR - DIREITO DE CONSTRUIR - FUNDURB | .00 | -36086.98;2026;5;PREFEITURA DO MUNICÖPIO DE SÇO PAULO;2 - RECEITAS DE CAPITAL;9 - OUTRAS RECEITAS DE CAPITAL;9 - DEMAIS RECEITAS DE CAPITAL;9 - DEMAIS RECEITAS DE CAPITAL;99 - OUTRAS RECEITAS DE CAPITAL;0 - OUTRAS RECEITAS DE CAPITAL;1 - Principal;01 - DEMAIS RECEITAS DE CAPITAL - PRINCIPAL;11 - OUTORGA ONEROSA - PLANO DIRETOR - DIREITO DE CONSTRUIR - FUNDURB;000 - OUTORGA ONEROSA - PLANO DIRETOR - DIREITO DE CONSTRUIR - FUNDURB;000 - OUTORGA ONEROSA - PLANO DIRETOR - DIREITO DE CONSTRUIR - FUNDURB;11 - Integral;09 - Dedutora;001 - Deduäes Outorga Onerosa - Plano Diretor - Direito de Construir - FUNDURB;.00;-36086.98
2026;2026 | 5 | PREFEITURA DO MUNICOPIO DE SCO PAULO | 2 - RECEITAS DE CAPITAL | 9 - OUTRAS RECEITAS DE CAPITAL | 9 - DEMAIS RECEITAS DE CAPITAL | 9 - DEMAIS RECEITAS DE CAPITAL | 99 - OUTRAS RECEITAS DE CAPITAL | 0 - OUTRAS RECEITAS DE CAPITAL | 1 - PRINCIPAL | 01 - DEMAIS RECEITAS DE CAPITAL - PRINCIPAL | 64 - OUTORGA ONEROSA AIU SETOR CENTRAL - FUNDURB | 000 - OUTORGA ONEROSA AIU SETOR CENTRAL - FUNDURB | 000 - OUTORGA ONEROSA AIU SETOR CENTRAL - FUNDURB | 11 - INTEGRAL | 01 - TOTAL | 000 - TOTAL | 5000000.00 | 720235.79;2026;5;PREFEITURA DO MUNICÖPIO DE SÇO PAULO;2 - RECEITAS DE CAPITAL;9 - OUTRAS RECEITAS DE CAPITAL;9 - DEMAIS RECEITAS DE CAPITAL;9 - DEMAIS RECEITAS DE CAPITAL;99 - OUTRAS RECEITAS DE CAPITAL;0 - OUTRAS RECEITAS DE CAPITAL;1 - Principal;01 - DEMAIS RECEITAS DE CAPITAL - PRINCIPAL;64 - OUTORGA ONEROSA AIU SETOR CENTRAL - FUNDURB;000 - OUTORGA ONEROSA AIU SETOR CENTRAL - FUNDURB;000 - OUTORGA ONEROSA AIU SETOR CENTRAL - FUNDURB;11 - Integral;01 - Total;000 - Total;5000000.00;720235.79
2026;2026 | 5 | PREFEITURA DO MUNICOPIO DE SCO PAULO | 7 - RECEITAS CORRENTES INTRAORAMENTRIAS | 3 - RECEITA PATRIMONIAL INTRAORAMENTRIA | 1 - EXPLORACO DO PATRIMANIO IMOBILIRIO DO ESTADO | 1 - EXPLORACO DO PATRIMANIO IMOBILIRIO DO ESTADO | 02 - CONCESSCO PERMISSCO AUTORIZACO OU CESSCO DO DIREITO DE USO DE BENS IMAVEIS PEBLICOS | 1 - CONCESSCO PERMISSCO AUTORIZACO OU CESSCO DO DIREITO DE USO DE BENS IMAVEIS PEBLICOS - GERAL | 1 - PRINCIPAL | 01 - OUTORGA DE POSSE DIRETA - PMSP | 00 - OUTORGA DE POSSE DIRETA - PMSP | 000 - OUTORGA DE POSSE DIRETA - PMSP | 000 - OUTORGA DE POSSE DIRETA - PMSP | 11 - INTEGRAL | 01 - TOTAL | 000 - TOTAL | .00 | .00;2026;5;PREFEITURA DO MUNICÖPIO DE SÇO PAULO;7 - RECEITAS CORRENTES INTRAORAMENTµRIAS;3 - RECEITA PATRIMONIAL INTRAORAMENTµRIA;1 - EXPLORAÇO DO PATRIMâNIO IMOBILIµRIO DO ESTADO;1 - EXPLORAÇO DO PATRIMâNIO IMOBILIµRIO DO ESTADO;02 - CONCESSÇO PERMISSÇO AUTORIZAÇO OU CESSÇO DO DIREITO DE USO DE BENS IMàVEIS PéBLICOS;1 - CONCESSÇO PERMISSÇO AUTORIZAÇO OU CESSÇO DO DIREITO DE USO DE BENS IMàVEIS PéBLICOS - GERAL;1 - Principal;01 - OUTORGA DE POSSE DIRETA - PMSP;00 - OUTORGA DE POSSE DIRETA - PMSP;000 - OUTORGA DE POSSE DIRETA - PMSP;000 - OUTORGA DE POSSE DIRETA - PMSP;11 - Integral;01 - Total;000 - Total;.00;.00
2026;2026 | 6 | AGONCIA REG. DE SERV. PEBLICOS DE SCO PAULO | 1 - RECEITAS CORRENTES | 9 - OUTRAS RECEITAS CORRENTES | 1 - MULTAS ADMINISTRATIVAS CONTRATUAIS E JUDICIAIS | 1 - MULTAS ADMINISTRATIVAS CONTRATUAIS E JUDICIAIS | 01 - MULTAS PREVISTAS EM LEGISLACO ESPECOFICA | 0 - MULTAS PREVISTAS EM LEGISLACO ESPECOFICA | 1 - PRINCIPAL | 02 - DEMAIS MULTAS PREVISTAS EM LEGISLACO ESPECOFICA | 16 - MULTAS DE POSTURAS MUNICIPAIS - SP REGULA | 000 - MULTAS DE POSTURAS MUNICIPAIS - SP REGULA | 000 - MULTAS DE POSTURAS MUNICIPAIS - SP REGULA | 11 - INTEGRAL | 01 - TOTAL | 000 - TOTAL | 4050779.00 | .00;2026;6;AGÒNCIA REG. DE SERV. PéBLICOS DE SÇO PAULO;1 - RECEITAS CORRENTES;9 - OUTRAS RECEITAS CORRENTES;1 - MULTAS ADMINISTRATIVAS CONTRATUAIS E JUDICIAIS;1 - MULTAS ADMINISTRATIVAS CONTRATUAIS E JUDICIAIS;01 - MULTAS PREVISTAS EM LEGISLAÇO ESPECÖFICA;0 - MULTAS PREVISTAS EM LEGISLAÇO ESPECÖFICA;1 - Principal;02 - DEMAIS MULTAS PREVISTAS EM LEGISLAÇO ESPECÖFICA;16 - MULTAS DE POSTURAS MUNICIPAIS - SP REGULA;000 - MULTAS DE POSTURAS MUNICIPAIS - SP REGULA;000 - MULTAS DE POSTURAS MUNICIPAIS - SP REGULA;11 - Integral;01 - Total;000 - Total;4050779.00;.00
2026;2026 | 6 | FUNDO MUNICIPAL DE HABITAO - COHAB | 1 - RECEITAS CORRENTES | 3 - RECEITA PATRIMONIAL | 2 - VALORES MOBILIRIOS | 1 - JUROS E CORREAES MONETRIAS | 05 - JUROS DE TOTULOS DE RENDA | 0 - JUROS DE TOTULOS DE RENDA | 1 - PRINCIPAL | 01 - FUNDOS DE INVESTIMENTOS E APLICAAES EM COTAS - RENDA FIXA | 09 - TESOURO MUNICIPAL - RECURSOS VINCULADOS | 023 - FUNDO MUNICIPAL DE HABITACO - COHAB | 001 - OUTORGA ONEROSA LEI 13.558/2003 ALTERADA PELA LEI 13.876/2004 | 11 - INTEGRAL | 01 - TOTAL | 000 - TOTAL | 1200.00 | .00;2026;6;Fundo Municipal de HabitaÆo - COHAB;1 - RECEITAS CORRENTES;3 - RECEITA PATRIMONIAL;2 - VALORES MOBILIµRIOS;1 - JUROS E CORREåES MONETµRIAS;05 - JUROS DE TÖTULOS DE RENDA;0 - JUROS DE TÖTULOS DE RENDA;1 - Principal;01 - FUNDOS DE INVESTIMENTOS E APLICAåES EM COTAS - RENDA FIXA;09 - TESOURO MUNICIPAL - RECURSOS VINCULADOS;023 - FUNDO MUNICIPAL DE HABITAÇO - COHAB;001 - OUTORGA ONEROSA LEI 13.558/2003 ALTERADA PELA LEI 13.876/2004;11 - Integral;01 - Total;000 - Total;1200.00;.00
2026;2026 | 6 | FUNDO MUNICIPAL DE HABITAO - COHAB | 2 - RECEITAS DE CAPITAL | 9 - OUTRAS RECEITAS DE CAPITAL | 9 - DEMAIS RECEITAS DE CAPITAL | 9 - DEMAIS RECEITAS DE CAPITAL | 99 - OUTRAS RECEITAS DE CAPITAL | 0 - OUTRAS RECEITAS DE CAPITAL | 1 - PRINCIPAL | 01 - DEMAIS RECEITAS DE CAPITAL - PRINCIPAL | 12 - OUTORGA ONEROSA - LEI DE ANISTIA | 000 - OUTORGA ONEROSA - LEI DE ANISTIA | 000 - OUTORGA ONEROSA - LEI DE ANISTIA | 11 - INTEGRAL | 01 - TOTAL | 000 - TOTAL | 1000.00 | .00;2026;6;Fundo Municipal de HabitaÆo - COHAB;2 - RECEITAS DE CAPITAL;9 - OUTRAS RECEITAS DE CAPITAL;9 - DEMAIS RECEITAS DE CAPITAL;9 - DEMAIS RECEITAS DE CAPITAL;99 - OUTRAS RECEITAS DE CAPITAL;0 - OUTRAS RECEITAS DE CAPITAL;1 - Principal;01 - DEMAIS RECEITAS DE CAPITAL - PRINCIPAL;12 - OUTORGA ONEROSA - LEI DE ANISTIA;000 - OUTORGA ONEROSA - LEI DE ANISTIA;000 - OUTORGA ONEROSA - LEI DE ANISTIA;11 - Integral;01 - Total;000 - Total;1000.00;.00
2026;2026 | 6 | PREFEITURA DO MUNICOPIO DE SCO PAULO | 1 - RECEITAS CORRENTES | 3 - RECEITA PATRIMONIAL | 2 - VALORES MOBILIRIOS | 1 - JUROS E CORREAES MONETRIAS | 05 - JUROS DE TOTULOS DE RENDA | 0 - JUROS DE TOTULOS DE RENDA | 1 - PRINCIPAL | 01 - FUNDOS DE INVESTIMENTOS E APLICAAES EM COTAS - RENDA FIXA | 09 - TESOURO MUNICIPAL - RECURSOS VINCULADOS | 032 - SECRETARIA MUNICIPAL DE URBANISMO E LICENCIAMENTO | 009 - OPERACO URBANA FARIA LIMA - OUTORGA HIS | 11 - INTEGRAL | 01 - TOTAL | 000 - TOTAL | 5520000.00 | .00;2026;6;PREFEITURA DO MUNICÖPIO DE SÇO PAULO;1 - RECEITAS CORRENTES;3 - RECEITA PATRIMONIAL;2 - VALORES MOBILIµRIOS;1 - JUROS E CORREåES MONETµRIAS;05 - JUROS DE TÖTULOS DE RENDA;0 - JUROS DE TÖTULOS DE RENDA;1 - Principal;01 - FUNDOS DE INVESTIMENTOS E APLICAåES EM COTAS - RENDA FIXA;09 - TESOURO MUNICIPAL - RECURSOS VINCULADOS;032 - SECRETARIA MUNICIPAL DE URBANISMO E LICENCIAMENTO;009 - OPERAÇO URBANA FARIA LIMA - OUTORGA HIS;11 - Integral;01 - Total;000 - Total;5520000.00;.00
2026;2026 | 6 | PREFEITURA DO MUNICOPIO DE SCO PAULO | 1 - RECEITAS CORRENTES | 3 - RECEITA PATRIMONIAL | 2 - VALORES MOBILIRIOS | 1 - JUROS E CORREAES MONETRIAS | 05 - JUROS DE TOTULOS DE RENDA | 0 - JUROS DE TOTULOS DE RENDA | 1 - PRINCIPAL | 01 - FUNDOS DE INVESTIMENTOS E APLICAAES EM COTAS - RENDA FIXA | 09 - TESOURO MUNICIPAL - RECURSOS VINCULADOS | 032 - SECRETARIA MUNICIPAL DE URBANISMO E LICENCIAMENTO | 011 - OPERACO URBANA FARIA LIMA - OUTORGA | 11 - INTEGRAL | 01 - TOTAL | 000 - TOTAL | 10800000.00 | .00;2026;6;PREFEITURA DO MUNICÖPIO DE SÇO PAULO;1 - RECEITAS CORRENTES;3 - RECEITA PATRIMONIAL;2 - VALORES MOBILIµRIOS;1 - JUROS E CORREåES MONETµRIAS;05 - JUROS DE TÖTULOS DE RENDA;0 - JUROS DE TÖTULOS DE RENDA;1 - Principal;01 - FUNDOS DE INVESTIMENTOS E APLICAåES EM COTAS - RENDA FIXA;09 - TESOURO MUNICIPAL - RECURSOS VINCULADOS;032 - SECRETARIA MUNICIPAL DE URBANISMO E LICENCIAMENTO;011 - OPERAÇO URBANA FARIA LIMA - OUTORGA;11 - Integral;01 - Total;000 - Total;10800000.00;.00
2026;2026 | 6 | PREFEITURA DO MUNICOPIO DE SCO PAULO | 1 - RECEITAS CORRENTES | 3 - RECEITA PATRIMONIAL | 2 - VALORES MOBILIRIOS | 1 - JUROS E CORREAES MONETRIAS | 05 - JUROS DE TOTULOS DE RENDA | 0 - JUROS DE TOTULOS DE RENDA | 1 - PRINCIPAL | 01 - FUNDOS DE INVESTIMENTOS E APLICAAES EM COTAS - RENDA FIXA | 09 - TESOURO MUNICIPAL - RECURSOS VINCULADOS | 032 - SECRETARIA MUNICIPAL DE URBANISMO E LICENCIAMENTO | 013 - FUNDO ESPECIAL OPERACO URBANA GUA BRANCA - FEAB - OUTORGA | 11 - INTEGRAL | 01 - TOTAL | 000 - TOTAL | 108000000.00 | .00;2026;6;PREFEITURA DO MUNICÖPIO DE SÇO PAULO;1 - RECEITAS CORRENTES;3 - RECEITA PATRIMONIAL;2 - VALORES MOBILIµRIOS;1 - JUROS E CORREåES MONETµRIAS;05 - JUROS DE TÖTULOS DE RENDA;0 - JUROS DE TÖTULOS DE RENDA;1 - Principal;01 - FUNDOS DE INVESTIMENTOS E APLICAåES EM COTAS - RENDA FIXA;09 - TESOURO MUNICIPAL - RECURSOS VINCULADOS;032 - SECRETARIA MUNICIPAL DE URBANISMO E LICENCIAMENTO;013 - FUNDO ESPECIAL OPERAÇO URBANA µGUA BRANCA - FEAB - OUTORGA;11 - Integral;01 - Total;000 - Total;108000000.00;.00
2026;2026 | 6 | PREFEITURA DO MUNICOPIO DE SCO PAULO | 1 - RECEITAS CORRENTES | 3 - RECEITA PATRIMONIAL | 2 - VALORES MOBILIRIOS | 1 - JUROS E CORREAES MONETRIAS | 05 - JUROS DE TOTULOS DE RENDA | 0 - JUROS DE TOTULOS DE RENDA | 1 - PRINCIPAL | 01 - FUNDOS DE INVESTIMENTOS E APLICAAES EM COTAS - RENDA FIXA | 09 - TESOURO MUNICIPAL - RECURSOS VINCULADOS | 032 - SECRETARIA MUNICIPAL DE URBANISMO E LICENCIAMENTO | 014 - FUNDO ESPECIAL OPERACO URBANA GUA BRANCA - FEAB - OUTORGA - HIS | 11 - INTEGRAL | 01 - TOTAL | 000 - TOTAL | 36000.00 | .00;2026;6;PREFEITURA DO MUNICÖPIO DE SÇO PAULO;1 - RECEITAS CORRENTES;3 - RECEITA PATRIMONIAL;2 - VALORES MOBILIµRIOS;1 - JUROS E CORREåES MONETµRIAS;05 - JUROS DE TÖTULOS DE RENDA;0 - JUROS DE TÖTULOS DE RENDA;1 - Principal;01 - FUNDOS DE INVESTIMENTOS E APLICAåES EM COTAS - RENDA FIXA;09 - TESOURO MUNICIPAL - RECURSOS VINCULADOS;032 - SECRETARIA MUNICIPAL DE URBANISMO E LICENCIAMENTO;014 - FUNDO ESPECIAL OPERAÇO URBANA µGUA BRANCA - FEAB - OUTORGA - HIS;11 - Integral;01 - Total;000 - Total;36000.00;.00
2026;2026 | 6 | PREFEITURA DO MUNICOPIO DE SCO PAULO | 1 - RECEITAS CORRENTES | 3 - RECEITA PATRIMONIAL | 3 - DELEGACO DE SERVIOS PEBLICOS MEDIANTE CONCESSCO PERMISSCO AUTORIZACO OU LICENA | 9 - DEMAIS DELEGAAES DE SERVIOS PEBLICOS | 99 - OUTRAS DELEGAAES DE SERVIOS PEBLICOS | 0 - OUTRAS DELEGAAES DE SERVIOS PEBLICOS | 1 - PRINCIPAL | 01 - OUTORGAS PROVENIENTES DE CONCESSAES - FMD | 00 - OUTORGAS PROVENIENTES DE CONCESSAES - FMD | 000 - OUTORGAS PROVENIENTES DE CONCESSAES - FMD | 000 - OUTORGAS PROVENIENTES DE CONCESSAES - FMD | 11 - INTEGRAL | 01 - TOTAL | 000 - TOTAL | 101583060.00 | .00;2026;6;PREFEITURA DO MUNICÖPIO DE SÇO PAULO;1 - RECEITAS CORRENTES;3 - RECEITA PATRIMONIAL;3 - DELEGAÇO DE SERVIOS PéBLICOS MEDIANTE CONCESSÇO PERMISSÇO AUTORIZAÇO OU LICENA;9 - DEMAIS DELEGAåES DE SERVIOS PéBLICOS;99 - OUTRAS DELEGAåES DE SERVIOS PéBLICOS;0 - OUTRAS DELEGAåES DE SERVIOS PéBLICOS;1 - Principal;01 - OUTORGAS PROVENIENTES DE CONCESSåES - FMD;00 - OUTORGAS PROVENIENTES DE CONCESSåES - FMD;000 - OUTORGAS PROVENIENTES DE CONCESSåES - FMD;000 - OUTORGAS PROVENIENTES DE CONCESSåES - FMD;11 - Integral;01 - Total;000 - Total;101583060.00;.00
2026;2026 | 6 | PREFEITURA DO MUNICOPIO DE SCO PAULO | 2 - RECEITAS DE CAPITAL | 9 - OUTRAS RECEITAS DE CAPITAL | 9 - DEMAIS RECEITAS DE CAPITAL | 9 - DEMAIS RECEITAS DE CAPITAL | 99 - OUTRAS RECEITAS DE CAPITAL | 0 - OUTRAS RECEITAS DE CAPITAL | 1 - PRINCIPAL | 01 - DEMAIS RECEITAS DE CAPITAL - PRINCIPAL | 09 - OUTORGA ONEROSA COTA SOLIDARIEDADE - FUNDURB | 000 - OUTORGA ONEROSA COTA SOLIDARIEDADE - FUNDURB | 000 - OUTORGA ONEROSA COTA SOLIDARIEDADE - FUNDURB | 11 - INTEGRAL | 01 - TOTAL | 000 - TOTAL | 46273812.00 | 1869009.62;2026;6;PREFEITURA DO MUNICÖPIO DE SÇO PAULO;2 - RECEITAS DE CAPITAL;9 - OUTRAS RECEITAS DE CAPITAL;9 - DEMAIS RECEITAS DE CAPITAL;9 - DEMAIS RECEITAS DE CAPITAL;99 - OUTRAS RECEITAS DE CAPITAL;0 - OUTRAS RECEITAS DE CAPITAL;1 - Principal;01 - DEMAIS RECEITAS DE CAPITAL - PRINCIPAL;09 - OUTORGA ONEROSA COTA SOLIDARIEDADE - FUNDURB;000 - OUTORGA ONEROSA COTA SOLIDARIEDADE - FUNDURB;000 - OUTORGA ONEROSA COTA SOLIDARIEDADE - FUNDURB;11 - Integral;01 - Total;000 - Total;46273812.00;1869009.62
2026;2026 | 6 | PREFEITURA DO MUNICOPIO DE SCO PAULO | 2 - RECEITAS DE CAPITAL | 9 - OUTRAS RECEITAS DE CAPITAL | 9 - DEMAIS RECEITAS DE CAPITAL | 9 - DEMAIS RECEITAS DE CAPITAL | 99 - OUTRAS RECEITAS DE CAPITAL | 0 - OUTRAS RECEITAS DE CAPITAL | 1 - PRINCIPAL | 01 - DEMAIS RECEITAS DE CAPITAL - PRINCIPAL | 11 - OUTORGA ONEROSA - PLANO DIRETOR - DIREITO DE CONSTRUIR - FUNDURB | 000 - OUTORGA ONEROSA - PLANO DIRETOR - DIREITO DE CONSTRUIR - FUNDURB | 000 - OUTORGA ONEROSA - PLANO DIRETOR - DIREITO DE CONSTRUIR - FUNDURB | 11 - INTEGRAL | 01 - TOTAL | 000 - TOTAL | 2009605119.00 | 6276577.79;2026;6;PREFEITURA DO MUNICÖPIO DE SÇO PAULO;2 - RECEITAS DE CAPITAL;9 - OUTRAS RECEITAS DE CAPITAL;9 - DEMAIS RECEITAS DE CAPITAL;9 - DEMAIS RECEITAS DE CAPITAL;99 - OUTRAS RECEITAS DE CAPITAL;0 - OUTRAS RECEITAS DE CAPITAL;1 - Principal;01 - DEMAIS RECEITAS DE CAPITAL - PRINCIPAL;11 - OUTORGA ONEROSA - PLANO DIRETOR - DIREITO DE CONSTRUIR - FUNDURB;000 - OUTORGA ONEROSA - PLANO DIRETOR - DIREITO DE CONSTRUIR - FUNDURB;000 - OUTORGA ONEROSA - PLANO DIRETOR - DIREITO DE CONSTRUIR - FUNDURB;11 - Integral;01 - Total;000 - Total;2009605119.00;6276577.79
2026;2026 | 6 | PREFEITURA DO MUNICOPIO DE SCO PAULO | 2 - RECEITAS DE CAPITAL | 9 - OUTRAS RECEITAS DE CAPITAL | 9 - DEMAIS RECEITAS DE CAPITAL | 9 - DEMAIS RECEITAS DE CAPITAL | 99 - OUTRAS RECEITAS DE CAPITAL | 0 - OUTRAS RECEITAS DE CAPITAL | 1 - PRINCIPAL | 01 - DEMAIS RECEITAS DE CAPITAL - PRINCIPAL | 64 - OUTORGA ONEROSA AIU SETOR CENTRAL - FUNDURB | 000 - OUTORGA ONEROSA AIU SETOR CENTRAL - FUNDURB | 000 - OUTORGA ONEROSA AIU SETOR CENTRAL - FUNDURB | 11 - INTEGRAL | 01 - TOTAL | 000 - TOTAL | 5000000.00 | .00;2026;6;PREFEITURA DO MUNICÖPIO DE SÇO PAULO;2 - RECEITAS DE CAPITAL;9 - OUTRAS RECEITAS DE CAPITAL;9 - DEMAIS RECEITAS DE CAPITAL;9 - DEMAIS RECEITAS DE CAPITAL;99 - OUTRAS RECEITAS DE CAPITAL;0 - OUTRAS RECEITAS DE CAPITAL;1 - Principal;01 - DEMAIS RECEITAS DE CAPITAL - PRINCIPAL;64 - OUTORGA ONEROSA AIU SETOR CENTRAL - FUNDURB;000 - OUTORGA ONEROSA AIU SETOR CENTRAL - FUNDURB;000 - OUTORGA ONEROSA AIU SETOR CENTRAL - FUNDURB;11 - Integral;01 - Total;000 - Total;5000000.00;.00
2026;2026 | 6 | PREFEITURA DO MUNICOPIO DE SCO PAULO | 7 - RECEITAS CORRENTES INTRAORAMENTRIAS | 3 - RECEITA PATRIMONIAL INTRAORAMENTRIA | 1 - EXPLORACO DO PATRIMANIO IMOBILIRIO DO ESTADO | 1 - EXPLORACO DO PATRIMANIO IMOBILIRIO DO ESTADO | 02 - CONCESSCO PERMISSCO AUTORIZACO OU CESSCO DO DIREITO DE USO DE BENS IMAVEIS PEBLICOS | 1 - CONCESSCO PERMISSCO AUTORIZACO OU CESSCO DO DIREITO DE USO DE BENS IMAVEIS PEBLICOS - GERAL | 1 - PRINCIPAL | 01 - OUTORGA DE POSSE DIRETA - PMSP | 00 - OUTORGA DE POSSE DIRETA - PMSP | 000 - OUTORGA DE POSSE DIRETA - PMSP | 000 - OUTORGA DE POSSE DIRETA - PMSP | 11 - INTEGRAL | 01 - TOTAL | 000 - TOTAL | .00 | .00;2026;6;PREFEITURA DO MUNICÖPIO DE SÇO PAULO;7 - RECEITAS CORRENTES INTRAORAMENTµRIAS;3 - RECEITA PATRIMONIAL INTRAORAMENTµRIA;1 - EXPLORAÇO DO PATRIMâNIO IMOBILIµRIO DO ESTADO;1 - EXPLORAÇO DO PATRIMâNIO IMOBILIµRIO DO ESTADO;02 - CONCESSÇO PERMISSÇO AUTORIZAÇO OU CESSÇO DO DIREITO DE USO DE BENS IMàVEIS PéBLICOS;1 - CONCESSÇO PERMISSÇO AUTORIZAÇO OU CESSÇO DO DIREITO DE USO DE BENS IMàVEIS PéBLICOS - GERAL;1 - Principal;01 - OUTORGA DE POSSE DIRETA - PMSP;00 - OUTORGA DE POSSE DIRETA - PMSP;000 - OUTORGA DE POSSE DIRETA - PMSP;000 - OUTORGA DE POSSE DIRETA - PMSP;11 - Integral;01 - Total;000 - Total;.00;.00
